{"resourceType":"CodeSystem","id":"CareConnect-ResidentialStatus-1","text":{"status":"generated","div":"<div xmlns=\"http://www.w3.org/1999/xhtml\"><h2>Care Connect Residential Status</h2><div><p>A CodeSystem that identifies the residential status of a patient.</p>\n</div><p><b>Copyright Statement:</b> Copyright © 2016 HL7 UK</p><p>This code system https://fhir.hl7.org.uk/STU3/CodeSystem/CareConnect-ResidentialStatus-1 defines the following codes:</p><table class=\"codes\"><tr><td style=\"white-space:nowrap\"><b>Code</b></td><td><b>Display</b></td><td><b>Definition</b></td></tr><tr><td style=\"white-space:nowrap\">H<a name=\"CareConnect-ResidentialStatus-1-H\"> </a></td><td>UK Resident</td><td/></tr><tr><td style=\"white-space:nowrap\">O<a name=\"CareConnect-ResidentialStatus-1-O\"> </a></td><td>Overseas Resident</td><td/></tr></table></div>"},"url":"https://fhir.hl7.org.uk/STU3/CodeSystem/CareConnect-ResidentialStatus-1","version":"0.1.0","name":"Care Connect Residential Status","status":"draft","date":"2018-11-02T00:00:00+00:00","publisher":"HL7 UK - Example","contact":[{"telecom":[{"system":"other","value":"http://hl7.org/Special/committees/[something]"}]}],"description":"A CodeSystem that identifies the residential status of a patient.","jurisdiction":[{"coding":[{"system":"http://unstats.un.org/unsd/methods/m49/m49.htm","code":"826"}]}],"copyright":"Copyright © 2016 HL7 UK","caseSensitive":true,"content":"complete","concept":[{"code":"H","display":"UK Resident"},{"code":"O","display":"Overseas Resident"}]}