{"resourceType":"CodeSystem","id":"CareConnect-PrescribedElsewhere-1","text":{"status":"generated","div":"<div xmlns=\"http://www.w3.org/1999/xhtml\"><h2>Care Connect Prescribed Elsewhere</h2><div><p>A CodeSystem to identify the type of organisation/setting responsible for authorising and issuing medication outside of a GP system.</p>\n</div><p><b>Copyright Statement:</b> Copyright © 2016 HL7 UK</p><p>This code system https://fhir.hl7.org.uk/STU3/CodeSystem/CareConnect-PrescribedElsewhere-1 defines the following codes:</p><table class=\"codes\"><tr><td style=\"white-space:nowrap\"><b>Code</b></td><td><b>Display</b></td><td><b>Definition</b></td></tr><tr><td style=\"white-space:nowrap\">out-of-hours<a name=\"CareConnect-PrescribedElsewhere-1-out-of-hours\"> </a></td><td>Out of Hours</td><td/></tr><tr><td style=\"white-space:nowrap\">hospital<a name=\"CareConnect-PrescribedElsewhere-1-hospital\"> </a></td><td>Hospital</td><td/></tr><tr><td style=\"white-space:nowrap\">dental<a name=\"CareConnect-PrescribedElsewhere-1-dental\"> </a></td><td>Dental</td><td/></tr><tr><td style=\"white-space:nowrap\">other-organisation<a name=\"CareConnect-PrescribedElsewhere-1-other-organisation\"> </a></td><td>Other Organisation</td><td/></tr><tr><td style=\"white-space:nowrap\">hand-written<a name=\"CareConnect-PrescribedElsewhere-1-hand-written\"> </a></td><td>Hand Written</td><td/></tr><tr><td style=\"white-space:nowrap\">self-prescribed<a name=\"CareConnect-PrescribedElsewhere-1-self-prescribed\"> </a></td><td>Self Prescribed</td><td/></tr><tr><td style=\"white-space:nowrap\">private<a name=\"CareConnect-PrescribedElsewhere-1-private\"> </a></td><td>Private</td><td/></tr></table></div>"},"url":"https://fhir.hl7.org.uk/STU3/CodeSystem/CareConnect-PrescribedElsewhere-1","version":"3.0.0","name":"Care Connect Prescribed Elsewhere","status":"draft","date":"2018-05-14T00:00:00+00:00","publisher":"INTEROpen","contact":[{"telecom":[{"system":"other","value":"https://interopen.ryver.com/"}]}],"description":"A CodeSystem to identify the type of organisation/setting responsible for authorising and issuing medication outside of a GP system.","jurisdiction":[{"coding":[{"system":"http://unstats.un.org/unsd/methods/m49/m49.htm","code":"826"}]}],"copyright":"Copyright © 2016 HL7 UK","caseSensitive":true,"content":"complete","concept":[{"code":"out-of-hours","display":"Out of Hours"},{"code":"hospital","display":"Hospital"},{"code":"dental","display":"Dental"},{"code":"other-organisation","display":"Other Organisation"},{"code":"hand-written","display":"Hand Written"},{"code":"self-prescribed","display":"Self Prescribed"},{"code":"private","display":"Private"}]}