{"resourceType":"ImplementationGuide","id":"example.fhir.uv.myig","text":{"status":"generated","div":"<div xmlns=\"http://www.w3.org/1999/xhtml\"><h2>YourComputableMyIGNameHere</h2><p>The official URL for this implementation guide is: </p><pre>http://example.org/fhir/uv/myig/ImplementationGuide/example.fhir.uv.myig</pre><div><p>A brief description of what MyIG is about (probably the same text as in your readme)</p>\n</div></div>"},"url":"http://example.org/fhir/uv/myig/ImplementationGuide/example.fhir.uv.myig","name":"YourComputableMyIGNameHere","status":"draft","experimental":false,"date":"2019-11-23T21:19:30+00:00","publisher":"HL7 West Riding - Core","contact":[{"telecom":[{"system":"other","value":"http://hl7.org/Special/committees/[something]"}]}],"description":"A brief description of what MyIG is about (probably the same text as in your readme)","jurisdiction":[{"coding":[{"system":"http://unstats.un.org/unsd/methods/m49/m49.htm","code":"001"}]}],"fhirVersion":"3.0.2","package":[{"id":"_str_profile","name":"Structures: Resource Profiles","description":"These define constraints on FHIR resources that need to be complied with by conformant implementations","resource":[{"extension":[{"url":"http://hl7.org/fhir/StructureDefinition/implementationguide-page","valueUri":"CareConnect-Organization-1.html"}],"example":false,"description":"The Organization resource represents the organisation that employs the healthcare professional.","sourceReference":{"reference":"StructureDefinition/CareConnect-Organization-1"}},{"extension":[{"url":"http://hl7.org/fhir/StructureDefinition/implementationguide-page","valueUri":"CareConnect-Patient-1.html"}],"example":false,"description":"The patient resource represents the patient involved in the provision of healthcare related services.","sourceReference":{"reference":"StructureDefinition/CareConnect-Patient-1"}},{"extension":[{"url":"http://hl7.org/fhir/StructureDefinition/implementationguide-page","valueUri":"CareConnect-Observation-1.html"}],"example":false,"description":"The Observation resource is used for tracking the current and historical observations that have been made for a patient.","sourceReference":{"reference":"StructureDefinition/CareConnect-Observation-1"}}]},{"id":"_str_extension","name":"Structures: Extension Definitions","description":"These define constraints on FHIR data types that need to be complied with by conformant implementations","resource":[{"extension":[{"url":"http://hl7.org/fhir/StructureDefinition/implementationguide-page","valueUri":"extension-Extension-CareConnect-EthnicCategory-1.html"}],"example":false,"description":"This extension is constrained to represent the ethnic category for a patient.","sourceReference":{"reference":"StructureDefinition/Extension-CareConnect-EthnicCategory-1"}},{"extension":[{"url":"http://hl7.org/fhir/StructureDefinition/implementationguide-page","valueUri":"extension-Extension-CareConnect-NHSNumberVerificationStatus-1.html"}],"example":false,"description":"This extension is constrained to represent the NHS Number Verification Status.","sourceReference":{"reference":"StructureDefinition/Extension-CareConnect-NHSNumberVerificationStatus-1"}}]},{"id":"_term_valueset","name":"Terminology: Value Sets","description":"These define sets of codes used by systems conforming with this implementation guide","resource":[{"extension":[{"url":"http://hl7.org/fhir/StructureDefinition/implementationguide-page","valueUri":"valueset-CareConnect-EthnicCategory-1.html"}],"example":false,"description":"A ValueSet to identify the ethnicity of a Person, as specified by the Person. This vocabulary describes a persons ethnic category, it is an extension of the Ethnic Category Code described in the NHS Data Model and Dictionary.","sourceReference":{"reference":"ValueSet/CareConnect-EthnicCategory-1"}}]},{"id":"_other","name":"Other","description":"These are resources that are used within this implementation guide that don't fit into one of the other categories","resource":[{"extension":[{"url":"http://hl7.org/fhir/StructureDefinition/implementationguide-page","valueUri":"example.html"}],"example":false,"sourceReference":{"reference":"Patient/example"}}]}],"page":{"source":"toc.html","title":"Table of Contents","kind":"page","page":[{"source":"index.html","title":"MyIG Home Page","kind":"page"},{"source":"background.html","title":"Background","kind":"page"},{"source":"spec.html","title":"Detailed Specification","kind":"resource"},{"source":"downloads.html","title":"Useful Downloads","kind":"page"},{"source":"changes.html","title":"IG Change History","kind":"page"},{"source":"artifacts.html","title":"Artifacts Summary","kind":"page","page":[{"source":"CareConnect-Organization-1.html","kind":"resource"},{"source":"CareConnect-Patient-1.html","kind":"resource"},{"source":"CareConnect-Observation-1.html","kind":"resource"},{"source":"extension-Extension-CareConnect-EthnicCategory-1.html","kind":"resource"},{"source":"extension-Extension-CareConnect-NHSNumberVerificationStatus-1.html","kind":"resource"},{"source":"valueset-CareConnect-EthnicCategory-1.html","kind":"resource"},{"source":"example.html","kind":"resource"}]}]}}