{"resourceType":"NamingSystem","id":"icd-11-uk","name":"ICD 11","status":"draft","kind":"codesystem","date":"2020-01-02","publisher":"INTEROpen","contact":[{"telecom":[{"system":"other","value":"https://interopen.ryver.com/"}]}],"responsible":"HL7 UK","description":"International Statistical Classification of Diseases and Related Health Problems - 11th Edition","jurisdiction":[{"coding":[{"system":"http://unstats.un.org/unsd/methods/m49/m49.htm","code":"826"}]}],"usage":"UK Secondary Care - Condition","uniqueId":[{"type":"uri","value":"http://hl7.org/fhir/sid/icd-11","preferred":true}]}