{"resourceType":"NamingSystem","id":"uk-gmc-number","name":"GMC Number","status":"draft","kind":"identifier","date":"2019-12-03T00:00:00+00:00","publisher":"HL7 UK","contact":[{"telecom":[{"system":"other","value":"http://hl7.org/Special/committees/[something]"}]}],"responsible":"General Medical Council ","description":"General Medical Council Reference Number. See [NHS Data Dictionary](https://www.datadictionary.nhs.uk/data_dictionary/attributes/g/general_medical_council_reference_number_de.asp)","jurisdiction":[{"coding":[{"system":"http://unstats.un.org/unsd/methods/m49/m49.htm","code":"826"}]}],"usage":"A unique reference number, used to identify consultants","uniqueId":[{"type":"uri","value":"https://fhir.hl7.org.uk/Id/gmc-number","preferred":true}]}