{"resourceType":"NamingSystem","id":"uk-gmp-number","name":"GMP Number","status":"draft","kind":"identifier","date":"2019-12-03","publisher":"INTEROpen","contact":[{"telecom":[{"system":"other","value":"https://interopen.ryver.com/"}]}],"responsible":"NHS Prescription Services","description":"General Practitioner (GMP) number. See [NHS Data Dictionary](https://www.datadictionary.nhs.uk/data_dictionary/attributes/g/general_medical_practitioner_ppd_code_de.asp)","jurisdiction":[{"coding":[{"system":"http://unstats.un.org/unsd/methods/m49/m49.htm","code":"826"}]}],"usage":"A unqiue reference number normally used to identify GP's.","uniqueId":[{"type":"uri","value":"https://fhir.hl7.org.uk/Id/gmp-number","preferred":true},{"type":"oid","value":"2.16.840.1.113883.2.1.3.2.4.16.62","preferred":false},{"type":"other","value":"GMP","preferred":false,"comment":"XCN.9 HSCIC HL7 V2 ADT"}]}