{"resourceType":"NamingSystem","id":"uk-nhs-number","name":"NHS Number","status":"draft","kind":"identifier","date":"2015-05-01T00:00:00+01:00","publisher":"HL7 UK","contact":[{"telecom":[{"system":"other","value":"http://hl7.org/Special/committees/[something]"}]}],"responsible":"NHS Digital","description":"NHS Number allocated to the patient.","jurisdiction":[{"coding":[{"system":"http://unstats.un.org/unsd/methods/m49/m49.htm","code":"826"}]}],"usage":"A unique patient identifier for everyone registered with the NHS.","uniqueId":[{"type":"uri","value":"https://fhir.nhs.uk/Id/nhs-number","preferred":true},{"type":"oid","value":"2.16.840.1.113883.2.1.4.1","preferred":false}]}