{"resourceType":"NamingSystem","id":"uk-nhs-number","name":"NHS Number","status":"draft","kind":"identifier","date":"2015-05-01T00:00:00+01:00","publisher":"INTEROpen","contact":[{"telecom":[{"system":"other","value":"https://interopen.ryver.com/"}]}],"responsible":"NHS Digital","description":"NHS Number allocated to the patient in England and Wales    . [NHS Number](https://www.datadictionary.nhs.uk/data_dictionary/attributes/n/nhs/nhs_number_de.asp)","jurisdiction":[{"coding":[{"system":"http://unstats.un.org/unsd/methods/m49/m49.htm","code":"826"}]}],"usage":"A unique patient identifier for everyone registered with the NHS in England and Wales.","uniqueId":[{"type":"uri","value":"https://fhir.nhs.uk/Id/nhs-number","preferred":true},{"type":"oid","value":"2.16.840.1.113883.2.1.4.1","preferred":false},{"type":"other","value":"NHS","preferred":false,"comment":"PID.3 (CX.4) HSCIC HL7 V2 ADT"}]}