{"resourceType":"NamingSystem","id":"icd-10-uk","name":"ICD 10","status":"draft","kind":"codesystem","date":"2020-01-02T00:00:00+00:00","publisher":"INTEROpen","contact":[{"telecom":[{"system":"other","value":"https://interopen.ryver.com/"}]}],"responsible":"HL7 UK","description":"International Statistical Classification of Diseases and Related Health Problems - 10th Edition UK","jurisdiction":[{"coding":[{"system":"http://unstats.un.org/unsd/methods/m49/m49.htm","code":"826"}]}],"usage":"UK Secondary Care - Condition","uniqueId":[{"type":"uri","value":"http://hl7.org/fhir/sid/icd-10-uk","preferred":true}]}