{"resourceType":"NamingSystem","id":"uk-chi-number","name":"CHI Number","status":"draft","kind":"identifier","date":"2019-12-09T00:00:00+00:00","publisher":"HL7 UK","contact":[{"telecom":[{"system":"other","value":"http://hl7.org/Special/committees/[something]"}]}],"responsible":"NHS Scotland","description":"Community Health Index Number allocated to the patient in Scotland. [CHI Number](https://www.datadictionary.nhs.uk/data_dictionary/attributes/c/com/community_health_index_number_de.asp)","jurisdiction":[{"coding":[{"system":"http://unstats.un.org/unsd/methods/m49/m49.htm","code":"826"}]}],"usage":"A patient identifier for everyone registered with the NHS in Scotland.","uniqueId":[{"type":"oid","value":"2.16.840.1.113883.2.1.3.2.4.16.53","preferred":true}]}