{"resourceType":"ValueSet","id":"CareConnect-ReportCodeSnCT-1","text":{"status":"generated","div":"<div xmlns=\"http://www.w3.org/1999/xhtml\"><h2>Care Connect Report Code SnCT</h2><div><p>A code from the SNOMED Clinical Terminology UK coding system that describes a diagnotic report</p>\n</div><p><b>Copyright Statement:</b> This value set includes content from SNOMED CT, which is copyright © 2002+ International Health Terminology Standards Development Organisation (IHTSDO), and distributed by agreement between IHTSDO and HL7. Implementer use of SNOMED CT is not covered by this agreement.</p><p>This value set includes codes from the following code systems:</p><ul><li>Include codes from <a href=\"http://www.snomed.org/\"><code>http://snomed.info/sct</code></a> where constraint  =  (&lt;&lt;371525003 | Clinical procedure report (record artifact))</li></ul></div>"},"url":"https://fhir.hl7.org.uk/STU3/ValueSet/CareConnect-ReportCodeSnCT-1","version":"3.0.0","name":"Care Connect Report Code SnCT","status":"draft","date":"2019-06-14T00:00:00+00:00","publisher":"INTEROpen","contact":[{"telecom":[{"system":"other","value":"https://interopen.ryver.com/"}]}],"description":"A code from the SNOMED Clinical Terminology UK coding system that describes a diagnotic report","jurisdiction":[{"coding":[{"system":"http://unstats.un.org/unsd/methods/m49/m49.htm","code":"826"}]}],"copyright":"This value set includes content from SNOMED CT, which is copyright © 2002+ International Health Terminology Standards Development Organisation (IHTSDO), and distributed by agreement between IHTSDO and HL7. Implementer use of SNOMED CT is not covered by this agreement.","compose":{"include":[{"system":"http://snomed.info/sct","filter":[{"property":"constraint","op":"=","value":"(<<371525003 | Clinical procedure report (record artifact))"}]}]}}