{"resourceType":"ValueSet","id":"CareConnect-RegistrationType-1","text":{"status":"generated","div":"<div xmlns=\"http://www.w3.org/1999/xhtml\"><h2>Care Connect Registration Type</h2><div><p>A ValueSet that identifies the type of registration for a patient at a healthcare organisation.</p>\n</div><p><b>Copyright Statement:</b> Copyright © 2016 HL7 UK</p><p>This value set includes codes from the following code systems:</p><ul><li>Include all codes defined in <a href=\"CareConnect-RegistrationType-1.html\"><code>https://fhir.hl7.org.uk/STU3/CodeSystem/CareConnect-RegistrationType-1</code></a></li></ul></div>"},"url":"https://fhir.hl7.org.uk/STU3/ValueSet/CareConnect-RegistrationType-1","version":"3.0.0","name":"Care Connect Registration Type","status":"draft","date":"2017-08-01T01:00:00+01:00","publisher":"INTEROpen","contact":[{"telecom":[{"system":"other","value":"https://interopen.ryver.com/"}]}],"description":"A ValueSet that identifies the type of registration for a patient at a healthcare organisation.","jurisdiction":[{"coding":[{"system":"http://unstats.un.org/unsd/methods/m49/m49.htm","code":"826"}]}],"copyright":"Copyright © 2016 HL7 UK","compose":{"include":[{"system":"https://fhir.hl7.org.uk/STU3/CodeSystem/CareConnect-RegistrationType-1"}]}}