{"resourceType":"ValueSet","id":"CareConnect-ImmunizationExplanationReason-1","text":{"status":"generated","div":"<div xmlns=\"http://www.w3.org/1999/xhtml\"><h2>Care Connect Immunization Explanation Reason</h2><div><p>A code to record the reason why a vaccine was administered.</p>\n</div><p><b>Copyright Statement:</b> Copyright © 2016 HL7 UK</p><p>This value set includes codes from the following code systems:</p><ul><li>Include all codes defined in <a href=\"CareConnect-ImmunizationExplanationReason-1.html\"><code>https://fhir.hl7.org.uk/STU3/CodeSystem/CareConnect-ImmunizationExplanationReason-1</code></a></li></ul></div>"},"url":"https://fhir.hl7.org.uk/STU3/ValueSet/CareConnect-ImmunizationExplanationReason-1","version":"0.1.0","name":"Care Connect Immunization Explanation Reason","status":"draft","date":"2018-05-03T01:00:00+01:00","publisher":"HL7 UK - Example","contact":[{"telecom":[{"system":"other","value":"http://hl7.org/Special/committees/[something]"}]}],"description":"A code to record the reason why a vaccine was administered.","jurisdiction":[{"coding":[{"system":"http://unstats.un.org/unsd/methods/m49/m49.htm","code":"826"}]}],"copyright":"Copyright © 2016 HL7 UK","compose":{"include":[{"system":"https://fhir.hl7.org.uk/STU3/CodeSystem/CareConnect-ImmunizationExplanationReason-1"}]}}