{"resourceType":"ValueSet","id":"CareConnect-SpecimenType-1","text":{"status":"generated","div":"<div xmlns=\"http://www.w3.org/1999/xhtml\"><h2>Care Connect Specimen Type</h2><div><p>A code from the SNOMED Clinical Terminology UK coding system to record a specimen type.</p>\n</div><p><b>Copyright Statement:</b> This value set includes content from SNOMED CT, which is copyright © 2002+ International Health Terminology Standards Development Organisation (IHTSDO), and distributed by agreement between IHTSDO and HL7. Implementer use of SNOMED CT is not covered by this agreement.</p><p>This value set includes codes from the following code systems:</p><ul><li>Include codes from <a href=\"http://www.snomed.org/\"><code>http://snomed.info/sct</code></a> where constraint  =  (&lt;105590001 |Substance (substance)|(in which case method and site should also be populated)OR &lt;49755003 |Morphologically abnormal structure (morphologic abnormality)|OR &lt; 260787004 |Physical object (physical object))</li></ul></div>"},"url":"https://fhir.hl7.org.uk/STU3/ValueSet/CareConnect-SpecimenType-1","version":"0.1.0","name":"Care Connect Specimen Type","status":"draft","date":"2019-02-19T00:00:00+00:00","publisher":"HL7 UK - Example","contact":[{"telecom":[{"system":"other","value":"http://hl7.org/Special/committees/[something]"}]}],"description":"A code from the SNOMED Clinical Terminology UK coding system to record a specimen type.","jurisdiction":[{"coding":[{"system":"http://unstats.un.org/unsd/methods/m49/m49.htm","code":"826"}]}],"copyright":"This value set includes content from SNOMED CT, which is copyright © 2002+ International Health Terminology Standards Development Organisation (IHTSDO), and distributed by agreement between IHTSDO and HL7. Implementer use of SNOMED CT is not covered by this agreement.","compose":{"include":[{"system":"http://snomed.info/sct","filter":[{"property":"constraint","op":"=","value":"(<105590001 |Substance (substance)|(in which case method and site should also be populated)OR <49755003 |Morphologically abnormal structure (morphologic abnormality)|OR < 260787004 |Physical object (physical object))"}]}]}}