{"resourceType":"ValueSet","id":"CareConnect-OutcomeOfAttendance-1","text":{"status":"generated","div":"<div xmlns=\"http://www.w3.org/1999/xhtml\"><h2>NHS Data Model and Dictionary Outcome Of Attendance</h2><div><p>This records the outcome of an Out-Patient Attendance Consultant.</p>\n</div><p><b>Copyright Statement:</b> Copyright © 2016 HL7 UK</p><p>This value set includes codes from the following code systems:</p><ul><li>Include all codes defined in <a href=\"CodeSystem-CareConnect-OutcomeOfAttendance-1.html\"><code>https://fhir.hl7.org.uk/STU3/CodeSystem/CareConnect-OutcomeOfAttendance-1</code></a></li></ul></div>"},"extension":[{"url":"http://hl7.org/fhir/StructureDefinition/valueset-sourceReference","valueUri":"http://www.datadictionary.nhs.uk/data_dictionary/attributes/o/out/outcome_of_attendance_de.asp?shownav=1"}],"url":"https://fhir.hl7.org.uk/STU3/ValueSet/CareConnect-OutcomeOfAttendance-1","version":"3.0.0","name":"NHS Data Model and Dictionary Outcome Of Attendance","status":"draft","date":"2018-11-14T00:00:00+00:00","publisher":"INTEROpen","contact":[{"telecom":[{"system":"other","value":"https://interopen.ryver.com/"}]}],"description":"This records the outcome of an Out-Patient Attendance Consultant.","jurisdiction":[{"coding":[{"system":"http://unstats.un.org/unsd/methods/m49/m49.htm","code":"826"}]}],"copyright":"Copyright © 2016 HL7 UK","compose":{"include":[{"system":"https://fhir.hl7.org.uk/STU3/CodeSystem/CareConnect-OutcomeOfAttendance-1"}]}}