{"resourceType":"ValueSet","id":"CareConnect-VaccinationProcedure-1","text":{"status":"generated","div":"<div xmlns=\"http://www.w3.org/1999/xhtml\"><h2>Care Connect Vaccination Procedure</h2><div><p>A code from the SNOMED Clinical Terminology UK coding system to record a vaccination procedure.</p>\n</div><p><b>Copyright Statement:</b> This value set includes content from SNOMED CT, which is copyright © 2002+ International Health Terminology Standards Development Organisation (IHTSDO), and distributed by agreement between IHTSDO and HL7. Implementer use of SNOMED CT is not covered by this agreement.</p><p>This value set includes codes from the following code systems:</p><ul><li>Include codes from <a href=\"http://www.snomed.org/\"><code>http://snomed.info/sct</code></a> where constraint  =  (&lt;&lt;33879002 OR &lt;&lt;713404003 OR &lt;&lt;955641000000103 OR &lt;&lt;955691000000108 OR &lt;&lt;955701000000108 OR &lt;&lt;957581000000102 OR &lt;&lt;957751000000103 OR &lt;&lt;1066171000000108 OR &lt;&lt;140611000119104 OR &lt;&lt;15483003 OR &lt;&lt;39343008 OR &lt;&lt;34631000 OR &lt;&lt;72093006 OR &lt;&lt;425897001 OR &lt;&lt;8605003 OR &lt;&lt;428502009 OR &lt;&lt;283451000000105 OR &lt;&lt;308753004 OR &lt;&lt;572481000119103 OR &lt;&lt;965851000000105 OR &lt;&lt;761841000 OR &lt;&lt;16300531000119107 OR &lt;&lt;14747002 OR &lt;&lt;283431000000103 OR &lt;&lt;427633002) MINUS (&lt;&lt;304250009 OR &lt;&lt;51116004 OR &lt;&lt;296811004 OR &lt;&lt;294631000 OR &lt;&lt;425457005 OR &lt;&lt;291705006 OR &lt;&lt;417451006 OR &lt;&lt;47988006 OR &lt;&lt;293095001 OR &lt;&lt;601000000100 OR &lt;&lt;123471000119103 OR &lt;&lt;266758009 OR &lt;&lt;223464006 OR &lt;&lt;185324002 OR &lt;&lt;416064006 OR &lt;&lt;428119001 OR &lt;&lt;308433002 OR &lt;&lt;183944003 OR &lt;&lt;408864009 OR &lt;&lt;202111000000106 OR &lt;&lt;708538000 OR &lt;&lt;418019003 OR &lt;&lt;416237000 OR &lt;&lt;400999005 OR &lt;&lt;309370004)</li></ul></div>"},"url":"https://fhir.hl7.org.uk/STU3/ValueSet/CareConnect-VaccinationProcedure-1","version":"3.0.0","name":"Care Connect Vaccination Procedure","status":"draft","date":"2018-11-01T00:00:00+00:00","publisher":"HL7 UK","contact":[{"telecom":[{"system":"other","value":"https://chat.fhir.org/#narrow/stream/179189-uk"}]}],"description":"A code from the SNOMED Clinical Terminology UK coding system to record a vaccination procedure.","jurisdiction":[{"coding":[{"system":"http://unstats.un.org/unsd/methods/m49/m49.htm","code":"826"}]}],"copyright":"This value set includes content from SNOMED CT, which is copyright © 2002+ International Health Terminology Standards Development Organisation (IHTSDO), and distributed by agreement between IHTSDO and HL7. Implementer use of SNOMED CT is not covered by this agreement.","compose":{"include":[{"system":"http://snomed.info/sct","filter":[{"property":"constraint","op":"=","value":"(<<33879002 OR <<713404003 OR <<955641000000103 OR <<955691000000108 OR <<955701000000108 OR <<957581000000102 OR <<957751000000103 OR <<1066171000000108 OR <<140611000119104 OR <<15483003 OR <<39343008 OR <<34631000 OR <<72093006 OR <<425897001 OR <<8605003 OR <<428502009 OR <<283451000000105 OR <<308753004 OR <<572481000119103 OR <<965851000000105 OR <<761841000 OR <<16300531000119107 OR <<14747002 OR <<283431000000103 OR <<427633002) MINUS (<<304250009 OR <<51116004 OR <<296811004 OR <<294631000 OR <<425457005 OR <<291705006 OR <<417451006 OR <<47988006 OR <<293095001 OR <<601000000100 OR <<123471000119103 OR <<266758009 OR <<223464006 OR <<185324002 OR <<416064006 OR <<428119001 OR <<308433002 OR <<183944003 OR <<408864009 OR <<202111000000106 OR <<708538000 OR <<418019003 OR <<416237000 OR <<400999005 OR <<309370004)"}]}]}}