<?xml version="1.0" encoding="UTF-8"?><ImplementationGuide xmlns="http://hl7.org/fhir"><id value="example.fhir.uv.myig"/><text><status value="generated"/><div xmlns="http://www.w3.org/1999/xhtml"><h2>YourComputableMyIGNameHere</h2><p>The official URL for this implementation guide is: </p><pre>http://example.org/fhir/uv/myig/ImplementationGuide/example.fhir.uv.myig</pre><div><p>A brief description of what MyIG is about (probably the same text as in your readme)</p>
</div></div></text><url value="http://example.org/fhir/uv/myig/ImplementationGuide/example.fhir.uv.myig"/><name value="YourComputableMyIGNameHere"/><status value="draft"/><experimental value="false"/><date value="2019-11-23T21:19:30+00:00"/><publisher value="HL7 West Riding - Core"/><contact><telecom><system value="other"/><value value="http://hl7.org/Special/committees/[something]"/></telecom></contact><description value="A brief description of what MyIG is about (probably the same text as in your readme)"/><jurisdiction><coding><system value="http://unstats.un.org/unsd/methods/m49/m49.htm"/><code value="001"/></coding></jurisdiction><fhirVersion value="3.0.2"/><package id="_str_profile"><name value="Structures: Resource Profiles"/><description value="These define constraints on FHIR resources that need to be complied with by conformant implementations"/><resource><extension url="http://hl7.org/fhir/StructureDefinition/implementationguide-page"><valueUri value="CareConnect-Organization-1.html"/></extension><example value="false"/><description value="The Organization resource represents the organisation that employs the healthcare professional."/><sourceReference><reference value="StructureDefinition/CareConnect-Organization-1"/></sourceReference></resource><resource><extension url="http://hl7.org/fhir/StructureDefinition/implementationguide-page"><valueUri value="CareConnect-Patient-1.html"/></extension><example value="false"/><description value="The patient resource represents the patient involved in the provision of healthcare related services."/><sourceReference><reference value="StructureDefinition/CareConnect-Patient-1"/></sourceReference></resource><resource><extension url="http://hl7.org/fhir/StructureDefinition/implementationguide-page"><valueUri value="CareConnect-Observation-1.html"/></extension><example value="false"/><description value="The Observation resource is used for tracking the current and historical observations that have been made for a patient."/><sourceReference><reference value="StructureDefinition/CareConnect-Observation-1"/></sourceReference></resource></package><package id="_str_extension"><name value="Structures: Extension Definitions"/><description value="These define constraints on FHIR data types that need to be complied with by conformant implementations"/><resource><extension url="http://hl7.org/fhir/StructureDefinition/implementationguide-page"><valueUri value="extension-Extension-CareConnect-EthnicCategory-1.html"/></extension><example value="false"/><description value="This extension is constrained to represent the ethnic category for a patient."/><sourceReference><reference value="StructureDefinition/Extension-CareConnect-EthnicCategory-1"/></sourceReference></resource><resource><extension url="http://hl7.org/fhir/StructureDefinition/implementationguide-page"><valueUri value="extension-Extension-CareConnect-NHSNumberVerificationStatus-1.html"/></extension><example value="false"/><description value="This extension is constrained to represent the NHS Number Verification Status."/><sourceReference><reference value="StructureDefinition/Extension-CareConnect-NHSNumberVerificationStatus-1"/></sourceReference></resource></package><package id="_term_valueset"><name value="Terminology: Value Sets"/><description value="These define sets of codes used by systems conforming with this implementation guide"/><resource><extension url="http://hl7.org/fhir/StructureDefinition/implementationguide-page"><valueUri value="valueset-CareConnect-EthnicCategory-1.html"/></extension><example value="false"/><description value="A ValueSet to identify the ethnicity of a Person, as specified by the Person. This vocabulary describes a persons ethnic category, it is an extension of the Ethnic Category Code described in the NHS Data Model and Dictionary."/><sourceReference><reference value="ValueSet/CareConnect-EthnicCategory-1"/></sourceReference></resource></package><package id="_other"><name value="Other"/><description value="These are resources that are used within this implementation guide that don&#39;t fit into one of the other categories"/><resource><extension url="http://hl7.org/fhir/StructureDefinition/implementationguide-page"><valueUri value="example.html"/></extension><example value="false"/><sourceReference><reference value="Patient/example"/></sourceReference></resource></package><page><source value="toc.html"/><title value="Table of Contents"/><kind value="page"/><page><source value="index.html"/><title value="MyIG Home Page"/><kind value="page"/></page><page><source value="background.html"/><title value="Background"/><kind value="page"/></page><page><source value="spec.html"/><title value="Detailed Specification"/><kind value="resource"/></page><page><source value="downloads.html"/><title value="Useful Downloads"/><kind value="page"/></page><page><source value="changes.html"/><title value="IG Change History"/><kind value="page"/></page><page><source value="artifacts.html"/><title value="Artifacts Summary"/><kind value="page"/><page><source value="CareConnect-Organization-1.html"/><kind value="resource"/></page><page><source value="CareConnect-Patient-1.html"/><kind value="resource"/></page><page><source value="CareConnect-Observation-1.html"/><kind value="resource"/></page><page><source value="extension-Extension-CareConnect-EthnicCategory-1.html"/><kind value="resource"/></page><page><source value="extension-Extension-CareConnect-NHSNumberVerificationStatus-1.html"/><kind value="resource"/></page><page><source value="valueset-CareConnect-EthnicCategory-1.html"/><kind value="resource"/></page><page><source value="example.html"/><kind value="resource"/></page></page></page></ImplementationGuide>