"Path","Slice Name","Alias(s)","Label","Min","Max","Must Support?","Is Modifier?","Is Summary?","Type(s)","Short","Definition","Comments","Requirements","Default Value","Meaning When Missing","Fixed Value","Pattern","Example","Minimum Value","Maximum Value","Maximum Length","Binding Strength","Binding Description","Binding Value Set","Code","Slicing Discriminator","Slicing Description","Slicing Ordered","Slicing Rules","Base Path","Base Min","Base Max","Condition(s)","Constraint(s)","Mapping: Workflow Mapping","Mapping: HL7 v2 Mapping","Mapping: RIM Mapping","Mapping: W5 Mapping"
"DiagnosticReport","","Report
TestResultResultsLabsLaboratory","",0,*,"","","","","A Diagnostic report - a combination of request information, atomic results, images, interpretation, as well as formatted reports","The findings and interpretation of diagnostic  tests performed on patients, groups of patients, devices, and locations, and/or specimens derived from these. The report includes clinical context such as requesting and provider information, and some mix of atomic results, images, textual and coded interpretations, and formatted representation of diagnostic reports.","This is intended to capture a single report, and is not suitable for use in displaying summary information that covers multiple reports.  For example, this resource has not been designed for laboratory cumulative reporting formats nor detailed structured reports for sequencing.","","","","","","","","",,,,,"",,,,"DiagnosticReport",0,*,"","dom-2:If the resource is contained in another resource, it SHALL NOT contain nested Resources {contained.contained.empty()}
dom-1:If the resource is contained in another resource, it SHALL NOT contain any narrative {contained.text.empty()}dom-4:If a resource is contained in another resource, it SHALL NOT have a meta.versionId or a meta.lastUpdated {contained.meta.versionId.empty() and contained.meta.lastUpdated.empty()}dom-3:If the resource is contained in another resource, it SHALL be referred to from elsewhere in the resource {contained.where(('#'+id in %resource.descendants().reference).not()).empty()}","Event","ORU -> OBR","Entity. Role, or Act","Observation[classCode=OBS, moodCode=EVN]","clinical.diagnostics"
"DiagnosticReport.id","","","",0,1,"","","Y","id {[]} {[]}
","Logical id of this artifact","The logical id of the resource, as used in the URL for the resource. Once assigned, this value never changes.","The only time that a resource does not have an id is when it is being submitted to the server using a create operation.","","","","","","","","",,,,,"",,,,"Resource.id",0,1,"",""
"DiagnosticReport.meta","","","",0,1,"","","Y","Meta {[]} {[]}
","Metadata about the resource","The metadata about the resource. This is content that is maintained by the infrastructure. Changes to the content may not always be associated with version changes to the resource.","","","","","","","","","",,,,,"",,,,"Resource.meta",0,1,"",""
"DiagnosticReport.implicitRules","","","",0,1,"","Y","Y","uri {[]} {[]}
","A set of rules under which this content was created","A reference to a set of rules that were followed when the resource was constructed, and which must be understood when processing the content.","Asserting this rule set restricts the content to be only understood by a limited set of trading partners. This inherently limits the usefulness of the data in the long term. However, the existing health eco-system is highly fractured, and not yet ready to define, collect, and exchange data in a generally computable sense. Wherever possible, implementers and/or specification writers should avoid using this element. 

This element is labelled as a modifier because the implicit rules may provide additional knowledge about the resource that modifies it's meaning or interpretation.","","","","","","","","",,,,,"",,,,"Resource.implicitRules",0,1,"",""
"DiagnosticReport.language","","","",0,1,"","","","code {[]} {[]}
","Language of the resource content","The base language in which the resource is written.","Language is provided to support indexing and accessibility (typically, services such as text to speech use the language tag). The html language tag in the narrative applies  to the narrative. The language tag on the resource may be used to specify the language of other presentations generated from the data in the resource  Not all the content has to be in the base language. The Resource.language should not be assumed to apply to the narrative automatically. If a language is specified, it should it also be specified on the div element in the html (see rules in HTML5 for information about the relationship between xml:lang and the html lang attribute).","","","","","","","","",,"extensible","A human language.","http://hl7.org/fhir/ValueSet/languages","",,,,"Resource.language",0,1,"",""
"DiagnosticReport.text","","narrative
htmlxhtmldisplay","",0,1,"","","","Narrative {[]} {[]}
","Text summary of the resource, for human interpretation","A human-readable narrative that contains a summary of the resource, and may be used to represent the content of the resource to a human. The narrative need not encode all the structured data, but is required to contain sufficient detail to make it ""clinically safe"" for a human to just read the narrative. Resource definitions may define what content should be represented in the narrative to ensure clinical safety.","Contained resources do not have narrative. Resources that are not contained SHOULD have a narrative. In some cases, a resource may only have text with little or no additional discrete data (as long as all minOccurs=1 elements are satisfied).  This may be necessary for data from legacy systems where information is captured as a ""text blob"" or where text is additionally entered raw or narrated and encoded in formation is added later.","","","","","","","","",,,,,"",,,,"DomainResource.text",0,1,"dom-1
","","Act.text?"
"DiagnosticReport.contained","","inline resources
anonymous resourcescontained resources","",0,*,"","","","Resource {[]} {[]}
","Contained, inline Resources","These resources do not have an independent existence apart from the resource that contains them - they cannot be identified independently, and nor can they have their own independent transaction scope.","This should never be done when the content can be identified properly, as once identification is lost, it is extremely difficult (and context dependent) to restore it again.","","","","","","","","",,,,,"",,,,"DomainResource.contained",0,*,"","","N/A"
"DiagnosticReport.extension","","extensions
user content","",0,*,"","","","Extension {[]} {[]}
","Additional Content defined by implementations","May be used to represent additional information that is not part of the basic definition of the resource. In order to make the use of extensions safe and manageable, there is a strict set of governance  applied to the definition and use of extensions. Though any implementer is allowed to define an extension, there is a set of requirements that SHALL be met as part of the definition of the extension.","There can be no stigma associated with the use of extensions by any application, project, or standard - regardless of the institution or jurisdiction that uses or defines the extensions.  The use of extensions is what allows the FHIR specification to retain a core level of simplicity for everyone.","","","","","","","","",,,,,"",,,,"DomainResource.extension",0,*,"","","N/A"
"DiagnosticReport.modifierExtension","","extensions
user content","",0,*,"","Y","","Extension {[]} {[]}
","Extensions that cannot be ignored","May be used to represent additional information that is not part of the basic definition of the resource, and that modifies the understanding of the element that contains it. Usually modifier elements provide negation or qualification. In order to make the use of extensions safe and manageable, there is a strict set of governance applied to the definition and use of extensions. Though any implementer is allowed to define an extension, there is a set of requirements that SHALL be met as part of the definition of the extension. Applications processing a resource are required to check for modifier extensions.","There can be no stigma associated with the use of extensions by any application, project, or standard - regardless of the institution or jurisdiction that uses or defines the extensions.  The use of extensions is what allows the FHIR specification to retain a core level of simplicity for everyone.","","","","","","","","",,,,,"",,,,"DomainResource.modifierExtension",0,*,"","","N/A"
"DiagnosticReport.identifier","","ReportID
Filler IDPlacer ID","",0,*,"","","Y","Identifier {[]} {[]}
","Business identifier for report","Identifiers assigned to this report by the performer or other systems.","Usually assigned by the Information System of the diagnostic service provider (filler id).","Need to know what identifier to use when making queries about this report from the source laboratory, and for linking to the report outside FHIR context.","","","","","","","",,,,,"",,,,"DiagnosticReport.identifier",0,*,"","","Event.identifier","OBR-51","id","id"
"DiagnosticReport.identifier.id","","","",0,1,"","","","string {[]} {[]}
","xml:id (or equivalent in JSON)","unique id for the element within a resource (for internal references). This may be any string value that does not contain spaces.","","","","","","","","","",,,,,"",,,,"Element.id",0,1,"","","n/a"
"DiagnosticReport.identifier.extension","","extensions
user content","",0,*,"","","","Extension {[]} {[]}
","Additional Content defined by implementations","May be used to represent additional information that is not part of the basic definition of the element. In order to make the use of extensions safe and manageable, there is a strict set of governance  applied to the definition and use of extensions. Though any implementer is allowed to define an extension, there is a set of requirements that SHALL be met as part of the definition of the extension.","There can be no stigma associated with the use of extensions by any application, project, or standard - regardless of the institution or jurisdiction that uses or defines the extensions.  The use of extensions is what allows the FHIR specification to retain a core level of simplicity for everyone.","","","","","","","","",,,,,"","value:url}
","Extensions are always sliced by (at least) url",,"open","Element.extension",0,*,"","","n/a"
"DiagnosticReport.identifier.use","","","",0,1,"","Y","Y","code {[]} {[]}
","usual | official | temp | secondary (If known)","The purpose of this identifier.","This is labeled as ""Is Modifier"" because applications should not mistake a temporary id for a permanent one. Applications can assume that an identifier is permanent unless it explicitly says that it is temporary.","Allows the appropriate identifier for a particular context of use to be selected from among a set of identifiers.","","","","","","","",,"required","Identifies the purpose for this identifier, if known .","http://hl7.org/fhir/ValueSet/identifier-use","",,,,"Identifier.use",0,1,"","","N/A","Role.code or implied by context"
"DiagnosticReport.identifier.type","","","",0,1,"","","Y","CodeableConcept {[]} {[]}
","Description of identifier","A coded type for the identifier that can be used to determine which identifier to use for a specific purpose.","This element deals only with general categories of identifiers.  It SHOULD not be used for codes that correspond 1..1 with the Identifier.system. Some identifiers may fall into multiple categories due to common usage. 

Where the system is known, a type is unnecessary because the type is always part of the system definition. However systems often need to handle identifiers where the system is not known. There is not a 1:1 relationship between type and system, since many different systems have the same type.","Allows users to make use of identifiers when the identifier system is not known.","","","","","","","",,"extensible","A coded type for an identifier that can be used to determine which identifier to use for a specific purpose.","http://hl7.org/fhir/ValueSet/identifier-type","",,,,"Identifier.type",0,1,"","","CX.5","Role.code or implied by context"
"DiagnosticReport.identifier.system","","","",1,1,"","","Y","uri {[]} {[]}
","The namespace for the identifier value","Establishes the namespace for the value - that is, a URL that describes a set values that are unique.","","There are many sets  of identifiers.  To perform matching of two identifiers, we need to know what set we're dealing with. The system identifies a particular set of unique identifiers.","","","","","<valueUri xmlns=""http://hl7.org/fhir"" value=""http://www.acme.com/identifiers/patient""/>","","",,,,,"",,,,"Identifier.system",0,1,"","","CX.4 / EI-2-4","II.root or Role.id.root"
"DiagnosticReport.identifier.value","","","",1,1,"","","Y","string {[]} {[]}
","The value that is unique","The portion of the identifier typically relevant to the user and which is unique within the context of the system.","If the value is a full URI, then the system SHALL be urn:ietf:rfc:3986.  The value's primary purpose is computational mapping.  As a result, it may be normalized for comparison purposes (e.g. removing non-significant whitespace, dashes, etc.)  A value formatted for human display can be conveyed using the [Rendered Value extension](http://hl7.org/fhir/STU3/extension-rendered-value.html).","","","","","","<valueString xmlns=""http://hl7.org/fhir"" value=""123456""/>","","",,,,,"",,,,"Identifier.value",0,1,"","","CX.1 / EI.1","II.extension or II.root if system indicates OID or GUID (Or Role.id.extension or root)"
"DiagnosticReport.identifier.period","","","",0,1,"","","Y","Period {[]} {[]}
","Time period when id is/was valid for use","Time period during which identifier is/was valid for use.","","","","","","","","","",,,,,"",,,,"Identifier.period",0,1,"","","CX.7 + CX.8","Role.effectiveTime or implied by context"
"DiagnosticReport.identifier.assigner","","","",0,1,"","","Y","Reference {[]} {[CanonicalType[https://fhir.hl7.org.uk/STU3/StructureDefinition/CareConnect-Organization-1]]}
","Organization that issued id (may be just text)","Organization that issued/manages the identifier.","The Identifier.assigner may omit the .reference element and only contain a .display element reflecting the name or other textual information about the assigning organization.","","","","","","","","",,,,,"",,,,"Identifier.assigner",0,1,"","","CX.4 / (CX.4,CX.9,CX.10)","II.assigningAuthorityName but note that this is an improper use by the definition of the field.  Also Role.scoper"
"DiagnosticReport.basedOn","","Request
","",0,*,"","","","Reference {[]} {[CanonicalType[https://fhir.hl7.org.uk/STU3/StructureDefinition/CareConnect-CarePlan-1], CanonicalType[https://fhir.hl7.org.uk/STU3/StructureDefinition/CareConnect-MedicationRequest-1], CanonicalType[https://fhir.hl7.org.uk/STU3/StructureDefinition/CareConnect-ReferralRequest-1], CanonicalType[https://fhir.hl7.org.uk/STU3/StructureDefinition/CareConnect-ProcedureRequest-1]]}
","What was requested","Details concerning a test or procedure requested.","Note: Usually there is one test request for each result, however in some circumstances multiple test requests may be represented using a single test result resource. Note that there are also cases where one request leads to multiple reports.","This allows tracing of authorization for the report and tracking whether proposals/recommendations were acted upon.","","","","","","","",,,,,"",,,,"DiagnosticReport.basedOn",0,*,"","","Event.basedOn","ORC? OBR-2/3?","outboundRelationship[typeCode=FLFS].target"
"DiagnosticReport.status","","","",1,1,"","Y","Y","code {[]} {[]}
","registered | partial | preliminary | final +","The status of the diagnostic report as a whole.","This is labeled as ""Is Modifier"" because applications need to take appropriate action if a report is withdrawn.","Diagnostic services routinely issue provisional/incomplete reports, and sometimes withdraw previously released reports.","","","","","","","",,"required","The status of the diagnostic report as a whole.","http://hl7.org/fhir/ValueSet/diagnostic-report-status","",,,,"DiagnosticReport.status",1,1,"","","Event.status","OBR-25 (not 1:1 mapping)","statusCode  Note: final and amended are distinguished by whether observation is the subject of a ControlAct event of type ""revise""","status"
"DiagnosticReport.category","","Department
Sub-departmentServiceDiscipline","",0,1,"","","Y","CodeableConcept {[]} {[]}
","Service category","A code that classifies the clinical discipline, department or diagnostic service that created the report (e.g. cardiology, biochemistry, hematology, MRI). This is used for searching, sorting and display purposes.","The level of granularity is defined by the category concepts in the value set. More fine-grained filtering can be performed using the metadata and/or terminology hierarchy in DiagnosticReport.code.","","","","","","","","",,"preferred","","","",,,,"DiagnosticReport.category",0,1,"","","OBR-24","inboundRelationship[typeCode=COMP].source[classCode=LIST, moodCode=EVN, code < LabService].code","class"
"DiagnosticReport.category.id","","","",0,1,"","","","string {[]} {[]}
","xml:id (or equivalent in JSON)","unique id for the element within a resource (for internal references). This may be any string value that does not contain spaces.","","","","","","","","","",,,,,"",,,,"Element.id",0,1,"","","n/a"
"DiagnosticReport.category.extension","","extensions
user content","",0,*,"","","","Extension {[]} {[]}
","Additional Content defined by implementations","May be used to represent additional information that is not part of the basic definition of the element. In order to make the use of extensions safe and manageable, there is a strict set of governance  applied to the definition and use of extensions. Though any implementer is allowed to define an extension, there is a set of requirements that SHALL be met as part of the definition of the extension.","There can be no stigma associated with the use of extensions by any application, project, or standard - regardless of the institution or jurisdiction that uses or defines the extensions.  The use of extensions is what allows the FHIR specification to retain a core level of simplicity for everyone.","","","","","","","","",,,,,"","value:url}
","Extensions are always sliced by (at least) url",,"open","Element.extension",0,*,"","","n/a"
"DiagnosticReport.category.coding","","","",0,*,"","","Y","Coding {[]} {[]}
","Code defined by a terminology system","A reference to a code defined by a terminology system.","Codes may be defined very casually in enumerations, or code lists, up to very formal definitions such as SNOMED CT - see the HL7 v3 Core Principles for more information.  Ordering of codings is undefined and SHALL NOT be used to infer meaning. Generally, at most only one of the coding values will be labeled as UserSelected = true.","Allows for translations and alternate encodings within a code system.  Also supports communication of the same instance to systems requiring different encodings.","","","","","","","",,,,,"","value:system}
","",,"open","CodeableConcept.coding",0,*,"","","C*E.1-8, C*E.10-22","union(., ./translation)"
"DiagnosticReport.category.coding","snomedCT","","",0,*,"","","Y","Coding {[]} {[]}
","Code defined by a terminology system","A reference to a code defined by a terminology system.","Codes may be defined very casually in enumerations, or code lists, up to very formal definitions such as SNOMED CT - see the HL7 v3 Core Principles for more information.  Ordering of codings is undefined and SHALL NOT be used to infer meaning. Generally, at most only one of the coding values will be labeled as UserSelected = true.","Allows for translations and alternate encodings within a code system.  Also supports communication of the same instance to systems requiring different encodings.","","","","","","","",,,,,"",,,,"CodeableConcept.coding",0,*,"","","C*E.1-8, C*E.10-22","union(., ./translation)"
"DiagnosticReport.category.coding.id","","","",0,1,"","","","string {[]} {[]}
","xml:id (or equivalent in JSON)","unique id for the element within a resource (for internal references). This may be any string value that does not contain spaces.","","","","","","","","","",,,,,"",,,,"Element.id",0,1,"","","n/a"
"DiagnosticReport.category.coding.extension","","","",0,*,"","","","Extension {[]} {[]}
","Extension","An Extension","","","","","","","","","",,,,,"","value:url}
","Extensions are always sliced by (at least) url",,"open","Element.extension",0,*,"",""
"DiagnosticReport.category.coding.extension","snomedCTDescriptionID","","",0,*,"","","","Extension {[CanonicalType[https://fhir.hl7.org.uk/STU3/StructureDefinition/Extension-coding-sctdescid]]} {[]}
","The SNOMED CT Description ID for the display","The SNOMED CT Description ID for the display.","","","","","","","","","",,,,,"",,,,"Element.extension",0,*,"","","n/a","N/A"
"DiagnosticReport.category.coding.system","","","",1,1,"","","Y","uri {[]} {[]}
","Identity of the terminology system","The identification of the code system that defines the meaning of the symbol in the code.","The URI may be an OID (urn:oid:...) or a UUID (urn:uuid:...).  OIDs and UUIDs SHALL be references to the HL7 OID registry. Otherwise, the URI should come from HL7's list of FHIR defined special URIs or it should de-reference to some definition that establish the system clearly and unambiguously.","Need to be unambiguous about the source of the definition of the symbol.","","","<valueUri xmlns=""http://hl7.org/fhir"" value=""http://snomed.info/sct""/>","","","","",,,,,"",,,,"Coding.system",0,1,"","","C*E.3","./codeSystem"
"DiagnosticReport.category.coding.version","","","",0,1,"","","Y","string {[]} {[]}
","Version of the system - if relevant","The version of the code system which was used when choosing this code. Note that a well-maintained code system does not need the version reported, because the meaning of codes is consistent across versions. However this cannot consistently be assured. and when the meaning is not guaranteed to be consistent, the version SHOULD be exchanged.","Where the terminology does not clearly define what string should be used to identify code system versions, the recommendation is to use the date (expressed in FHIR date format) on which that version was officially published as the version date.","","","","","","","","",,,,,"",,,,"Coding.version",0,1,"","","C*E.7","./codeSystemVersion"
"DiagnosticReport.category.coding.code","","","",1,1,"","","Y","code {[]} {[]}
","Symbol in syntax defined by the system","A symbol in syntax defined by the system. The symbol may be a predefined code or an expression in a syntax defined by the coding system (e.g. post-coordination).","","Need to refer to a particular code in the system.","","","","","","","",,,,,"",,,,"Coding.code",0,1,"","","C*E.1","./code"
"DiagnosticReport.category.coding.display","","","",1,1,"","","Y","string {[]} {[]}
","Representation defined by the system","A representation of the meaning of the code in the system, following the rules of the system.","","Need to be able to carry a human-readable meaning of the code for readers that do not know  the system.","","","","","","","",,,,,"",,,,"Coding.display",0,1,"","","C*E.2 - but note this is not well followed","CV.displayName"
"DiagnosticReport.category.coding.userSelected","","","",0,1,"","","Y","boolean {[]} {[]}
","If this coding was chosen directly by the user","Indicates that this coding was chosen by a user directly - i.e. off a pick list of available items (codes or displays).","Amongst a set of alternatives, a directly chosen code is the most appropriate starting point for new translations. There is some ambiguity about what exactly 'directly chosen' implies, and trading partner agreement may be needed to clarify the use of this element and its consequences more completely.","This has been identified as a clinical safety criterium - that this exact system/code pair was chosen explicitly, rather than inferred by the system based on some rules or language processing.","","","","","","","",,,,,"",,,,"Coding.userSelected",0,1,"","","Sometimes implied by being first","CD.codingRationale"
"DiagnosticReport.category.text","","","",0,1,"","","Y","string {[]} {[]}
","Plain text representation of the concept","A human language representation of the concept as seen/selected/uttered by the user who entered the data and/or which represents the intended meaning of the user.","Very often the text is the same as a displayName of one of the codings.","The codes from the terminologies do not always capture the correct meaning with all the nuances of the human using them, or sometimes there is no appropriate code at all. In these cases, the text is used to capture the full meaning of the source.","","","","","","","",,,,,"",,,,"CodeableConcept.text",0,1,"","","C*E.9. But note many systems use C*E.2 for this","./originalText[mediaType/code=""text/plain""]/data"
"DiagnosticReport.code","","Type
","",1,1,"","","Y","CodeableConcept {[]} {[]}
","Name/Code for this diagnostic report","A code or name that describes this diagnostic report.","","","","","","","","","",,"preferred","Codes that describe Diagnostic Reports.","http://hl7.org/fhir/ValueSet/report-codes","",,,,"DiagnosticReport.code",1,1,"","","Event.code","OBR-4 (HL7 v2 doesn't provide an easy way to indicate both the ordered test and the performed panel)","code","what"
"DiagnosticReport.code.id","","","",0,1,"","","","string {[]} {[]}
","xml:id (or equivalent in JSON)","unique id for the element within a resource (for internal references). This may be any string value that does not contain spaces.","","","","","","","","","",,,,,"",,,,"Element.id",0,1,"","","n/a"
"DiagnosticReport.code.extension","","extensions
user content","",0,*,"","","","Extension {[]} {[]}
","Additional Content defined by implementations","May be used to represent additional information that is not part of the basic definition of the element. In order to make the use of extensions safe and manageable, there is a strict set of governance  applied to the definition and use of extensions. Though any implementer is allowed to define an extension, there is a set of requirements that SHALL be met as part of the definition of the extension.","There can be no stigma associated with the use of extensions by any application, project, or standard - regardless of the institution or jurisdiction that uses or defines the extensions.  The use of extensions is what allows the FHIR specification to retain a core level of simplicity for everyone.","","","","","","","","",,,,,"","value:url}
","Extensions are always sliced by (at least) url",,"open","Element.extension",0,*,"","","n/a"
"DiagnosticReport.code.coding","","","",0,*,"","","Y","Coding {[]} {[]}
","Code defined by a terminology system","A reference to a code defined by a terminology system.","Codes may be defined very casually in enumerations, or code lists, up to very formal definitions such as SNOMED CT - see the HL7 v3 Core Principles for more information.  Ordering of codings is undefined and SHALL NOT be used to infer meaning. Generally, at most only one of the coding values will be labeled as UserSelected = true.","Allows for translations and alternate encodings within a code system.  Also supports communication of the same instance to systems requiring different encodings.","","","","","","","",,,,,"","value:system}
","",,"open","CodeableConcept.coding",0,*,"","","C*E.1-8, C*E.10-22","union(., ./translation)"
"DiagnosticReport.code.coding","snomedCT","","",0,*,"","","Y","Coding {[]} {[]}
","Code defined by a terminology system","A reference to a code defined by a terminology system.","Codes may be defined very casually in enumerations, or code lists, up to very formal definitions such as SNOMED CT - see the HL7 v3 Core Principles for more information.  Ordering of codings is undefined and SHALL NOT be used to infer meaning. Generally, at most only one of the coding values will be labeled as UserSelected = true.","Allows for translations and alternate encodings within a code system.  Also supports communication of the same instance to systems requiring different encodings.","","","","","","","",,"extensible","A code from the SNOMED Clinical Terminology UK","https://fhir.hl7.org.uk/STU3/ValueSet/CareConnect-ReportCodeSnCT-1","",,,,"CodeableConcept.coding",0,*,"","","C*E.1-8, C*E.10-22","union(., ./translation)"
"DiagnosticReport.code.coding.id","","","",0,1,"","","","string {[]} {[]}
","xml:id (or equivalent in JSON)","unique id for the element within a resource (for internal references). This may be any string value that does not contain spaces.","","","","","","","","","",,,,,"",,,,"Element.id",0,1,"","","n/a"
"DiagnosticReport.code.coding.extension","","","",0,*,"","","","Extension {[]} {[]}
","Extension","An Extension","","","","","","","","","",,,,,"","value:url}
","Extensions are always sliced by (at least) url",,"open","Element.extension",0,*,"",""
"DiagnosticReport.code.coding.extension","snomedCTDescriptionID","","",0,*,"","","","Extension {[CanonicalType[https://fhir.hl7.org.uk/STU3/StructureDefinition/Extension-coding-sctdescid]]} {[]}
","The SNOMED CT Description ID for the display","The SNOMED CT Description ID for the display.","","","","","","","","","",,,,,"",,,,"Element.extension",0,*,"","","n/a","N/A"
"DiagnosticReport.code.coding.system","","","",1,1,"","","Y","uri {[]} {[]}
","Identity of the terminology system","The identification of the code system that defines the meaning of the symbol in the code.","The URI may be an OID (urn:oid:...) or a UUID (urn:uuid:...).  OIDs and UUIDs SHALL be references to the HL7 OID registry. Otherwise, the URI should come from HL7's list of FHIR defined special URIs or it should de-reference to some definition that establish the system clearly and unambiguously.","Need to be unambiguous about the source of the definition of the symbol.","","","<valueUri xmlns=""http://hl7.org/fhir"" value=""http://snomed.info/sct""/>","","","","",,,,,"",,,,"Coding.system",0,1,"","","C*E.3","./codeSystem"
"DiagnosticReport.code.coding.version","","","",0,1,"","","Y","string {[]} {[]}
","Version of the system - if relevant","The version of the code system which was used when choosing this code. Note that a well-maintained code system does not need the version reported, because the meaning of codes is consistent across versions. However this cannot consistently be assured. and when the meaning is not guaranteed to be consistent, the version SHOULD be exchanged.","Where the terminology does not clearly define what string should be used to identify code system versions, the recommendation is to use the date (expressed in FHIR date format) on which that version was officially published as the version date.","","","","","","","","",,,,,"",,,,"Coding.version",0,1,"","","C*E.7","./codeSystemVersion"
"DiagnosticReport.code.coding.code","","","",1,1,"","","Y","code {[]} {[]}
","Symbol in syntax defined by the system","A symbol in syntax defined by the system. The symbol may be a predefined code or an expression in a syntax defined by the coding system (e.g. post-coordination).","","Need to refer to a particular code in the system.","","","","","","","",,,,,"",,,,"Coding.code",0,1,"","","C*E.1","./code"
"DiagnosticReport.code.coding.display","","","",1,1,"","","Y","string {[]} {[]}
","Representation defined by the system","A representation of the meaning of the code in the system, following the rules of the system.","","Need to be able to carry a human-readable meaning of the code for readers that do not know  the system.","","","","","","","",,,,,"",,,,"Coding.display",0,1,"","","C*E.2 - but note this is not well followed","CV.displayName"
"DiagnosticReport.code.coding.userSelected","","","",0,1,"","","Y","boolean {[]} {[]}
","If this coding was chosen directly by the user","Indicates that this coding was chosen by a user directly - i.e. off a pick list of available items (codes or displays).","Amongst a set of alternatives, a directly chosen code is the most appropriate starting point for new translations. There is some ambiguity about what exactly 'directly chosen' implies, and trading partner agreement may be needed to clarify the use of this element and its consequences more completely.","This has been identified as a clinical safety criterium - that this exact system/code pair was chosen explicitly, rather than inferred by the system based on some rules or language processing.","","","","","","","",,,,,"",,,,"Coding.userSelected",0,1,"","","Sometimes implied by being first","CD.codingRationale"
"DiagnosticReport.code.text","","","",0,1,"","","Y","string {[]} {[]}
","Plain text representation of the concept","A human language representation of the concept as seen/selected/uttered by the user who entered the data and/or which represents the intended meaning of the user.","Very often the text is the same as a displayName of one of the codings.","The codes from the terminologies do not always capture the correct meaning with all the nuances of the human using them, or sometimes there is no appropriate code at all. In these cases, the text is used to capture the full meaning of the source.","","","","","","","",,,,,"",,,,"CodeableConcept.text",0,1,"","","C*E.9. But note many systems use C*E.2 for this","./originalText[mediaType/code=""text/plain""]/data"
"DiagnosticReport.subject","","Patient
","",1,1,"","","Y","Reference {[]} {[CanonicalType[http://hl7.org/fhir/StructureDefinition/Group], CanonicalType[http://hl7.org/fhir/StructureDefinition/Device], CanonicalType[https://fhir.hl7.org.uk/STU3/StructureDefinition/CareConnect-Patient-1], CanonicalType[https://fhir.hl7.org.uk/STU3/StructureDefinition/CareConnect-Location-1]]}
","The subject of the report - usually, but not always, the patient","The subject of the report. Usually, but not always, this is a patient. However diagnostic services also perform analyses on specimens collected from a variety of other sources.","","SHALL know the subject context.","","","","","","","",,,,,"",,,,"DiagnosticReport.subject",0,1,"","","Event.subject","PID-3 (no HL7 v2 mapping for Group or Device)","participation[typeCode=SBJ]","who.focus"
"DiagnosticReport.context","","Encounter
","",0,1,"","","Y","Reference {[]} {[CanonicalType[https://fhir.hl7.org.uk/STU3/StructureDefinition/CareConnect-Encounter-1]]}
","Health care event when test ordered","The healthcare event  (e.g. a patient and healthcare provider interaction) which this DiagnosticReport per is about.","This will typically be the encounter the event occurred within, but some events may be initiated prior to or after the official completion of an encounter or episode but still be tied to the context of the encounter or episode (e.g. pre-admission lab tests).","Links the request to the Encounter context.","","","","","","","",,,,,"",,,,"DiagnosticReport.context",0,1,"","","Event.context","PV1-19","inboundRelationship[typeCode=COMP].source[classCode=ENC, moodCode=EVN]","context"
"DiagnosticReport.effective[x]","","Observation time
Effective TimeOccurrence","",0,1,"","","Y","dateTime {[]} {[]}
Period {[]} {[]}","Clinically relevant time/time-period for report","The time or time-period the observed values are related to. When the subject of the report is a patient, this is usually either the time of the procedure or of specimen collection(s), but very often the source of the date/time is not known, only the date/time itself.","If the diagnostic procedure was performed on the patient, this is the time it was performed. If there are specimens, the diagnostically relevant time can be derived from the specimen collection times, but the specimen information is not always available, and the exact relationship between the specimens and the diagnostically relevant time is not always automatic.","Need to know where in the patient history to file/present this report.","","","","","","","",,,,,"",,,,"DiagnosticReport.effective[x]",0,1,"","","Event.occurrence[x]","OBR-7","effectiveTime","when.done"
"DiagnosticReport.issued","","Date Created
Date publishedDate Issued","",0,1,"","","Y","instant {[]} {[]}
","DateTime this version was released","The date and time that this version of the report was released from the source diagnostic service.","May be different from the update time of the resource itself, because that is the status of the record (potentially a secondary copy), not the actual release time of the report.","Clinicians need to be able to check the date that the report was released.","","","","","","","",,,,,"",,,,"DiagnosticReport.issued",0,1,"","","OBR-22","participation[typeCode=VRF or AUT].time","when.recorded"
"DiagnosticReport.performer","","Laboratory
ServicePractitionerDepartmentCompany","",0,*,"","","Y","BackboneElement {[]} {[]}
","Participants in producing the report","Indicates who or what participated in producing the report.","","","","","","","","","",,,,,"",,,,"DiagnosticReport.performer",0,*,"","ele-1:All FHIR elements must have a @value or children {hasValue() | (children().count() > id.count())}
","Event.performer","PRT-8 (where this PRT-4-Participation = ""PO"")",".participation[typeCode=PRF]","who.witness"
"DiagnosticReport.performer.id","","","",0,1,"","","","string {[]} {[]}
","xml:id (or equivalent in JSON)","unique id for the element within a resource (for internal references). This may be any string value that does not contain spaces.","","","","","","","","","",,,,,"",,,,"Element.id",0,1,"","","n/a"
"DiagnosticReport.performer.extension","","extensions
user content","",0,*,"","","","Extension {[]} {[]}
","Additional Content defined by implementations","May be used to represent additional information that is not part of the basic definition of the element. In order to make the use of extensions safe and manageable, there is a strict set of governance  applied to the definition and use of extensions. Though any implementer is allowed to define an extension, there is a set of requirements that SHALL be met as part of the definition of the extension.","There can be no stigma associated with the use of extensions by any application, project, or standard - regardless of the institution or jurisdiction that uses or defines the extensions.  The use of extensions is what allows the FHIR specification to retain a core level of simplicity for everyone.","","","","","","","","",,,,,"",,,,"Element.extension",0,*,"","","n/a"
"DiagnosticReport.performer.modifierExtension","","extensions
user contentmodifiers","",0,*,"","Y","Y","Extension {[]} {[]}
","Extensions that cannot be ignored","May be used to represent additional information that is not part of the basic definition of the element, and that modifies the understanding of the element that contains it. Usually modifier elements provide negation or qualification. In order to make the use of extensions safe and manageable, there is a strict set of governance applied to the definition and use of extensions. Though any implementer is allowed to define an extension, there is a set of requirements that SHALL be met as part of the definition of the extension. Applications processing a resource are required to check for modifier extensions.","There can be no stigma associated with the use of extensions by any application, project, or standard - regardless of the institution or jurisdiction that uses or defines the extensions.  The use of extensions is what allows the FHIR specification to retain a core level of simplicity for everyone.","","","","","","","","",,,,,"",,,,"BackboneElement.modifierExtension",0,*,"","","N/A"
"DiagnosticReport.performer.role","","","",0,1,"","","Y","CodeableConcept {[]} {[]}
","Type of performer","Describes the type of participation (e.g.  a responsible party, author, or verifier).","","","","","","","","","",,"example","Indicate a role of diagnostic report performer","http://hl7.org/fhir/ValueSet/performer-role","",,,,"DiagnosticReport.performer.role",0,1,"","","Event.performer.role","PRT-8 (where this PRT-4-Participation = ""PO"")",".functionCode"
"DiagnosticReport.performer.actor","","","",1,1,"","","Y","Reference {[]} {[CanonicalType[https://fhir.hl7.org.uk/STU3/StructureDefinition/CareConnect-Organization-1], CanonicalType[https://fhir.hl7.org.uk/STU3/StructureDefinition/CareConnect-Practitioner-1]]}
","Practitioner or Organization  participant","The reference to the  practitioner or organization involved in producing the report. For example, the diagnostic service that is responsible for issuing the report.","This is not necessarily the source of the atomic data items. It is the entity that takes responsibility for the clinical report.","Need to know whom to contact if there are queries about the results. Also may need to track the source of reports for secondary data analysis.","","","","","","","",,,,,"",,,,"DiagnosticReport.performer.actor",1,1,"","","Event.performer.actor","PRT-8 (where this PRT-4-Participation = ""PO"")",".role"
"DiagnosticReport.specimen","","","",0,*,"","","","Reference {[]} {[CanonicalType[https://fhir.hl7.org.uk/STU3/StructureDefinition/CareConnect-Specimen-1]]}
","Specimens this report is based on","Details about the specimens on which this diagnostic report is based.","If the specimen is sufficiently specified with a code in the test result name, then this additional data may be redundant. If there are multiple specimens, these may be represented per observation or group.","Need to be able to report information about the collected specimens on which the report is based.","","","","","","","",,,,,"",,,,"DiagnosticReport.specimen",0,*,"","","SPM","participation[typeCode=SBJ]"
"DiagnosticReport.result","","Data
Atomic ValueResultAtomic resultDataTestAnalyteBatteryOrganizer","",0,*,"","","","Reference {[]} {[CanonicalType[https://fhir.hl7.org.uk/STU3/StructureDefinition/CareConnect-Observation-1]]}
","Observations - simple, or complex nested groups","Observations that are part of this diagnostic report. Observations can be simple name/value pairs (e.g. ""atomic"" results), or they can be grouping observations that include references to other members of the group (e.g. ""panels"").","","Need to support individual results, or report groups of results, where the result grouping is arbitrary, but meaningful. This structure is recursive - observations can contain observations.","","","","","","","",,,,,"",,,,"DiagnosticReport.result",0,*,"","","OBXs","outboundRelationship[typeCode=COMP].target"
"DiagnosticReport.imagingStudy","","","",0,*,"","","","Reference {[]} {[CanonicalType[http://hl7.org/fhir/StructureDefinition/ImagingStudy], CanonicalType[http://hl7.org/fhir/StructureDefinition/ImagingManifest]]}
","Reference to full details of imaging associated with the diagnostic report","One or more links to full details of any imaging performed during the diagnostic investigation. Typically, this is imaging performed by DICOM enabled modalities, but this is not required. A fully enabled PACS viewer can use this information to provide views of the source images.","ImagingStudy and ImageManifest and the image element are somewhat overlapping - typically, the list of image references in the image element will also be found in one of the imaging study resources. However each caters to different types of displays for different types of purposes. Neither, either, or both may be provided.","","","","","","","","",,,,,"",,,,"DiagnosticReport.imagingStudy",0,*,"","","outboundRelationship[typeCode=COMP].target[classsCode=DGIMG, moodCode=EVN]"
"DiagnosticReport.image","","DICOM
SlidesScans","",0,*,"","","Y","BackboneElement {[]} {[]}
","Key images associated with this report","A list of key images associated with this report. The images are generally created during the diagnostic process, and may be directly of the patient, or of treated specimens (i.e. slides of interest).","","Many diagnostic services include images in the report as part of their service.","","","","","","","",,,,,"",,,,"DiagnosticReport.image",0,*,"","ele-1:All FHIR elements must have a @value or children {hasValue() | (children().count() > id.count())}
","OBX?","outboundRelationship[typeCode=COMP].target"
"DiagnosticReport.image.id","","","",0,1,"","","","string {[]} {[]}
","xml:id (or equivalent in JSON)","unique id for the element within a resource (for internal references). This may be any string value that does not contain spaces.","","","","","","","","","",,,,,"",,,,"Element.id",0,1,"","","n/a"
"DiagnosticReport.image.extension","","extensions
user content","",0,*,"","","","Extension {[]} {[]}
","Additional Content defined by implementations","May be used to represent additional information that is not part of the basic definition of the element. In order to make the use of extensions safe and manageable, there is a strict set of governance  applied to the definition and use of extensions. Though any implementer is allowed to define an extension, there is a set of requirements that SHALL be met as part of the definition of the extension.","There can be no stigma associated with the use of extensions by any application, project, or standard - regardless of the institution or jurisdiction that uses or defines the extensions.  The use of extensions is what allows the FHIR specification to retain a core level of simplicity for everyone.","","","","","","","","",,,,,"",,,,"Element.extension",0,*,"","","n/a"
"DiagnosticReport.image.modifierExtension","","extensions
user contentmodifiers","",0,*,"","Y","Y","Extension {[]} {[]}
","Extensions that cannot be ignored","May be used to represent additional information that is not part of the basic definition of the element, and that modifies the understanding of the element that contains it. Usually modifier elements provide negation or qualification. In order to make the use of extensions safe and manageable, there is a strict set of governance applied to the definition and use of extensions. Though any implementer is allowed to define an extension, there is a set of requirements that SHALL be met as part of the definition of the extension. Applications processing a resource are required to check for modifier extensions.","There can be no stigma associated with the use of extensions by any application, project, or standard - regardless of the institution or jurisdiction that uses or defines the extensions.  The use of extensions is what allows the FHIR specification to retain a core level of simplicity for everyone.","","","","","","","","",,,,,"",,,,"BackboneElement.modifierExtension",0,*,"","","N/A"
"DiagnosticReport.image.comment","","","",0,1,"","","","string {[]} {[]}
","Comment about the image (e.g. explanation)","A comment about the image. Typically, this is used to provide an explanation for why the image is included, or to draw the viewer's attention to important features.","The comment should be displayed with the image. It would be common for the report to include additional discussion of the image contents in other sections such as the conclusion.","The provider of the report should make a comment about each image included in the report.","","","","","","","",,,,,"",,,,"DiagnosticReport.image.comment",0,1,"","",".inboundRelationship[typeCode=COMP].source[classCode=OBS, moodCode=EVN, code=""annotation""].value"
"DiagnosticReport.image.link","","","",1,1,"","","Y","Reference {[]} {[CanonicalType[http://hl7.org/fhir/StructureDefinition/Media]]}
","Reference to the image source","Reference to the image source.","","","","","","","","","",,,,,"",,,,"DiagnosticReport.image.link",1,1,"","",".value.reference"
"DiagnosticReport.conclusion","","Report
","",0,1,"","","","string {[]} {[]}
","Clinical Interpretation of test results","Concise and clinically contextualized impression / summary of the diagnostic report.","","Need to be able to provide a conclusion that is not lost among the basic result data.","","","","","","","",,,,,"",,,,"DiagnosticReport.conclusion",0,1,"","","OBX","inboundRelationship[typeCode=""SPRT""].source[classCode=OBS, moodCode=EVN, code=LOINC:48767-8].value (type=ST)"
"DiagnosticReport.codedDiagnosis","","","",0,*,"","","","CodeableConcept {[]} {[]}
","Codes for the conclusion","Codes for the conclusion.","","","","","","","","","",,"preferred","A SNOMED Coded finding for the test report.","https://fhir.hl7.org.uk/STU3/ValueSet/CareConnect-FindingCode-1","",,,,"DiagnosticReport.codedDiagnosis",0,*,"","","OBX","inboundRelationship[typeCode=SPRT].source[classCode=OBS, moodCode=EVN, code=LOINC:54531-9].value (type=CD)"
"DiagnosticReport.codedDiagnosis.id","","","",0,1,"","","","string {[]} {[]}
","xml:id (or equivalent in JSON)","unique id for the element within a resource (for internal references). This may be any string value that does not contain spaces.","","","","","","","","","",,,,,"",,,,"Element.id",0,1,"","","n/a"
"DiagnosticReport.codedDiagnosis.extension","","extensions
user content","",0,*,"","","","Extension {[]} {[]}
","Additional Content defined by implementations","May be used to represent additional information that is not part of the basic definition of the element. In order to make the use of extensions safe and manageable, there is a strict set of governance  applied to the definition and use of extensions. Though any implementer is allowed to define an extension, there is a set of requirements that SHALL be met as part of the definition of the extension.","There can be no stigma associated with the use of extensions by any application, project, or standard - regardless of the institution or jurisdiction that uses or defines the extensions.  The use of extensions is what allows the FHIR specification to retain a core level of simplicity for everyone.","","","","","","","","",,,,,"","value:url}
","Extensions are always sliced by (at least) url",,"open","Element.extension",0,*,"","","n/a"
"DiagnosticReport.codedDiagnosis.coding","","","",0,*,"","","Y","Coding {[]} {[]}
","Code defined by a terminology system","A reference to a code defined by a terminology system.","Codes may be defined very casually in enumerations, or code lists, up to very formal definitions such as SNOMED CT - see the HL7 v3 Core Principles for more information.  Ordering of codings is undefined and SHALL NOT be used to infer meaning. Generally, at most only one of the coding values will be labeled as UserSelected = true.","Allows for translations and alternate encodings within a code system.  Also supports communication of the same instance to systems requiring different encodings.","","","","","","","",,,,,"","value:system}
","",,"open","CodeableConcept.coding",0,*,"","","C*E.1-8, C*E.10-22","union(., ./translation)"
"DiagnosticReport.codedDiagnosis.coding","snomedCT","","",0,*,"","","Y","Coding {[]} {[]}
","Code defined by a terminology system","A reference to a code defined by a terminology system.","Codes may be defined very casually in enumerations, or code lists, up to very formal definitions such as SNOMED CT - see the HL7 v3 Core Principles for more information.  Ordering of codings is undefined and SHALL NOT be used to infer meaning. Generally, at most only one of the coding values will be labeled as UserSelected = true.","Allows for translations and alternate encodings within a code system.  Also supports communication of the same instance to systems requiring different encodings.","","","","","","","",,"extensible","A code from the SNOMED Clinical Terminology UK","https://fhir.hl7.org.uk/STU3/ValueSet/CareConnect-FindingCode-1","",,,,"CodeableConcept.coding",0,*,"","","C*E.1-8, C*E.10-22","union(., ./translation)"
"DiagnosticReport.codedDiagnosis.coding.id","","","",0,1,"","","","string {[]} {[]}
","xml:id (or equivalent in JSON)","unique id for the element within a resource (for internal references). This may be any string value that does not contain spaces.","","","","","","","","","",,,,,"",,,,"Element.id",0,1,"","","n/a"
"DiagnosticReport.codedDiagnosis.coding.extension","","","",0,*,"","","","Extension {[]} {[]}
","Extension","An Extension","","","","","","","","","",,,,,"","value:url}
","Extensions are always sliced by (at least) url",,"open","Element.extension",0,*,"",""
"DiagnosticReport.codedDiagnosis.coding.extension","snomedCTDescriptionID","","",0,*,"","","","Extension {[CanonicalType[https://fhir.hl7.org.uk/STU3/StructureDefinition/Extension-coding-sctdescid]]} {[]}
","The SNOMED CT Description ID for the display","The SNOMED CT Description ID for the display.","","","","","","","","","",,,,,"",,,,"Element.extension",0,*,"","","n/a","N/A"
"DiagnosticReport.codedDiagnosis.coding.system","","","",1,1,"","","Y","uri {[]} {[]}
","Identity of the terminology system","The identification of the code system that defines the meaning of the symbol in the code.","The URI may be an OID (urn:oid:...) or a UUID (urn:uuid:...).  OIDs and UUIDs SHALL be references to the HL7 OID registry. Otherwise, the URI should come from HL7's list of FHIR defined special URIs or it should de-reference to some definition that establish the system clearly and unambiguously.","Need to be unambiguous about the source of the definition of the symbol.","","","<valueUri xmlns=""http://hl7.org/fhir"" value=""http://snomed.info/sct""/>","","","","",,,,,"",,,,"Coding.system",0,1,"","","C*E.3","./codeSystem"
"DiagnosticReport.codedDiagnosis.coding.version","","","",0,1,"","","Y","string {[]} {[]}
","Version of the system - if relevant","The version of the code system which was used when choosing this code. Note that a well-maintained code system does not need the version reported, because the meaning of codes is consistent across versions. However this cannot consistently be assured. and when the meaning is not guaranteed to be consistent, the version SHOULD be exchanged.","Where the terminology does not clearly define what string should be used to identify code system versions, the recommendation is to use the date (expressed in FHIR date format) on which that version was officially published as the version date.","","","","","","","","",,,,,"",,,,"Coding.version",0,1,"","","C*E.7","./codeSystemVersion"
"DiagnosticReport.codedDiagnosis.coding.code","","","",1,1,"","","Y","code {[]} {[]}
","Symbol in syntax defined by the system","A symbol in syntax defined by the system. The symbol may be a predefined code or an expression in a syntax defined by the coding system (e.g. post-coordination).","","Need to refer to a particular code in the system.","","","","","","","",,,,,"",,,,"Coding.code",0,1,"","","C*E.1","./code"
"DiagnosticReport.codedDiagnosis.coding.display","","","",1,1,"","","Y","string {[]} {[]}
","Representation defined by the system","A representation of the meaning of the code in the system, following the rules of the system.","","Need to be able to carry a human-readable meaning of the code for readers that do not know  the system.","","","","","","","",,,,,"",,,,"Coding.display",0,1,"","","C*E.2 - but note this is not well followed","CV.displayName"
"DiagnosticReport.codedDiagnosis.coding.userSelected","","","",0,1,"","","Y","boolean {[]} {[]}
","If this coding was chosen directly by the user","Indicates that this coding was chosen by a user directly - i.e. off a pick list of available items (codes or displays).","Amongst a set of alternatives, a directly chosen code is the most appropriate starting point for new translations. There is some ambiguity about what exactly 'directly chosen' implies, and trading partner agreement may be needed to clarify the use of this element and its consequences more completely.","This has been identified as a clinical safety criterium - that this exact system/code pair was chosen explicitly, rather than inferred by the system based on some rules or language processing.","","","","","","","",,,,,"",,,,"Coding.userSelected",0,1,"","","Sometimes implied by being first","CD.codingRationale"
"DiagnosticReport.codedDiagnosis.text","","","",0,1,"","","Y","string {[]} {[]}
","Plain text representation of the concept","A human language representation of the concept as seen/selected/uttered by the user who entered the data and/or which represents the intended meaning of the user.","Very often the text is the same as a displayName of one of the codings.","The codes from the terminologies do not always capture the correct meaning with all the nuances of the human using them, or sometimes there is no appropriate code at all. In these cases, the text is used to capture the full meaning of the source.","","","","","","","",,,,,"",,,,"CodeableConcept.text",0,1,"","","C*E.9. But note many systems use C*E.2 for this","./originalText[mediaType/code=""text/plain""]/data"
"DiagnosticReport.presentedForm","","","",0,*,"","","","Attachment {[]} {[]}
","Entire report as issued","Rich text representation of the entire result as issued by the diagnostic service. Multiple formats are allowed but they SHALL be semantically equivalent.","""application/pdf"" is recommended as the most reliable and interoperable in this context.","Gives laboratory the ability to provide its own fully formatted report for clinical fidelity.","","","","","","","",,,,,"",,,,"DiagnosticReport.presentedForm",0,*,"","","OBX","text (type=ED)"
