<?xml version="1.0" encoding="UTF-8"?>

<CodeSystem xmlns="http://hl7.org/fhir">
  <id value="CareConnect-TreatmentCategory-1"/>
  <text>
    <status value="generated"/><div xmlns="http://www.w3.org/1999/xhtml"><h2>Care Connect Treatment Category</h2><div><p>A CodeSystem that identifies the treatment category for this patient.</p>
</div><p><b>Copyright Statement:</b> Copyright © 2016 HL7 UK</p><p>This code system https://fhir.hl7.org.uk/STU3/CodeSystem/CareConnect-TreatmentCategory-1 defines the following codes:</p><table class="codes"><tr><td style="white-space:nowrap"><b>Code</b></td><td><b>Display</b></td><td><b>Definition</b></td></tr><tr><td style="white-space:nowrap">1<a name="CareConnect-TreatmentCategory-1-1"> </a></td><td>Exempt from payment - subject to reciprocal health agreement</td><td/></tr><tr><td style="white-space:nowrap">2<a name="CareConnect-TreatmentCategory-1-2"> </a></td><td>Exempt from payment - other</td><td/></tr><tr><td style="white-space:nowrap">3<a name="CareConnect-TreatmentCategory-1-3"> </a></td><td>To pay hotel fees only</td><td/></tr><tr><td style="white-space:nowrap">4<a name="CareConnect-TreatmentCategory-1-4"> </a></td><td>To pay all fees</td><td/></tr><tr><td style="white-space:nowrap">9<a name="CareConnect-TreatmentCategory-1-9"> </a></td><td>Charging rate not known</td><td/></tr><tr><td style="white-space:nowrap">8<a name="CareConnect-TreatmentCategory-1-8"> </a></td><td>Not applicable</td><td>Not an Overseas Visitor</td></tr></table></div>
  </text>
  <url value="https://fhir.hl7.org.uk/STU3/CodeSystem/CareConnect-TreatmentCategory-1"/>
  <version value="0.1.0"/>
  <name value="Care Connect Treatment Category"/>
  <status value="draft"/>
  <date value="2018-11-02T00:00:00+00:00"/>
  <publisher value="HL7 UK - Example"/>
  <contact>
    <telecom>
      <system value="other"/>
      <value value="http://hl7.org/Special/committees/[something]"/>
    </telecom>
  </contact>
  <description value="A CodeSystem that identifies the treatment category for this patient."/>
  <jurisdiction>
    <coding>
      <system value="http://unstats.un.org/unsd/methods/m49/m49.htm"/>
      <code value="826"/>
    </coding>
  </jurisdiction>
  <copyright value="Copyright &#xA9; 2016 HL7 UK"/>
  <caseSensitive value="true"/>
  <content value="complete"/>
  <concept>
    <code value="1"/>
    <display value="Exempt from payment - subject to reciprocal health agreement"/>
  </concept>
  <concept>
    <code value="2"/>
    <display value="Exempt from payment - other"/>
  </concept>
  <concept>
    <code value="3"/>
    <display value="To pay hotel fees only"/>
  </concept>
  <concept>
    <code value="4"/>
    <display value="To pay all fees"/>
  </concept>
  <concept>
    <code value="9"/>
    <display value="Charging rate not known"/>
  </concept>
  <concept>
    <code value="8"/>
    <display value="Not applicable"/>
    <definition value="Not an Overseas Visitor"/>
  </concept>
</CodeSystem>