<?xml version="1.0" encoding="UTF-8"?>

<CodeSystem xmlns="http://hl7.org/fhir">
  <id value="CareConnect-ProblemSignificance-1"/>
  <text>
    <status value="generated"/><div xmlns="http://www.w3.org/1999/xhtml"><h2>Care Connect Problem Significance</h2><div><p>A CodeSystem to record the significance of a Problem Header Condition.</p>
</div><p><b>Copyright Statement:</b> Copyright © 2016 HL7 UK</p><p>This code system https://fhir.hl7.org.uk/STU3/CodeSystem/CareConnect-ProblemSignificance-1 defines the following codes:</p><table class="codes"><tr><td style="white-space:nowrap"><b>Code</b></td><td><b>Display</b></td><td><b>Definition</b></td></tr><tr><td style="white-space:nowrap">major<a name="CareConnect-ProblemSignificance-1-major"> </a></td><td>Major</td><td/></tr><tr><td style="white-space:nowrap">minor<a name="CareConnect-ProblemSignificance-1-minor"> </a></td><td>Minor</td><td/></tr></table></div>
  </text>
  <url value="https://fhir.hl7.org.uk/STU3/CodeSystem/CareConnect-ProblemSignificance-1"/>
  <version value="0.1.0"/>
  <name value="Care Connect Problem Significance"/>
  <status value="draft"/>
  <date value="2018-04-16T01:00:00+01:00"/>
  <publisher value="HL7 UK - Example"/>
  <contact>
    <telecom>
      <system value="other"/>
      <value value="http://hl7.org/Special/committees/[something]"/>
    </telecom>
  </contact>
  <description value="A CodeSystem to record the significance of a Problem Header Condition."/>
  <jurisdiction>
    <coding>
      <system value="http://unstats.un.org/unsd/methods/m49/m49.htm"/>
      <code value="826"/>
    </coding>
  </jurisdiction>
  <copyright value="Copyright &#xA9; 2016 HL7 UK"/>
  <caseSensitive value="true"/>
  <content value="complete"/>
  <concept>
    <code value="major"/>
    <display value="Major"/>
  </concept>
  <concept>
    <code value="minor"/>
    <display value="Minor"/>
  </concept>
</CodeSystem>