<?xml version="1.0" encoding="UTF-8"?>

<CodeSystem xmlns="http://hl7.org/fhir">
  <id value="CareConnect-ListWarningCode-1"/>
  <text>
    <status value="generated"/><div xmlns="http://www.w3.org/1999/xhtml"><h2>Care Connect List Warning Code</h2><div><p>A CodeSystem to identify the reason a list may be incomplete.</p>
</div><p><b>Copyright Statement:</b> Copyright © 2016 HL7 UK</p><p>This code system https://fhir.hl7.org.uk/STU3/CodeSystem/CareConnect-ListWarningCode-1 defines the following codes:</p><table class="codes"><tr><td style="white-space:nowrap"><b>Code</b></td><td><b>Display</b></td><td><b>Definition</b></td></tr><tr><td style="white-space:nowrap">confidential-items<a name="CareConnect-ListWarningCode-1-confidential-items"> </a></td><td>Confidential Items</td><td>Items excluded due to confidentiality and/or patient preferences.</td></tr><tr><td style="white-space:nowrap">data-in-transit<a name="CareConnect-ListWarningCode-1-data-in-transit"> </a></td><td>Data in Transit</td><td>Patient record transfer from previous GP practice not yet complete; any information recorded before dd-mmm-yyyy has been excluded.</td></tr><tr><td style="white-space:nowrap">data-awaiting-filing<a name="CareConnect-ListWarningCode-1-data-awaiting-filing"> </a></td><td>Data Awaiting Filing</td><td>Patient data may be incomplete as there is data supplied by a third party awaiting review before becoming available.</td></tr></table></div>
  </text>
  <url value="https://fhir.hl7.org.uk/STU3/CodeSystem/CareConnect-ListWarningCode-1"/>
  <version value="3.0.0"/>
  <name value="Care Connect List Warning Code"/>
  <status value="draft"/>
  <date value="2018-11-01T00:00:00+00:00"/>
  <publisher value="INTEROpen"/>
  <contact>
    <telecom>
      <system value="other"/>
      <value value="https://interopen.ryver.com/"/>
    </telecom>
  </contact>
  <description value="A CodeSystem to identify the reason a list may be incomplete."/>
  <jurisdiction>
    <coding>
      <system value="http://unstats.un.org/unsd/methods/m49/m49.htm"/>
      <code value="826"/>
    </coding>
  </jurisdiction>
  <copyright value="Copyright &#xA9; 2016 HL7 UK"/>
  <caseSensitive value="true"/>
  <content value="complete"/>
  <concept>
    <code value="confidential-items"/>
    <display value="Confidential Items"/>
    <definition value="Items excluded due to confidentiality and/or patient preferences."/>
  </concept>
  <concept>
    <code value="data-in-transit"/>
    <display value="Data in Transit"/>
    <definition value="Patient record transfer from previous GP practice not yet complete; any information recorded before dd-mmm-yyyy has been excluded."/>
  </concept>
  <concept>
    <code value="data-awaiting-filing"/>
    <display value="Data Awaiting Filing"/>
    <definition value="Patient data may be incomplete as there is data supplied by a third party awaiting review before becoming available."/>
  </concept>
</CodeSystem>