<?xml version="1.0" encoding="UTF-8"?>

<NamingSystem xmlns="http://hl7.org/fhir">
  <id value="ods-site-code"/>
  <text>
    <status value="generated"/><div xmlns="http://www.w3.org/1999/xhtml"><p><b>Generated Narrative with Details</b></p><p><b>id</b>: ods-site-code</p><p><b>name</b>: ODS Organisation Site Code</p><p><b>status</b>: draft</p><p><b>kind</b>: identifier</p><p><b>date</b>: 1 May 2019, 00:00:00</p><p><b>publisher</b>: INTEROpen</p><p><b>contact</b>: </p><p><b>responsible</b>: NHS Digital</p><p><b>description</b>: The identifier system for an Organisation site registered with the Organisation Data Service (ODS).</p><p><b>jurisdiction</b>: United Kingdom of Great Britain and Northern Ireland (GBR) <span style="background: LightGoldenRodYellow">(Details : {http://unstats.un.org/unsd/methods/m49/m49.htm code '826' = 'United Kingdom of Great Britain and Northern Ireland (GBR))</span></p><p><b>usage</b>: To be used to identify Organisation sites registered with the Organisation Data Service (ODS).</p><h3>UniqueIds</h3><table class="grid"><tr><td>-</td><td><b>Type</b></td><td><b>Value</b></td><td><b>Preferred</b></td></tr><tr><td>*</td><td>uri</td><td>https://fhir.nhs.uk/Id/ods-site-code</td><td>true</td></tr></table></div>
  </text>
  <name value="ODS Organisation Site Code"/>
  <status value="draft"/>
  <kind value="identifier"/>
  <date value="2019-05-01T00:00:00+01:00"/>
  <publisher value="INTEROpen"/>
  <contact>
    <telecom>
      <system value="other"/>
      <value value="https://interopen.ryver.com/"/>
    </telecom>
  </contact>
  <responsible value="NHS Digital"/>
  <description value="The identifier system for an Organisation site registered with the Organisation Data Service (ODS)."/>
  <jurisdiction>
    <coding>
      <system value="http://unstats.un.org/unsd/methods/m49/m49.htm"/>
      <code value="826"/>
    </coding>
  </jurisdiction>
  <usage value="To be used to identify Organisation sites registered with the Organisation Data Service (ODS)."/>
  <uniqueId>
    <type value="uri"/>
    <value value="https://fhir.nhs.uk/Id/ods-site-code"/>
    <preferred value="true"/>
  </uniqueId>
</NamingSystem>