<?xml version="1.0" encoding="UTF-8"?>

<NamingSystem xmlns="http://hl7.org/fhir">
  <id value="uk-gmp-number"/>
  <text>
    <status value="generated"/><div xmlns="http://www.w3.org/1999/xhtml"><p><b>Generated Narrative with Details</b></p><p><b>id</b>: uk-gmp-number</p><p><b>name</b>: GMP Number</p><p><b>status</b>: draft</p><p><b>kind</b>: identifier</p><p><b>date</b>: 3 Dec 2019, 00:00:00</p><p><b>publisher</b>: HL7 UK</p><p><b>contact</b>: </p><p><b>responsible</b>: NHS Prescription Services</p><p><b>description</b>: General Practitioner (GMP) number. See [NHS Data Dictionary](https://www.datadictionary.nhs.uk/data_dictionary/attributes/g/general_medical_practitioner_ppd_code_de.asp)</p><p><b>jurisdiction</b>: United Kingdom of Great Britain and Northern Ireland (GBR) <span style="background: LightGoldenRodYellow">(Details : {http://unstats.un.org/unsd/methods/m49/m49.htm code '826' = 'United Kingdom of Great Britain and Northern Ireland (GBR))</span></p><p><b>usage</b>: A unqiue reference number normally used to identify GP's.</p><h3>UniqueIds</h3><table class="grid"><tr><td>-</td><td><b>Type</b></td><td><b>Value</b></td><td><b>Preferred</b></td></tr><tr><td>*</td><td>uri</td><td>https://fhir.hl7.org.uk/Id/gmp-number</td><td>true</td></tr></table></div>
  </text>
  <name value="GMP Number"/>
  <status value="draft"/>
  <kind value="identifier"/>
  <date value="2019-12-03T00:00:00+00:00"/>
  <publisher value="HL7 UK"/>
  <contact>
    <telecom>
      <system value="other"/>
      <value value="http://hl7.org/Special/committees/[something]"/>
    </telecom>
  </contact>
  <responsible value="NHS Prescription Services"/>
  <description value="General Practitioner (GMP) number. See [NHS Data Dictionary](https://www.datadictionary.nhs.uk/data_dictionary/attributes/g/general_medical_practitioner_ppd_code_de.asp)"/>
  <jurisdiction>
    <coding>
      <system value="http://unstats.un.org/unsd/methods/m49/m49.htm"/>
      <code value="826"/>
    </coding>
  </jurisdiction>
  <usage value="A unqiue reference number normally used to identify GP&#39;s."/>
  <uniqueId>
    <type value="uri"/>
    <value value="https://fhir.hl7.org.uk/Id/gmp-number"/>
    <preferred value="true"/>
  </uniqueId>
</NamingSystem>