<?xml version="1.0" encoding="UTF-8"?>

<ValueSet xmlns="http://hl7.org/fhir">
  <id value="CareConnect-ReferralRequestMethod-1"/>
  <text>
    <status value="generated"/><div xmlns="http://www.w3.org/1999/xhtml"><h2>Care Connect Referral Request Method</h2><div><p>A ValueSet to identify the form in which a referral is sent and received.</p>
</div><p><b>Copyright Statement:</b> Copyright © 2019 HL7 UK</p><p>This value set includes codes from the following code systems:</p><ul><li>Include all codes defined in <a href="CareConnect-ReferralRequestMethod-1.html"><code>https://fhir.hl7.org.uk/STU3/CodeSystem/CareConnect-ReferralRequestMethod-1</code></a></li></ul></div>
  </text>
  <url value="https://fhir.hl7.org.uk/STU3/ValueSet/CareConnect-ReferralRequestMethod-1"/>
  <version value="3.0.0"/>
  <name value="Care Connect Referral Request Method"/>
  <status value="draft"/>
  <date value="2019-07-16T18:43:00+01:00"/>
  <publisher value="HL7 UK"/>
  <contact>
    <telecom>
      <system value="other"/>
      <value value="https://chat.fhir.org/#narrow/stream/179189-uk"/>
    </telecom>
  </contact>
  <description value="A ValueSet to identify the form in which a referral is sent and received."/>
  <jurisdiction>
    <coding>
      <system value="http://unstats.un.org/unsd/methods/m49/m49.htm"/>
      <code value="826"/>
    </coding>
  </jurisdiction>
  <copyright value="Copyright &#xA9; 2019 HL7 UK"/>
  <compose>
    <include>
      <system value="https://fhir.hl7.org.uk/STU3/CodeSystem/CareConnect-ReferralRequestMethod-1"/>
    </include>
  </compose>
</ValueSet>