<?xml version="1.0" encoding="UTF-8"?>

<ValueSet xmlns="http://hl7.org/fhir">
  <id value="CareConnect-EncounterType-1"/>
  <text>
    <status value="generated"/><div xmlns="http://www.w3.org/1999/xhtml"> 
         <h2>Care Connect Encounter Type</h2> 
         <div> 
            <p>A code from the SNOMED Clinical Terminology UK coding system that describes an encounter between a care professional and the patient (or patient's record).</p> 
         </div> 
         <p> 
            <b>Copyright Statement:</b> This value set includes content from SNOMED CT, which is copyright © 2002+ International Health Terminology Standards Development Organisation (IHTSDO), and distributed by agreement between IHTSDO and HL7. Implementer use of SNOMED CT is not covered by this agreement. 
         </p> 
         <p>This value set includes codes from the following code systems:</p> 
         <ul> 
            <li>Include codes from 
               <a href="http://www.snomed.org/"> 
                  <code>http://snomed.info/sct</code> 
               </a> where constraint  = &lt;&lt;185316007 OR &lt;&lt;308467007 OR &lt;&lt;185201007 
            </li> 
         </ul> 
      </div>
  </text>
  <url value="https://fhir.hl7.org.uk/STU3/ValueSet/CareConnect-EncounterType-1"/>
  <version value="3.0.0"/>
  <name value="Care Connect Encounter Type"/>
  <status value="draft"/>
  <date value="2018-11-21T00:00:00+00:00"/>
  <publisher value="HL7 UK"/>
  <contact>
    <telecom>
      <system value="other"/>
      <value value="https://chat.fhir.org/#narrow/stream/179189-uk"/>
    </telecom>
  </contact>
  <description value="A code from the SNOMED Clinical Terminology UK coding system that describes an encounter between a care professional and the patient (or patient&#39;s record)."/>
  <jurisdiction>
    <coding>
      <system value="http://unstats.un.org/unsd/methods/m49/m49.htm"/>
      <code value="826"/>
    </coding>
  </jurisdiction>
  <copyright value="This value set includes content from SNOMED CT, which is copyright &#xA9; 2002+ International Health Terminology Standards Development Organisation (IHTSDO), and distributed by agreement between IHTSDO and HL7. Implementer use of SNOMED CT is not covered by this agreement."/>
  <compose>
    <include>
      <system value="http://snomed.info/sct"/>
      <filter>
        <property value="constraint"/>
        <op value="="/>
        <value value="&lt;&lt;185316007 OR &lt;&lt;308467007 OR &lt;&lt;185201007"/>
      </filter>
    </include>
  </compose>
  <expansion>
    <identifier value="866832af-da17-4b99-ae11-c2349b3e9535"/>
    <timestamp value="2019-12-11T16:50:35+00:00"/>
    <total value="161"/>
    <parameter>
      <name value="version"/>
      <valueUri value="http://snomed.info/sct?version=http%3A%2F%2Fsnomed.info%2Fsct%2F999000031000000106%2Fversion%2F20190807"/>
    </parameter>
    <parameter>
      <name value="count"/>
      <valueInteger value="2147483647"/>
    </parameter>
    <parameter>
      <name value="offset"/>
      <valueInteger value="0"/>
    </parameter>
    <contains>
      <system value="http://snomed.info/sct"/>
      <code value="185209009"/>
      <display value="Seen in recreation place"/>
    </contains>
    <contains>
      <system value="http://snomed.info/sct"/>
      <code value="185272004"/>
      <display value="Seen in psychogeriatric clinic"/>
    </contains>
    <contains>
      <system value="http://snomed.info/sct"/>
      <code value="185208001"/>
      <display value="Seen in work place"/>
    </contains>
    <contains>
      <system value="http://snomed.info/sct"/>
      <code value="313151003"/>
      <display value="Seen in paediatric surgery clinic"/>
    </contains>
    <contains>
      <system value="http://snomed.info/sct"/>
      <code value="700154005"/>
      <display value="Seen in weight management clinic"/>
    </contains>
    <contains>
      <system value="http://snomed.info/sct"/>
      <code value="313152005"/>
      <display value="Seen in hearing aid clinic"/>
    </contains>
    <contains>
      <system value="http://snomed.info/sct"/>
      <code value="314774003"/>
      <display value="Seen in open access surgery"/>
    </contains>
    <contains>
      <system value="http://snomed.info/sct"/>
      <code value="270420001"/>
      <display value="Seen in own home"/>
    </contains>
    <contains>
      <system value="http://snomed.info/sct"/>
      <code value="185230000"/>
      <display value="Seen in neurology clinic"/>
    </contains>
    <contains>
      <system value="http://snomed.info/sct"/>
      <code value="763184009"/>
      <display value="Telepractice consultation"/>
    </contains>
    <contains>
      <system value="http://snomed.info/sct"/>
      <code value="438516005"/>
      <display value="E-mail encounter to carer"/>
    </contains>
    <contains>
      <system value="http://snomed.info/sct"/>
      <code value="185190009"/>
      <display value="Seen in audiology clinic"/>
    </contains>
    <contains>
      <system value="http://snomed.info/sct"/>
      <code value="431957001"/>
      <display value="Seen in mental health clinic"/>
    </contains>
    <contains>
      <system value="http://snomed.info/sct"/>
      <code value="698528008"/>
      <display value="Seen in nuclear medicine clinic"/>
    </contains>
    <contains>
      <system value="http://snomed.info/sct"/>
      <code value="442454002"/>
      <display value="Seen in burn clinic"/>
    </contains>
    <contains>
      <system value="http://snomed.info/sct"/>
      <code value="185253004"/>
      <display value="Seen in oral surgery clinic"/>
    </contains>
    <contains>
      <system value="http://snomed.info/sct"/>
      <code value="416717003"/>
      <display value="Seen in heart failure clinic"/>
    </contains>
    <contains>
      <system value="http://snomed.info/sct"/>
      <code value="185275002"/>
      <display value="Seen in rehabilitation clinic"/>
    </contains>
    <contains>
      <system value="http://snomed.info/sct"/>
      <code value="429279006"/>
      <display value="Seen in epilepsy clinic"/>
    </contains>
    <contains>
      <system value="http://snomed.info/sct"/>
      <code value="185254005"/>
      <display value="Seen in child orthopaedic clinic"/>
    </contains>
    <contains>
      <system value="http://snomed.info/sct"/>
      <code value="735260000"/>
      <display value="Seen in early pregnancy assessment unit"/>
    </contains>
    <contains>
      <system value="http://snomed.info/sct"/>
      <code value="698529000"/>
      <display value="Seen in cystic fibrosis clinic"/>
    </contains>
    <contains>
      <system value="http://snomed.info/sct"/>
      <code value="438515009"/>
      <display value="E-mail encounter from carer"/>
    </contains>
    <contains>
      <system value="http://snomed.info/sct"/>
      <code value="185255006"/>
      <display value="Seen in endocrine clinic"/>
    </contains>
    <contains>
      <system value="http://snomed.info/sct"/>
      <code value="417566006"/>
      <display value="Seen in diabetic nurse consultant clinic"/>
    </contains>
    <contains>
      <system value="http://snomed.info/sct"/>
      <code value="185252009"/>
      <display value="Seen in orthopaedic clinic"/>
    </contains>
    <contains>
      <system value="http://snomed.info/sct"/>
      <code value="315014005"/>
      <display value="Seen in rapid access chest pain clinic"/>
    </contains>
    <contains>
      <system value="http://snomed.info/sct"/>
      <code value="185250001"/>
      <display value="Seen in nephrology clinic"/>
    </contains>
    <contains>
      <system value="http://snomed.info/sct"/>
      <code value="185251002"/>
      <display value="Seen in EMG clinic"/>
    </contains>
    <contains>
      <system value="http://snomed.info/sct"/>
      <code value="407672007"/>
      <display value="Seen in diabetic foot clinic"/>
    </contains>
    <contains>
      <system value="http://snomed.info/sct"/>
      <code value="185276001"/>
      <display value="Seen in physiotherapy department"/>
    </contains>
    <contains>
      <system value="http://snomed.info/sct"/>
      <code value="185274003"/>
      <display value="Seen in radiotherapy clinic"/>
    </contains>
    <contains>
      <system value="http://snomed.info/sct"/>
      <code value="185273009"/>
      <display value="Seen in homoeopathy clinic"/>
    </contains>
    <contains>
      <system value="http://snomed.info/sct"/>
      <code value="185218006"/>
      <display value="Seen in nursing home"/>
    </contains>
    <contains>
      <system value="http://snomed.info/sct"/>
      <code value="416554009"/>
      <display value="Seen in community diabetes specialist clinic"/>
    </contains>
    <contains>
      <system value="http://snomed.info/sct"/>
      <code value="185229005"/>
      <display value="Seen in diabetic clinic"/>
    </contains>
    <contains>
      <system value="http://snomed.info/sct"/>
      <code value="185179004"/>
      <display value="Seen in orthodontic clinic"/>
    </contains>
    <contains>
      <system value="http://snomed.info/sct"/>
      <code value="185321005"/>
      <display value="Letter encounter to patient"/>
    </contains>
    <contains>
      <system value="http://snomed.info/sct"/>
      <code value="308720009"/>
      <display value="Letter encounter"/>
    </contains>
    <contains>
      <system value="http://snomed.info/sct"/>
      <code value="185178007"/>
      <display value="Seen in cholesterol clinic"/>
    </contains>
    <contains>
      <system value="http://snomed.info/sct"/>
      <code value="314849005"/>
      <display value="Telephone contact by consultant"/>
    </contains>
    <contains>
      <system value="http://snomed.info/sct"/>
      <code value="185176006"/>
      <display value="Seen in dietician clinic"/>
    </contains>
    <contains>
      <system value="http://snomed.info/sct"/>
      <code value="185175005"/>
      <display value="Seen in primary care centre"/>
    </contains>
    <contains>
      <system value="http://snomed.info/sct"/>
      <code value="307778003"/>
      <display value="Seen in primary care establishment"/>
    </contains>
    <contains>
      <system value="http://snomed.info/sct"/>
      <code value="713776001"/>
      <display value="Email encounter from third party"/>
    </contains>
    <contains>
      <system value="http://snomed.info/sct"/>
      <code value="185318008"/>
      <display value="Third party encounter"/>
    </contains>
    <contains>
      <system value="http://snomed.info/sct"/>
      <code value="391037000"/>
      <display value="Seen in osteoporosis clinic"/>
    </contains>
    <contains>
      <system value="http://snomed.info/sct"/>
      <code value="427933004"/>
      <display value="Seen in musculoskeletal clinic"/>
    </contains>
    <contains>
      <system value="http://snomed.info/sct"/>
      <code value="185177002"/>
      <display value="Seen in lipid clinic"/>
    </contains>
    <contains>
      <system value="http://snomed.info/sct"/>
      <code value="429519002"/>
      <display value="Seen in liver clinic"/>
    </contains>
    <contains>
      <system value="http://snomed.info/sct"/>
      <code value="185214008"/>
      <display value="Seen in warden-supervised house"/>
    </contains>
    <contains>
      <system value="http://snomed.info/sct"/>
      <code value="439021005"/>
      <display value="Seen in community anticoagulation clinic"/>
    </contains>
    <contains>
      <system value="http://snomed.info/sct"/>
      <code value="185219003"/>
      <display value="Seen in elderly mentally infirm home"/>
    </contains>
    <contains>
      <system value="http://snomed.info/sct"/>
      <code value="305906009"/>
      <display value="Seen in primary health care clinic"/>
    </contains>
    <contains>
      <system value="http://snomed.info/sct"/>
      <code value="305907000"/>
      <display value="Seen in day hospital"/>
    </contains>
    <contains>
      <system value="http://snomed.info/sct"/>
      <code value="305908005"/>
      <display value="Seen in psychiatry day hospital"/>
    </contains>
    <contains>
      <system value="http://snomed.info/sct"/>
      <code value="700187009"/>
      <display value="Seen in drug misuse clinic"/>
    </contains>
    <contains>
      <system value="http://snomed.info/sct"/>
      <code value="442005004"/>
      <display value="Seen in chemical pathology department"/>
    </contains>
    <contains>
      <system value="http://snomed.info/sct"/>
      <code value="185182009"/>
      <display value="Seen in pathology department"/>
    </contains>
    <contains>
      <system value="http://snomed.info/sct"/>
      <code value="11797002"/>
      <display value="Telephone call by physician to patient or for consultation"/>
    </contains>
    <contains>
      <system value="http://snomed.info/sct"/>
      <code value="386472008"/>
      <display value="Telephone consultation"/>
    </contains>
    <contains>
      <system value="http://snomed.info/sct"/>
      <code value="185317003"/>
      <display value="Telephone encounter"/>
    </contains>
    <contains>
      <system value="http://snomed.info/sct"/>
      <code value="185212007"/>
      <display value="Seen in hospital ward"/>
    </contains>
    <contains>
      <system value="http://snomed.info/sct"/>
      <code value="185228002"/>
      <display value="Seen in cardiac clinic"/>
    </contains>
    <contains>
      <system value="http://snomed.info/sct"/>
      <code value="185187003"/>
      <display value="Seen child psychology clinic"/>
    </contains>
    <contains>
      <system value="http://snomed.info/sct"/>
      <code value="185226003"/>
      <display value="Seen in antenatal clinic"/>
    </contains>
    <contains>
      <system value="http://snomed.info/sct"/>
      <code value="185186007"/>
      <display value="Seen in well child clinic"/>
    </contains>
    <contains>
      <system value="http://snomed.info/sct"/>
      <code value="185225004"/>
      <display value="Seen in psychology clinic"/>
    </contains>
    <contains>
      <system value="http://snomed.info/sct"/>
      <code value="185207006"/>
      <display value="Seen in institution"/>
    </contains>
    <contains>
      <system value="http://snomed.info/sct"/>
      <code value="315599008"/>
      <display value="Seen in young person clinic"/>
    </contains>
    <contains>
      <system value="http://snomed.info/sct"/>
      <code value="185202000"/>
      <display value="Seen in GP&#39;s surgery"/>
    </contains>
    <contains>
      <system value="http://snomed.info/sct"/>
      <code value="313104000"/>
      <display value="Seen in drug rehabilitation centre"/>
    </contains>
    <contains>
      <system value="http://snomed.info/sct"/>
      <code value="313340009"/>
      <display value="Seen in diabetic eye clinic"/>
    </contains>
    <contains>
      <system value="http://snomed.info/sct"/>
      <code value="185203005"/>
      <display value="Seen in Health Centre"/>
    </contains>
    <contains>
      <system value="http://snomed.info/sct"/>
      <code value="185201007"/>
      <display value="Site of encounter"/>
    </contains>
    <contains>
      <system value="http://snomed.info/sct"/>
      <code value="185185006"/>
      <display value="Seen in well person clinic"/>
    </contains>
    <contains>
      <system value="http://snomed.info/sct"/>
      <code value="705063007"/>
      <display value="Seen in paediatric endocrinology clinic"/>
    </contains>
    <contains>
      <system value="http://snomed.info/sct"/>
      <code value="185234009"/>
      <display value="Seen in paediatric clinic"/>
    </contains>
    <contains>
      <system value="http://snomed.info/sct"/>
      <code value="185223006"/>
      <display value="Seen in ENT clinic"/>
    </contains>
    <contains>
      <system value="http://snomed.info/sct"/>
      <code value="705064001"/>
      <display value="Seen in sickle cell and thalassaemia clinic"/>
    </contains>
    <contains>
      <system value="http://snomed.info/sct"/>
      <code value="440678006"/>
      <display value="Seen in hospital anticoagulation clinic"/>
    </contains>
    <contains>
      <system value="http://snomed.info/sct"/>
      <code value="185271006"/>
      <display value="Seen in breast clinic"/>
    </contains>
    <contains>
      <system value="http://snomed.info/sct"/>
      <code value="401267002"/>
      <display value="Telephone triage encounter"/>
    </contains>
    <contains>
      <system value="http://snomed.info/sct"/>
      <code value="185270007"/>
      <display value="Seen in oncology clinic"/>
    </contains>
    <contains>
      <system value="http://snomed.info/sct"/>
      <code value="185188008"/>
      <display value="Seen in family planning clinic"/>
    </contains>
    <contains>
      <system value="http://snomed.info/sct"/>
      <code value="386479004"/>
      <display value="Triage: telephone"/>
    </contains>
    <contains>
      <system value="http://snomed.info/sct"/>
      <code value="416696002"/>
      <display value="Seen in community diabetic specialist nurse clinic"/>
    </contains>
    <contains>
      <system value="http://snomed.info/sct"/>
      <code value="305910007"/>
      <display value="Seen in care of the elderly day hospital"/>
    </contains>
    <contains>
      <system value="http://snomed.info/sct"/>
      <code value="428120007"/>
      <display value="Seen in cardiothoracic surgery clinic"/>
    </contains>
    <contains>
      <system value="http://snomed.info/sct"/>
      <code value="305911006"/>
      <display value="Seen in hospice"/>
    </contains>
    <contains>
      <system value="http://snomed.info/sct"/>
      <code value="313103006"/>
      <display value="Seen in baby clinic"/>
    </contains>
    <contains>
      <system value="http://snomed.info/sct"/>
      <code value="185189000"/>
      <display value="Seen in varicose vein clinic"/>
    </contains>
    <contains>
      <system value="http://snomed.info/sct"/>
      <code value="270422009"/>
      <display value="Seen in dermatology clinic"/>
    </contains>
    <contains>
      <system value="http://snomed.info/sct"/>
      <code value="185233003"/>
      <display value="Seen in elderly assessment clinic"/>
    </contains>
    <contains>
      <system value="http://snomed.info/sct"/>
      <code value="440168007"/>
      <display value="Provision of copy of letter from specialist to patient"/>
    </contains>
    <contains>
      <system value="http://snomed.info/sct"/>
      <code value="270424005"/>
      <display value="Letter encounter from patient"/>
    </contains>
    <contains>
      <system value="http://snomed.info/sct"/>
      <code value="441828004"/>
      <display value="Seen in child and adolescent psychiatry clinic"/>
    </contains>
    <contains>
      <system value="http://snomed.info/sct"/>
      <code value="185235005"/>
      <display value="Site of encounter: street"/>
    </contains>
    <contains>
      <system value="http://snomed.info/sct"/>
      <code value="185232008"/>
      <display value="Seen in psychiatry clinic"/>
    </contains>
    <contains>
      <system value="http://snomed.info/sct"/>
      <code value="270421002"/>
      <display value="Seen in warden-supervised home"/>
    </contains>
    <contains>
      <system value="http://snomed.info/sct"/>
      <code value="439362007"/>
      <display value="Seen in community paediatric clinic"/>
    </contains>
    <contains>
      <system value="http://snomed.info/sct"/>
      <code value="428889007"/>
      <display value="Seen in sleep clinic"/>
    </contains>
    <contains>
      <system value="http://snomed.info/sct"/>
      <code value="185191008"/>
      <display value="Seen in fracture clinic"/>
    </contains>
    <contains>
      <system value="http://snomed.info/sct"/>
      <code value="185236006"/>
      <display value="Seen at doctors house"/>
    </contains>
    <contains>
      <system value="http://snomed.info/sct"/>
      <code value="185266004"/>
      <display value="Seen in postnatal clinic"/>
    </contains>
    <contains>
      <system value="http://snomed.info/sct"/>
      <code value="275693003"/>
      <display value="Letter from consultant"/>
    </contains>
    <contains>
      <system value="http://snomed.info/sct"/>
      <code value="270425006"/>
      <display value="Letter from specialist"/>
    </contains>
    <contains>
      <system value="http://snomed.info/sct"/>
      <code value="185265000"/>
      <display value="Seen in emergency clinic"/>
    </contains>
    <contains>
      <system value="http://snomed.info/sct"/>
      <code value="314803001"/>
      <display value="Seen in open access nurse clinic"/>
    </contains>
    <contains>
      <system value="http://snomed.info/sct"/>
      <code value="185243000"/>
      <display value="Seen in colposcopy clinic"/>
    </contains>
    <contains>
      <system value="http://snomed.info/sct"/>
      <code value="445450000"/>
      <display value="Encounter by short message service text messaging"/>
    </contains>
    <contains>
      <system value="http://snomed.info/sct"/>
      <code value="440580005"/>
      <display value="Seen in foetal medicine clinic"/>
    </contains>
    <contains>
      <system value="http://snomed.info/sct"/>
      <code value="185242005"/>
      <display value="Seen in asthma clinic"/>
    </contains>
    <contains>
      <system value="http://snomed.info/sct"/>
      <code value="185183004"/>
      <display value="Seen in developmental clinic"/>
    </contains>
    <contains>
      <system value="http://snomed.info/sct"/>
      <code value="185244006"/>
      <display value="Seen in colorectal clinic"/>
    </contains>
    <contains>
      <system value="http://snomed.info/sct"/>
      <code value="313148005"/>
      <display value="Seen in vascular clinic"/>
    </contains>
    <contains>
      <system value="http://snomed.info/sct"/>
      <code value="439437006"/>
      <display value="Seen in eating disorder clinic"/>
    </contains>
    <contains>
      <system value="http://snomed.info/sct"/>
      <code value="185269006"/>
      <display value="Seen in chiropody clinic"/>
    </contains>
    <contains>
      <system value="http://snomed.info/sct"/>
      <code value="185241003"/>
      <display value="Seen in general medical clinic"/>
    </contains>
    <contains>
      <system value="http://snomed.info/sct"/>
      <code value="442163005"/>
      <display value="Seen in microbiology department"/>
    </contains>
    <contains>
      <system value="http://snomed.info/sct"/>
      <code value="185268003"/>
      <display value="Seen in fertility clinic"/>
    </contains>
    <contains>
      <system value="http://snomed.info/sct"/>
      <code value="185240002"/>
      <display value="Seen in chest clinic"/>
    </contains>
    <contains>
      <system value="http://snomed.info/sct"/>
      <code value="185267008"/>
      <display value="Seen in thoracic surgery clinic"/>
    </contains>
    <contains>
      <system value="http://snomed.info/sct"/>
      <code value="185249001"/>
      <display value="Seen in prostate clinic"/>
    </contains>
    <contains>
      <system value="http://snomed.info/sct"/>
      <code value="185221008"/>
      <display value="Seen in gynaecology clinic"/>
    </contains>
    <contains>
      <system value="http://snomed.info/sct"/>
      <code value="185222001"/>
      <display value="Seen in ophthalmology clinic"/>
    </contains>
    <contains>
      <system value="http://snomed.info/sct"/>
      <code value="448337001"/>
      <display value="Telemedicine consultation with patient"/>
    </contains>
    <contains>
      <system value="http://snomed.info/sct"/>
      <code value="185184005"/>
      <display value="Seen in speech and language clinic"/>
    </contains>
    <contains>
      <system value="http://snomed.info/sct"/>
      <code value="185247004"/>
      <display value="Seen in neurosurgery clinic"/>
    </contains>
    <contains>
      <system value="http://snomed.info/sct"/>
      <code value="185220009"/>
      <display value="Seen in urology clinic"/>
    </contains>
    <contains>
      <system value="http://snomed.info/sct"/>
      <code value="185181002"/>
      <display value="Seen in radiology department"/>
    </contains>
    <contains>
      <system value="http://snomed.info/sct"/>
      <code value="185180001"/>
      <display value="Seen in GU medicine clinic"/>
    </contains>
    <contains>
      <system value="http://snomed.info/sct"/>
      <code value="185246008"/>
      <display value="Seen in haematology clinic"/>
    </contains>
    <contains>
      <system value="http://snomed.info/sct"/>
      <code value="185245007"/>
      <display value="Seen in gastroenterology clinic"/>
    </contains>
    <contains>
      <system value="http://snomed.info/sct"/>
      <code value="705062002"/>
      <display value="Seen in bariatric surgery clinic"/>
    </contains>
    <contains>
      <system value="http://snomed.info/sct"/>
      <code value="185248009"/>
      <display value="Seen in pain clinic"/>
    </contains>
    <contains>
      <system value="http://snomed.info/sct"/>
      <code value="185263007"/>
      <display value="Seen in geriatric clinic"/>
    </contains>
    <contains>
      <system value="http://snomed.info/sct"/>
      <code value="305909002"/>
      <display value="Seen in psychogeriatric day hospital"/>
    </contains>
    <contains>
      <system value="http://snomed.info/sct"/>
      <code value="185264001"/>
      <display value="Seen in hypertension clinic"/>
    </contains>
    <contains>
      <system value="http://snomed.info/sct"/>
      <code value="185262002"/>
      <display value="Seen in general surgery clinic"/>
    </contains>
    <contains>
      <system value="http://snomed.info/sct"/>
      <code value="275691001"/>
      <display value="Seen in old people&#39;s home"/>
    </contains>
    <contains>
      <system value="http://snomed.info/sct"/>
      <code value="428658005"/>
      <display value="Seen in community respiratory clinic"/>
    </contains>
    <contains>
      <system value="http://snomed.info/sct"/>
      <code value="428489000"/>
      <display value="Seen in respiratory clinic"/>
    </contains>
    <contains>
      <system value="http://snomed.info/sct"/>
      <code value="431962000"/>
      <display value="Seen in urogynaecology clinic"/>
    </contains>
    <contains>
      <system value="http://snomed.info/sct"/>
      <code value="185227007"/>
      <display value="Seen in rheumatology clinic"/>
    </contains>
    <contains>
      <system value="http://snomed.info/sct"/>
      <code value="386473003"/>
      <display value="Telephone follow-up"/>
    </contains>
    <contains>
      <system value="http://snomed.info/sct"/>
      <code value="432806004"/>
      <display value="Seen in memory clinic"/>
    </contains>
    <contains>
      <system value="http://snomed.info/sct"/>
      <code value="185215009"/>
      <display value="Seen in warden-supervised flat"/>
    </contains>
    <contains>
      <system value="http://snomed.info/sct"/>
      <code value="307779006"/>
      <display value="Seen in supervised accommodation"/>
    </contains>
    <contains>
      <system value="http://snomed.info/sct"/>
      <code value="185211000"/>
      <display value="Seen in hospital outpatient department"/>
    </contains>
    <contains>
      <system value="http://snomed.info/sct"/>
      <code value="440681001"/>
      <display value="Seen in genetic clinic"/>
    </contains>
    <contains>
      <system value="http://snomed.info/sct"/>
      <code value="308021002"/>
      <display value="Seen in clinic"/>
    </contains>
    <contains>
      <system value="http://snomed.info/sct"/>
      <code value="308467007"/>
      <display value="Seen in establishment"/>
    </contains>
    <contains>
      <system value="http://snomed.info/sct"/>
      <code value="185237002"/>
      <display value="Seen in gastroscopy clinic"/>
    </contains>
    <contains>
      <system value="http://snomed.info/sct"/>
      <code value="185210004"/>
      <display value="Seen in hospital casualty"/>
    </contains>
    <contains>
      <system value="http://snomed.info/sct"/>
      <code value="308031009"/>
      <display value="Seen in department"/>
    </contains>
    <contains>
      <system value="http://snomed.info/sct"/>
      <code value="313375009"/>
      <display value="Seen in private clinic"/>
    </contains>
    <contains>
      <system value="http://snomed.info/sct"/>
      <code value="185239004"/>
      <display value="Seen in plastic surgery clinic"/>
    </contains>
    <contains>
      <system value="http://snomed.info/sct"/>
      <code value="401271004"/>
      <display value="E-mail sent to patient"/>
    </contains>
    <contains>
      <system value="http://snomed.info/sct"/>
      <code value="185320006"/>
      <display value="Encounter by computer link"/>
    </contains>
    <contains>
      <system value="http://snomed.info/sct"/>
      <code value="185316007"/>
      <display value="Indirect encounter"/>
    </contains>
  </expansion>
</ValueSet>