<?xml version="1.0" encoding="UTF-8"?>

<ValueSet xmlns="http://hl7.org/fhir">
  <id value="CareConnect-AllergyCertainty-1"/>
  <text>
    <status value="generated"/><div xmlns="http://www.w3.org/1999/xhtml"><h2>Care Connect Allergy Certainty</h2><div><p>A code from the SNOMED Clinical Terminology UK coding system that describes the certainty of an allergy.</p>
</div><p><b>Copyright Statement:</b> This value set includes content from SNOMED CT, which is copyright © 2002+ International Health Terminology Standards Development Organisation (IHTSDO), and distributed by agreement between IHTSDO and HL7. Implementer use of SNOMED CT is not covered by this agreement.</p><p>This value set includes codes from the following code systems:</p><ul><li>Include codes from <a href="http://www.snomed.org/"><code>http://snomed.info/sct</code></a> where constraint  =  (385434005 |Improbable diagnosis| OR 2931005 |Probable diagnosis| OR 255545003 |Definite| OR 410605003 |Confirmed present|)</li></ul></div>
  </text>
  <url value="https://fhir.hl7.org.uk/STU3/ValueSet/CareConnect-AllergyCertainty-1"/>
  <version value="1.0.0"/>
  <name value="Care Connect Allergy Certainty"/>
  <status value="draft"/>
  <date value="2018-03-05T00:00:00+00:00"/>
  <publisher value="HL7 West Riding - Example"/>
  <contact>
    <telecom>
      <system value="other"/>
      <value value="http://hl7.org/Special/committees/[something]"/>
    </telecom>
  </contact>
  <description value="A code from the SNOMED Clinical Terminology UK coding system that describes the certainty of an allergy."/>
  <jurisdiction>
    <coding>
      <system value="http://unstats.un.org/unsd/methods/m49/m49.htm"/>
      <code value="001"/>
    </coding>
  </jurisdiction>
  <copyright value="This value set includes content from SNOMED CT, which is copyright &#xA9; 2002+ International Health Terminology Standards Development Organisation (IHTSDO), and distributed by agreement between IHTSDO and HL7. Implementer use of SNOMED CT is not covered by this agreement."/>
  <compose>
    <include>
      <system value="http://snomed.info/sct"/>
      <filter>
        <property value="constraint"/>
        <op value="="/>
        <value value="(385434005 |Improbable diagnosis| OR 2931005 |Probable diagnosis| OR 255545003 |Definite| OR 410605003 |Confirmed present|)"/>
      </filter>
    </include>
  </compose>
</ValueSet>