<?xml version="1.0" encoding="UTF-8"?>

<ValueSet xmlns="http://hl7.org/fhir">
  <id value="CareConnect-AllergyVerificationStatus-1"/>
  <text>
    <status value="generated"/><div xmlns="http://www.w3.org/1999/xhtml"><h2>AllergyIntoleranceVerificationStatus</h2><div><p>Assertion about certainty associated with a propensity, or potential risk, of a reaction to the identified substance.</p>
</div><p><b>Copyright Statement:</b> Copyright © HL7.org 2011+</p><p>This value set includes codes from the following code systems:</p><ul><li>Include these codes as defined in <a href="http://hl7.org/fhir/STU3/codesystem-allergy-verification-status.html"><code>http://hl7.org/fhir/allergy-verification-status</code></a><table class="none"><tr><td style="white-space:nowrap"><b>Code</b></td><td><b>Display</b></td></tr><tr><td><a href="http://hl7.org/fhir/STU3/codesystem-allergy-verification-status.html#allergy-verification-status-unconfirmed">unconfirmed</a></td><td>Unconfirmed</td><td>A low level of certainty about the propensity for a reaction to the identified substance.</td></tr><tr><td><a href="http://hl7.org/fhir/STU3/codesystem-allergy-verification-status.html#allergy-verification-status-confirmed">confirmed</a></td><td>Confirmed</td><td>A high level of certainty about the propensity for a reaction to the identified substance, which may include clinical evidence by testing or rechallenge.</td></tr></table></li></ul></div>
  </text>
  <extension url="http://hl7.org/fhir/StructureDefinition/valueset-map">
    <valueReference>
      <reference value="https://fhir.hl7.org.uk/STU3/ConceptMap/CareConnect-AllergyVerificationStatus-1"/>
    </valueReference>
  </extension>
  <extension url="http://hl7.org/fhir/StructureDefinition/valueset-sourceReference">
    <valueUri value="http://hl7.org/fhir/ValueSet/allergy-verification-status"/>
  </extension>
  <extension url="http://hl7.org/fhir/StructureDefinition/structuredefinition-wg">
    <valueCode value="pc"/>
  </extension>
  <extension url="http://hl7.org/fhir/StructureDefinition/structuredefinition-fmm">
    <valueInteger value="3"/>
  </extension>
  <extension url="http://hl7.org/fhir/StructureDefinition/structuredefinition-ballot-status">
    <valueString value="Informative"/>
  </extension>
  <url value="https://fhir.hl7.org.uk/STU3/ValueSet/CareConnect-AllergyVerificationStatus-1"/>
  <identifier>
    <system value="urn:ietf:rfc:3986"/>
    <value value="urn:oid:2.16.840.1.113883.4.642.3.115"/>
  </identifier>
  <version value="3.0.0"/>
  <name value="AllergyIntoleranceVerificationStatus"/>
  <status value="active"/>
  <date value="2017-04-19T07:44:47+10:00"/>
  <publisher value="INTEROpen"/>
  <contact>
    <telecom>
      <system value="other"/>
      <value value="https://interopen.ryver.com/"/>
    </telecom>
  </contact>
  <description value="Assertion about certainty associated with a propensity, or potential risk, of a reaction to the identified substance."/>
  <jurisdiction>
    <coding>
      <system value="http://unstats.un.org/unsd/methods/m49/m49.htm"/>
      <code value="826"/>
    </coding>
  </jurisdiction>
  <copyright value="Copyright &#xA9; HL7.org 2011+"/>
  <compose>
    <include>
      <system value="http://hl7.org/fhir/allergy-verification-status"/>
      <concept>
        <code value="unconfirmed"/>
        <display value="Unconfirmed"/>
      </concept>
      <concept>
        <code value="confirmed"/>
        <display value="Confirmed"/>
      </concept>
    </include>
  </compose>
</ValueSet>