{"resourceType":"CodeSystem","id":"CareConnect-RegistrationType-1","text":{"status":"generated","div":"<div xmlns=\"http://www.w3.org/1999/xhtml\"><h2>Care Connect Registration Type</h2><div><p>A CodeSystem that identifies the type of registration for a patient at a healthcare organisation.</p>\n</div><p><b>Copyright Statement:</b> Copyright © 2016 HL7 UK</p><p>This code system https://fhir.hl7.org.uk/STU3/CodeSystem/CareConnect-RegistrationType-1 defines the following codes:</p><table class=\"codes\"><tr><td style=\"white-space:nowrap\"><b>Code</b></td><td><b>Display</b></td><td><b>Definition</b></td></tr><tr><td style=\"white-space:nowrap\">R<a name=\"CareConnect-RegistrationType-1-R\"> </a></td><td>Regular</td><td/></tr><tr><td style=\"white-space:nowrap\">E<a name=\"CareConnect-RegistrationType-1-E\"> </a></td><td>Emergency</td><td/></tr><tr><td style=\"white-space:nowrap\">IN<a name=\"CareConnect-RegistrationType-1-IN\"> </a></td><td>Immediately necessary</td><td/></tr><tr><td style=\"white-space:nowrap\">T<a name=\"CareConnect-RegistrationType-1-T\"> </a></td><td>Temporary</td><td/></tr><tr><td style=\"white-space:nowrap\">P<a name=\"CareConnect-RegistrationType-1-P\"> </a></td><td>Private</td><td/></tr><tr><td style=\"white-space:nowrap\">O<a name=\"CareConnect-RegistrationType-1-O\"> </a></td><td>Other</td><td/></tr><tr><td style=\"white-space:nowrap\">S<a name=\"CareConnect-RegistrationType-1-S\"> </a></td><td>Synthetic Record</td><td/></tr></table></div>"},"url":"https://fhir.hl7.org.uk/STU3/CodeSystem/CareConnect-RegistrationType-1","version":"3.0.0","name":"Care Connect Registration Type","status":"draft","date":"2017-08-01T01:00:00+01:00","publisher":"HL7 UK","contact":[{"telecom":[{"system":"other","value":"http://hl7.org/Special/committees/[something]"}]}],"description":"A CodeSystem that identifies the type of registration for a patient at a healthcare organisation.","jurisdiction":[{"coding":[{"system":"http://unstats.un.org/unsd/methods/m49/m49.htm","code":"826"}]}],"copyright":"Copyright © 2016 HL7 UK","caseSensitive":true,"content":"complete","concept":[{"code":"R","display":"Regular"},{"code":"E","display":"Emergency"},{"code":"IN","display":"Immediately necessary"},{"code":"T","display":"Temporary"},{"code":"P","display":"Private"},{"code":"O","display":"Other"},{"code":"S","display":"Synthetic Record"}]}