{"resourceType":"ConceptMap","id":"ConditionEpisodicity-1","text":{"status":"generated","div":"<div xmlns=\"http://www.w3.org/1999/xhtml\"><h2>Concept Map - Condition Episodicity (https://fhir.hl7.org.uk/STU3/ConceptMap/ConditionEpisodicity-1)</h2><p>Mapping from <a href=\"valueset-CareConnect-ConditionEpisodicity-1.html\">https://fhir.hl7.org.uk/STU3/ValueSet/CareConnect-ConditionEpisodicity-1</a> to <a href=\"valueset-CareConnect-ConditionEpisodeSnCT-1.html\">https://fhir.hl7.org.uk/STU3/ValueSet/CareConnect-ConditionEpisodeSnCT-1</a></p><p>DRAFT. Published on 14-Nov-2018 00:00:00 by HL7 UK (). Copyright © 2016 HL7 UK</p><div><p>A Concept Map from ValueSet Condition Episodicity Severity to equivalent Snomed CT codes</p>\n</div><br/><table class=\"grid\"><tr><td><b>Source Code</b></td><td><b>Relationship</b></td><td><b>Destination Code</b></td></tr><tr><td>first</td><td>equivalent</td><td>255217005 (First episode)</td></tr><tr><td>new</td><td>equivalent</td><td>288527008 (New episode)</td></tr><tr><td>review</td><td>equivalent</td><td>303350001 (Ongoing episode)</td></tr><tr><td>end</td><td>equivalent</td><td>272131007 (Old episode)</td></tr></table></div>"},"url":"https://fhir.hl7.org.uk/STU3/ConceptMap/ConditionEpisodicity-1","version":"3.0.0","name":"Concept Map - Condition Episodicity","status":"draft","date":"2018-11-14T00:00:00+00:00","publisher":"HL7 UK","contact":[{"telecom":[{"system":"other","value":"https://chat.fhir.org/#narrow/stream/179189-uk"}]}],"description":"A Concept Map from ValueSet Condition Episodicity Severity to equivalent Snomed CT codes","jurisdiction":[{"coding":[{"system":"http://unstats.un.org/unsd/methods/m49/m49.htm","code":"826"}]}],"copyright":"Copyright © 2016 HL7 UK","sourceUri":"https://fhir.hl7.org.uk/STU3/ValueSet/CareConnect-ConditionEpisodicity-1","targetUri":"https://fhir.hl7.org.uk/STU3/ValueSet/CareConnect-ConditionEpisodeSnCT-1","group":[{"source":"https://fhir.hl7.org.uk/STU3/CodeSystem/CareConnect-ConditionEpisodicity-1","target":"http://snomed.info/sct","element":[{"code":"first","display":"First","target":[{"code":"255217005","display":"First episode","equivalence":"equivalent"}]},{"code":"new","display":"New","target":[{"code":"288527008","display":"New episode","equivalence":"equivalent"}]},{"code":"review","display":"Review","target":[{"code":"303350001","display":"Ongoing episode","equivalence":"equivalent"}]},{"code":"end","display":"End","target":[{"code":"272131007","display":"Old episode","equivalence":"equivalent"}]}]}]}