{"resourceType":"ImplementationGuide","id":"Care-Connect-STU3","text":{"status":"generated","div":"<div xmlns=\"http://www.w3.org/1999/xhtml\"><h2>Care Connect Implementation Guide</h2><p>The official URL for this implementation guide is: </p><pre>https://fhir.hl7.org.uk/STU3/ImplementationGuide/Care-Connect-STU3</pre><div><p>A brief description of what MyIG is about (probably the same text as in your readme)</p>\n</div></div>"},"url":"https://fhir.hl7.org.uk/STU3/ImplementationGuide/Care-Connect-STU3","name":"Care Connect Implementation Guide","status":"draft","experimental":false,"date":"2019-11-25T16:40:54+00:00","publisher":"HL7 West Riding - Example","contact":[{"telecom":[{"system":"other","value":"http://hl7.org/Special/committees/[something]"}]}],"description":"A brief description of what MyIG is about (probably the same text as in your readme)","jurisdiction":[{"coding":[{"system":"http://unstats.un.org/unsd/methods/m49/m49.htm","code":"001"}]}],"fhirVersion":"3.0.2","package":[{"id":"_str_profile","name":"Structures: Resource Profiles","description":"These define constraints on FHIR resources that need to be complied with by conformant implementations","resource":[{"extension":[{"url":"http://hl7.org/fhir/StructureDefinition/implementationguide-page","valueUri":"CareConnect-Patient-1.html"}],"example":false,"name":"CareConnect-Patient-1","description":"Level 2 (base UK) Patient profile.","sourceReference":{"reference":"StructureDefinition/CareConnect-Patient-1"}},{"extension":[{"url":"http://hl7.org/fhir/StructureDefinition/implementationguide-page","valueUri":"CareConnect-Organization-1.html"}],"example":false,"name":"CareConnect-Organization-1","description":"Level 2 (base UK) profile.","sourceReference":{"reference":"StructureDefinition/CareConnect-Organization-1"}},{"extension":[{"url":"http://hl7.org/fhir/StructureDefinition/implementationguide-page","valueUri":"CareConnect-Encounter-1.html"}],"example":false,"name":"CareConnect-Encounter-1","description":"Level 2 (base UK) profile.","sourceReference":{"reference":"StructureDefinition/CareConnect-Encounter-1"}},{"extension":[{"url":"http://hl7.org/fhir/StructureDefinition/implementationguide-page","valueUri":"CareConnect-Location-1.html"}],"example":false,"name":"CareConnect-Location-1","description":"Level 2 (base UK) profile.","sourceReference":{"reference":"StructureDefinition/CareConnect-Location-1"}},{"extension":[{"url":"http://hl7.org/fhir/StructureDefinition/implementationguide-page","valueUri":"CareConnect-Slot-1.html"}],"example":false,"name":"CareConnect-Slot-1","description":"Level 2 (base UK) profile.","sourceReference":{"reference":"StructureDefinition/CareConnect-Slot-1"}},{"extension":[{"url":"http://hl7.org/fhir/StructureDefinition/implementationguide-page","valueUri":"CareConnect-Observation-1.html"}],"example":false,"name":"CareConnect-Observation-1","description":"Level 2 (base UK) profile.","sourceReference":{"reference":"StructureDefinition/CareConnect-Observation-1"}},{"extension":[{"url":"http://hl7.org/fhir/StructureDefinition/implementationguide-page","valueUri":"CareConnect-Practitioner-1.html"}],"example":false,"name":"CareConnect-Practitoner-1","description":"Level 2 profile.","sourceReference":{"reference":"StructureDefinition/CareConnect-Practitioner-1"}},{"extension":[{"url":"http://hl7.org/fhir/StructureDefinition/implementationguide-page","valueUri":"CareConnect-HeartRate-Observation-1.html"}],"example":false,"name":"CareConnect-HeartRate-Observation-1","description":"Level 3 profile. This extends the CareConnect-Observation-1 profile","sourceReference":{"reference":"StructureDefinition/CareConnect-HeartRate-Observation-1"}},{"extension":[{"url":"http://hl7.org/fhir/StructureDefinition/implementationguide-page","valueUri":"CareConnect-VitalSigns-Observation-1.html"}],"example":false,"name":"CareConnect-VitalSigns-Observation-1","description":"Level 3 profile. This extends the CareConnect-Observation-1 profile","sourceReference":{"reference":"StructureDefinition/CareConnect-VitalSigns-Observation-1"}}]},{"id":"_str_extension","name":"Structures: Extension Definitions","description":"These define constraints on FHIR data types that need to be complied with by conformant implementations","resource":[{"extension":[{"url":"http://hl7.org/fhir/StructureDefinition/implementationguide-page","valueUri":"extension-Extension-CareConnect-EthnicCategory-1.html"}],"example":false,"name":"CareConnect-EthnicCategory-1","description":"Level 2 (base UK) extension.","sourceReference":{"reference":"StructureDefinition/Extension-CareConnect-EthnicCategory-1"}},{"extension":[{"url":"http://hl7.org/fhir/StructureDefinition/implementationguide-page","valueUri":"extension-Extension-CareConnect-NHSNumberVerificationStatus-1.html"}],"example":false,"name":"CareConnect-NHSNumberVerificationStatus-1","description":"Level 2 (base UK) extension.","sourceReference":{"reference":"StructureDefinition/Extension-CareConnect-NHSNumberVerificationStatus-1"}},{"extension":[{"url":"http://hl7.org/fhir/StructureDefinition/implementationguide-page","valueUri":"extension-Extension-CareConnect-NominatedPharmacy-1.html"}],"example":false,"name":"CareConnect-NominatedPharmacy-1","description":"Level 2 (base UK) extension.","sourceReference":{"reference":"StructureDefinition/Extension-CareConnect-NominatedPharmacy-1"}},{"extension":[{"url":"http://hl7.org/fhir/StructureDefinition/implementationguide-page","valueUri":"extension-Extension-CareConnect-ReligiousAffiliation-1.html"}],"example":false,"name":"CareConnect-ReligiousAffiliation-1","description":"Level 2 (base UK) extension.","sourceReference":{"reference":"StructureDefinition/Extension-CareConnect-ReligiousAffiliation-1"}},{"extension":[{"url":"http://hl7.org/fhir/StructureDefinition/implementationguide-page","valueUri":"extension-Extension-CareConnect-ResidentialStatus-1.html"}],"example":false,"name":"CareConnect-ResidentialStatus-1","description":"Level 2 (base UK) extension.","sourceReference":{"reference":"StructureDefinition/Extension-CareConnect-ResidentialStatus-1"}},{"extension":[{"url":"http://hl7.org/fhir/StructureDefinition/implementationguide-page","valueUri":"extension-Extension-CareConnect-TreatmentCategory-1.html"}],"example":false,"name":"CareConnect-TreatmentCategory-1","description":"Level 2 (base UK) extension.","sourceReference":{"reference":"StructureDefinition/Extension-CareConnect-TreatmentCategory-1"}},{"extension":[{"url":"http://hl7.org/fhir/StructureDefinition/implementationguide-page","valueUri":"extension-Extension-CareConnect-DeathNotificationStatus-1.html"}],"example":false,"name":"CareConnect-DeathNotificationStatus-1","description":"Level 2 (base UK) extension.","sourceReference":{"reference":"StructureDefinition/Extension-CareConnect-DeathNotificationStatus-1"}},{"extension":[{"url":"http://hl7.org/fhir/StructureDefinition/implementationguide-page","valueUri":"extension-Extension-CareConnect-NHSCommunication-1.html"}],"example":false,"name":"CareConnect-NHSCommunication-1","description":"Level 2 (base UK) extension.","sourceReference":{"reference":"StructureDefinition/Extension-CareConnect-NHSCommunication-1"}}]},{"id":"_term_valueset","name":"Terminology: Value Sets","description":"These define sets of codes used by systems conforming with this implementation guide","resource":[{"extension":[{"url":"http://hl7.org/fhir/StructureDefinition/implementationguide-page","valueUri":"valueset-CareConnect-NameUse-1.html"}],"example":false,"name":"CareConnect-NameUse-1","description":"Level 2 resource","sourceReference":{"reference":"ValueSet/CareConnect-NameUse-1"}},{"extension":[{"url":"http://hl7.org/fhir/StructureDefinition/implementationguide-page","valueUri":"valueset-CareConnect-AdministrativeGender-1.html"}],"example":false,"name":"CareConnect-AdministrativeGender-1","description":"Level 2 resource","sourceReference":{"reference":"ValueSet/CareConnect-AdministrativeGender-1"}},{"extension":[{"url":"http://hl7.org/fhir/StructureDefinition/implementationguide-page","valueUri":"valueset-CareConnect-MaritalStatus-1.html"}],"example":false,"name":"CareConnect-MaritalStatus-1","description":"Level 2 resource","sourceReference":{"reference":"ValueSet/CareConnect-MaritalStatus-1"}},{"extension":[{"url":"http://hl7.org/fhir/StructureDefinition/implementationguide-page","valueUri":"valueset-CareConnect-EthnicCategory-1.html"}],"example":false,"name":"CareConnect-EthnicCategory-1","description":"Level 2 resource","sourceReference":{"reference":"ValueSet/CareConnect-EthnicCategory-1"}},{"extension":[{"url":"http://hl7.org/fhir/StructureDefinition/implementationguide-page","valueUri":"valueset-CareConnect-SourceOfAdmission-1.html"}],"example":false,"name":"CareConnect-SourceOfAdmission-1","description":"Level 2 resource","sourceReference":{"reference":"ValueSet/CareConnect-SourceOfAdmission-1"}},{"extension":[{"url":"http://hl7.org/fhir/StructureDefinition/implementationguide-page","valueUri":"valueset-CareConnect-NHSNumberVerificationStatus-1.html"}],"example":false,"name":"CareConnect-NHSNumberVerificationStatus-1","description":"Level 2 resource","sourceReference":{"reference":"ValueSet/CareConnect-NHSNumberVerificationStatus-1"}},{"extension":[{"url":"http://hl7.org/fhir/StructureDefinition/implementationguide-page","valueUri":"valueset-CareConnect-EncounterType-1.html"}],"example":false,"name":"CareConnect-EncounterType-1","description":"Level 2 resource","sourceReference":{"reference":"ValueSet/CareConnect-EncounterType-1"}},{"extension":[{"url":"http://hl7.org/fhir/StructureDefinition/implementationguide-page","valueUri":"valueset-CareConnect-ObservationType-1.html"}],"example":false,"name":"CareConnect-ObservationType-1","description":"resource","sourceReference":{"reference":"ValueSet/CareConnect-ObservationType-1"}},{"extension":[{"url":"http://hl7.org/fhir/StructureDefinition/implementationguide-page","valueUri":"valueset-CareConnect-DischargeDestination-1.html"}],"example":false,"name":"CareConnect-DischargeDestination-1","description":"Level 2 resource","sourceReference":{"reference":"ValueSet/CareConnect-DischargeDestination-1"}}]},{"id":"_term_codesystem","name":"Terminology: Code Systems","description":"These define new code systems used by systems conforming with this implementation guide","resource":[{"extension":[{"url":"http://hl7.org/fhir/StructureDefinition/implementationguide-page","valueUri":"CareConnect-EthnicCategory-1.html"}],"example":false,"name":"CareConnect-EthnicCategory-1","description":"Level 2 resource","sourceReference":{"reference":"CodeSystem/CareConnect-EthnicCategory-1"}},{"extension":[{"url":"http://hl7.org/fhir/StructureDefinition/implementationguide-page","valueUri":"CareConnect-SourceOfAdmission-1.html"}],"example":false,"name":"CareConnect-SourceOfAdmission-1","description":"Level 2 resource","sourceReference":{"reference":"CodeSystem/CareConnect-SourceOfAdmission-1"}},{"extension":[{"url":"http://hl7.org/fhir/StructureDefinition/implementationguide-page","valueUri":"CareConnect-NHSNumberVerificationStatus-1.html"}],"example":false,"name":"CareConnect-NHSNumberVerificationStatus-1","description":"Level 2 resource","sourceReference":{"reference":"CodeSystem/CareConnect-NHSNumberVerificationStatus-1"}},{"extension":[{"url":"http://hl7.org/fhir/StructureDefinition/implementationguide-page","valueUri":"CareConnect-DischargeDestination-1.html"}],"example":false,"name":"CareConnect-DischargeDestination-1","description":"Level 2 resource","sourceReference":{"reference":"CodeSystem/CareConnect-DischargeDestination-1"}}]},{"id":"_ex_example","name":"Example: Example Instances","description":"These are example instances that show what data produced and consumed by systems conforming with this implementation guide might look like","resource":[{"extension":[{"url":"http://hl7.org/fhir/StructureDefinition/implementationguide-page","valueUri":"1.html"}],"example":true,"name":"Patient example","description":"Level 2 Example","sourceReference":{"reference":"Patient/1"},"exampleFor":{"reference":"StructureDefinition/CareConnect-Patient-1"}},{"extension":[{"url":"http://hl7.org/fhir/StructureDefinition/implementationguide-page","valueUri":"9084.html"}],"example":true,"name":"Observation example","description":"Level 3 Example","sourceReference":{"reference":"Observation/9084"},"exampleFor":{"reference":"StructureDefinition/CareConnect-Observation-1"}},{"extension":[{"url":"http://hl7.org/fhir/StructureDefinition/implementationguide-page","valueUri":"4.html"}],"example":true,"name":"Practitioner example","description":"Level 3 Example","sourceReference":{"reference":"Practitioner/4"},"exampleFor":{"reference":"https://fhir.hl7.org.uk/STU3/StructureDefinition/CareConnect-Practitioner-1"}},{"extension":[{"url":"http://hl7.org/fhir/StructureDefinition/implementationguide-page","valueUri":"2.html"}],"example":true,"name":"Organization example","description":"Level 3 Example","sourceReference":{"reference":"Organization/2"},"exampleFor":{"reference":"StructureDefinition/CareConnect-Organization-1"}},{"extension":[{"url":"http://hl7.org/fhir/StructureDefinition/implementationguide-page","valueUri":"3.html"}],"example":true,"name":"Organization example","description":"Level 3 Example","sourceReference":{"reference":"Organization/3"},"exampleFor":{"reference":"StructureDefinition/CareConnect-Organization-1"}}]}],"page":{"source":"toc.html","title":"Table of Contents","kind":"page","page":[{"source":"index.html","title":"MyIG Home Page","kind":"page"},{"source":"background.html","title":"Background","kind":"page"},{"source":"spec.html","title":"Detailed Specification","kind":"resource"},{"source":"downloads.html","title":"Useful Downloads","kind":"page"},{"source":"changes.html","title":"IG Change History","kind":"page"},{"source":"artifacts.html","title":"Artifacts Summary","kind":"page","page":[{"source":"CareConnect-Patient-1.html","title":"CareConnect-Patient-1","kind":"resource"},{"source":"CareConnect-Organization-1.html","title":"CareConnect-Organization-1","kind":"resource"},{"source":"CareConnect-Encounter-1.html","title":"CareConnect-Encounter-1","kind":"resource"},{"source":"CareConnect-Location-1.html","title":"CareConnect-Location-1","kind":"resource"},{"source":"CareConnect-Slot-1.html","title":"CareConnect-Slot-1","kind":"resource"},{"source":"CareConnect-Observation-1.html","title":"CareConnect-Observation-1","kind":"resource"},{"source":"CareConnect-Practitioner-1.html","title":"CareConnect-Practitoner-1","kind":"resource"},{"source":"CareConnect-HeartRate-Observation-1.html","title":"CareConnect-HeartRate-Observation-1","kind":"resource"},{"source":"CareConnect-VitalSigns-Observation-1.html","title":"CareConnect-VitalSigns-Observation-1","kind":"resource"},{"source":"extension-Extension-CareConnect-EthnicCategory-1.html","title":"CareConnect-EthnicCategory-1","kind":"resource"},{"source":"extension-Extension-CareConnect-NHSNumberVerificationStatus-1.html","title":"CareConnect-NHSNumberVerificationStatus-1","kind":"resource"},{"source":"extension-Extension-CareConnect-NominatedPharmacy-1.html","title":"CareConnect-NominatedPharmacy-1","kind":"resource"},{"source":"extension-Extension-CareConnect-ReligiousAffiliation-1.html","title":"CareConnect-ReligiousAffiliation-1","kind":"resource"},{"source":"extension-Extension-CareConnect-ResidentialStatus-1.html","title":"CareConnect-ResidentialStatus-1","kind":"resource"},{"source":"extension-Extension-CareConnect-TreatmentCategory-1.html","title":"CareConnect-TreatmentCategory-1","kind":"resource"},{"source":"extension-Extension-CareConnect-DeathNotificationStatus-1.html","title":"CareConnect-DeathNotificationStatus-1","kind":"resource"},{"source":"extension-Extension-CareConnect-NHSCommunication-1.html","title":"CareConnect-NHSCommunication-1","kind":"resource"},{"source":"valueset-CareConnect-NameUse-1.html","title":"CareConnect-NameUse-1","kind":"resource"},{"source":"valueset-CareConnect-AdministrativeGender-1.html","title":"CareConnect-AdministrativeGender-1","kind":"resource"},{"source":"valueset-CareConnect-MaritalStatus-1.html","title":"CareConnect-MaritalStatus-1","kind":"resource"},{"source":"valueset-CareConnect-EthnicCategory-1.html","title":"CareConnect-EthnicCategory-1","kind":"resource"},{"source":"valueset-CareConnect-SourceOfAdmission-1.html","title":"CareConnect-SourceOfAdmission-1","kind":"resource"},{"source":"valueset-CareConnect-NHSNumberVerificationStatus-1.html","title":"CareConnect-NHSNumberVerificationStatus-1","kind":"resource"},{"source":"valueset-CareConnect-EncounterType-1.html","title":"CareConnect-EncounterType-1","kind":"resource"},{"source":"valueset-CareConnect-ObservationType-1.html","title":"CareConnect-ObservationType-1","kind":"resource"},{"source":"valueset-CareConnect-DischargeDestination-1.html","title":"CareConnect-DischargeDestination-1","kind":"resource"},{"source":"CareConnect-EthnicCategory-1.html","title":"CareConnect-EthnicCategory-1","kind":"resource"},{"source":"CareConnect-SourceOfAdmission-1.html","title":"CareConnect-SourceOfAdmission-1","kind":"resource"},{"source":"CareConnect-NHSNumberVerificationStatus-1.html","title":"CareConnect-NHSNumberVerificationStatus-1","kind":"resource"},{"source":"CareConnect-DischargeDestination-1.html","title":"CareConnect-DischargeDestination-1","kind":"resource"},{"source":"1.html","title":"Patient example","kind":"resource"},{"source":"9084.html","title":"Observation example","kind":"resource"},{"source":"4.html","title":"Practitioner example","kind":"resource"},{"source":"2.html","title":"Organization example","kind":"resource"},{"source":"3.html","title":"Organization example","kind":"resource"}]}]}}