{"resourceType":"NamingSystem","id":"uk-gmp-number","name":"GMP Number","status":"draft","kind":"identifier","date":"2019-12-03T00:00:00+00:00","publisher":"HL7 UK","contact":[{"telecom":[{"system":"other","value":"http://hl7.org/Special/committees/[something]"}]}],"responsible":"NHS Prescription Services","description":"General Practitioner (GMP) number. See [NHS Data Dictionary](https://www.datadictionary.nhs.uk/data_dictionary/attributes/g/general_medical_practitioner_ppd_code_de.asp)","jurisdiction":[{"coding":[{"system":"http://unstats.un.org/unsd/methods/m49/m49.htm","code":"826"}]}],"usage":"A unqiue reference number normally used to identify GP's.","uniqueId":[{"type":"uri","value":"https://fhir.hl7.org.uk/Id/gmp-number","preferred":true}]}