{"resourceType":"NamingSystem","id":"ods-site-code","name":"ODS Organisation Site Code","status":"draft","kind":"identifier","date":"2019-05-01T00:00:00+01:00","publisher":"INTEROpen","contact":[{"telecom":[{"system":"other","value":"https://interopen.ryver.com/"}]}],"responsible":"NHS Digital","description":"The identifier system for an Organisation site registered with the Organisation Data Service (ODS).","jurisdiction":[{"coding":[{"system":"http://unstats.un.org/unsd/methods/m49/m49.htm","code":"826"}]}],"usage":"To be used to identify Organisation sites registered with the Organisation Data Service (ODS).","uniqueId":[{"type":"uri","value":"https://fhir.nhs.uk/Id/ods-site-code","preferred":true}]}