{"resourceType":"NamingSystem","id":"read-v2","name":"READ_V2","status":"draft","kind":"codesystem","date":"2020-01-02T00:00:00+00:00","publisher":"INTEROpen","contact":[{"telecom":[{"system":"other","value":"https://interopen.ryver.com/"}]}],"responsible":"HL7 UK","description":"Read Codes version 2","jurisdiction":[{"coding":[{"system":"http://unstats.un.org/unsd/methods/m49/m49.htm","code":"826"}]}],"usage":"UK Primary Care","uniqueId":[{"type":"uri","value":"http://read.info/readv2","preferred":true}]}