{"resourceType":"StructureDefinition","id":"CareConnect-Location-1","meta":{"lastUpdated":"2018-02-05T14:49:28.409+00:00"},"text":{"status":"generated","div":"<div xmlns=\"http://www.w3.org/1999/xhtml\"><table border=\"0\" cellpadding=\"0\" cellspacing=\"0\" style=\"border: 0px #F0F0F0 solid; font-size: 11px; font-family: verdana; vertical-align: top;\"><tr style=\"border: 1px #F0F0F0 solid; font-size: 11px; font-family: verdana; vertical-align: top;\"><th style=\"vertical-align: top; text-align : left; background-color: white; border: 0px #F0F0F0 solid; padding:0px 4px 0px 4px\" class=\"hierarchy\"><a href=\"http://hl7.org/fhir/STU3/formats.html#table\" title=\"The logical name of the element\">Name</a></th><th style=\"vertical-align: top; text-align : left; background-color: white; border: 0px #F0F0F0 solid; padding:0px 4px 0px 4px\" class=\"hierarchy\"><a href=\"http://hl7.org/fhir/STU3/formats.html#table\" title=\"Information about the use of the element\">Flags</a></th><th style=\"vertical-align: top; text-align : left; background-color: white; border: 0px #F0F0F0 solid; padding:0px 4px 0px 4px\" class=\"hierarchy\"><a href=\"http://hl7.org/fhir/STU3/formats.html#table\" title=\"Minimum and Maximum # of times the the element can appear in the instance\">Card.</a></th><th style=\"width: 100px\" class=\"hierarchy\"><a href=\"http://hl7.org/fhir/STU3/formats.html#table\" title=\"Reference to the type of the element\">Type</a></th><th style=\"vertical-align: top; text-align : left; background-color: white; border: 0px #F0F0F0 solid; padding:0px 4px 0px 4px\" class=\"hierarchy\"><a href=\"http://hl7.org/fhir/STU3/formats.html#table\" title=\"Additional information about the element\">Description &amp; Constraints</a><span style=\"float: right\"><a href=\"http://hl7.org/fhir/STU3/formats.html#table\" title=\"Legend for this format\"><img src=\"http://hl7.org/fhir/STU3/help16.png\" alt=\"doco\" style=\"background-color: inherit\"/></a></span></th></tr><tr style=\"border: 0px #F0F0F0 solid; padding:0px; vertical-align: top; background-color: white;\"><td style=\"vertical-align: top; text-align : left; background-color: white; border: 0px #F0F0F0 solid; padding:0px 4px 0px 4px; white-space: nowrap; background-image: url(tbl_bck1.png)\" class=\"hierarchy\"><img src=\"tbl_spacer.png\" alt=\".\" style=\"background-color: inherit\" class=\"hierarchy\"/><img src=\"icon_resource.png\" alt=\".\" style=\"background-color: white; background-color: inherit\" title=\"Resource\" class=\"hierarchy\"/> <a href=\"{{[type]}}-{{[id]}}-definitions.html#Location\">Location</a><a name=\"Location\"> </a></td><td style=\"vertical-align: top; text-align : left; background-color: white; border: 0px #F0F0F0 solid; padding:0px 4px 0px 4px\" class=\"hierarchy\"/><td style=\"vertical-align: top; text-align : left; background-color: white; border: 0px #F0F0F0 solid; padding:0px 4px 0px 4px\" class=\"hierarchy\"><span style=\"opacity: 0.4\">0</span><span style=\"opacity: 0.5\">..</span><span style=\"opacity: 0.4\">*</span></td><td style=\"vertical-align: top; text-align : left; background-color: white; border: 0px #F0F0F0 solid; padding:0px 4px 0px 4px\" class=\"hierarchy\"><a href=\"http://hl7.org/fhir/STU3/location.html\">Location</a></td><td style=\"vertical-align: top; text-align : left; background-color: white; border: 0px #F0F0F0 solid; padding:0px 4px 0px 4px\" class=\"hierarchy\"/></tr>\r\n<tr style=\"border: 0px #F0F0F0 solid; padding:0px; vertical-align: top; background-color: #F7F7F7;\"><td style=\"vertical-align: top; text-align : left; background-color: #F7F7F7; border: 0px #F0F0F0 solid; padding:0px 4px 0px 4px; white-space: nowrap; background-image: url(tbl_bck13.png)\" class=\"hierarchy\"><img src=\"tbl_spacer.png\" alt=\".\" style=\"background-color: inherit\" class=\"hierarchy\"/><img src=\"tbl_vjoin.png\" alt=\".\" style=\"background-color: inherit\" class=\"hierarchy\"/><img src=\"icon_slice.png\" alt=\".\" style=\"background-color: #F7F7F7; background-color: inherit\" title=\"Slice Definition\" class=\"hierarchy\"/> <a style=\"font-style: italic\" href=\"{{[type]}}-{{[id]}}-definitions.html#Location.identifier\">identifier</a><a name=\"Location.identifier\"> </a></td><td style=\"vertical-align: top; text-align : left; background-color: #F7F7F7; border: 0px #F0F0F0 solid; padding:0px 4px 0px 4px\" class=\"hierarchy\"/><td style=\"vertical-align: top; text-align : left; background-color: #F7F7F7; border: 0px #F0F0F0 solid; padding:0px 4px 0px 4px\" class=\"hierarchy\"><span style=\"font-style: italic\"/><span style=\"opacity: 0.4; font-style: italic\">0</span><span style=\"opacity: 0.5; font-style: italic\">..</span><span style=\"opacity: 0.4; font-style: italic\">*</span></td><td style=\"vertical-align: top; text-align : left; background-color: #F7F7F7; border: 0px #F0F0F0 solid; padding:0px 4px 0px 4px\" class=\"hierarchy\"><a style=\"font-style: italic\" href=\"http://hl7.org/fhir/STU3/profiling.html#slicing\">(Slice Definition)</a></td><td style=\"vertical-align: top; text-align : left; background-color: #F7F7F7; border: 0px #F0F0F0 solid; padding:0px 4px 0px 4px\" class=\"hierarchy\"><span style=\"font-weight:bold; font-style: italic\">Slice: </span><span style=\"font-style: italic\">Unordered, Open At End by value:system</span></td></tr>\r\n<tr style=\"border: 0px #F0F0F0 solid; padding:0px; vertical-align: top; background-color: white;\"><td style=\"vertical-align: top; text-align : left; background-color: white; border: 0px #F0F0F0 solid; padding:0px 4px 0px 4px; white-space: nowrap; background-image: url(tbl_bck125.png)\" class=\"hierarchy\"><img src=\"tbl_spacer.png\" alt=\".\" style=\"background-color: inherit\" class=\"hierarchy\"/><img src=\"tbl_vline.png\" alt=\".\" style=\"background-color: inherit\" class=\"hierarchy\"/><img src=\"tbl_vjoin_end_slicer.png\" alt=\".\" style=\"background-color: inherit\" class=\"hierarchy\"/><img src=\"icon_slice_item.png\" alt=\".\" style=\"background-color: white; background-color: inherit\" title=\"Slice Item\" class=\"hierarchy\"/> <a href=\"{{[type]}}-{{[id]}}-definitions.html#Location.identifier:odsSiteCode\" title=\"Slice odsSiteCode: ODS Site code to identify the organisation at site level.\">identifier:odsSiteCode</a><a name=\"Location.identifier\"> </a></td><td style=\"vertical-align: top; text-align : left; background-color: white; border: 0px #F0F0F0 solid; padding:0px 4px 0px 4px\" class=\"hierarchy\"/><td style=\"vertical-align: top; text-align : left; background-color: white; border: 0px #F0F0F0 solid; padding:0px 4px 0px 4px\" class=\"hierarchy\"><span style=\"opacity: 0.4\">0</span>..<span style=\"opacity: 0.4\">1</span></td><td style=\"vertical-align: top; text-align : left; background-color: white; border: 0px #F0F0F0 solid; padding:0px 4px 0px 4px\" class=\"hierarchy\"><a style=\"opacity: 0.4\" href=\"http://hl7.org/fhir/STU3/datatypes.html#Identifier\">Identifier</a></td><td style=\"vertical-align: top; text-align : left; background-color: white; border: 0px #F0F0F0 solid; padding:0px 4px 0px 4px\" class=\"hierarchy\">ODS Site code to identify the organisation at site level</td></tr>\r\n<tr style=\"border: 0px #F0F0F0 solid; padding:0px; vertical-align: top; background-color: #F7F7F7;\"><td style=\"vertical-align: top; text-align : left; background-color: #F7F7F7; border: 0px #F0F0F0 solid; padding:0px 4px 0px 4px; white-space: nowrap; background-image: url(tbl_bck1250.png)\" class=\"hierarchy\"><img src=\"tbl_spacer.png\" alt=\".\" style=\"background-color: inherit\" class=\"hierarchy\"/><img src=\"tbl_vline.png\" alt=\".\" style=\"background-color: inherit\" class=\"hierarchy\"/><img src=\"tbl_blank.png\" alt=\".\" style=\"background-color: inherit\" class=\"hierarchy\"/><img src=\"tbl_vjoin_slice.png\" alt=\".\" style=\"background-color: inherit\" class=\"hierarchy\"/><img src=\"icon_element.gif\" alt=\".\" style=\"background-color: #F7F7F7; background-color: inherit\" title=\"Element\" class=\"hierarchy\"/> <a href=\"{{[type]}}-{{[id]}}-definitions.html#Location.identifier:odsSiteCode.system\">system</a><a name=\"Location.identifier.system\"> </a></td><td style=\"vertical-align: top; text-align : left; background-color: #F7F7F7; border: 0px #F0F0F0 solid; padding:0px 4px 0px 4px\" class=\"hierarchy\"/><td style=\"vertical-align: top; text-align : left; background-color: #F7F7F7; border: 0px #F0F0F0 solid; padding:0px 4px 0px 4px\" class=\"hierarchy\">1..1</td><td style=\"vertical-align: top; text-align : left; background-color: #F7F7F7; border: 0px #F0F0F0 solid; padding:0px 4px 0px 4px\" class=\"hierarchy\"><a style=\"opacity: 0.4\" href=\"http://hl7.org/fhir/STU3/datatypes.html#uri\">uri</a></td><td style=\"vertical-align: top; text-align : left; background-color: #F7F7F7; border: 0px #F0F0F0 solid; padding:0px 4px 0px 4px\" class=\"hierarchy\">ODS Code<br/><span style=\"font-weight:bold\">Fixed Value: </span><span style=\"color: darkgreen\">https://fhir.nhs.uk/Id/ods-site-code</span></td></tr>\r\n<tr style=\"border: 0px #F0F0F0 solid; padding:0px; vertical-align: top; background-color: white;\"><td style=\"vertical-align: top; text-align : left; background-color: white; border: 0px #F0F0F0 solid; padding:0px 4px 0px 4px; white-space: nowrap; background-image: url(tbl_bck1250.png)\" class=\"hierarchy\"><img src=\"tbl_spacer.png\" alt=\".\" style=\"background-color: inherit\" class=\"hierarchy\"/><img src=\"tbl_vline.png\" alt=\".\" style=\"background-color: inherit\" class=\"hierarchy\"/><img src=\"tbl_blank.png\" alt=\".\" style=\"background-color: inherit\" class=\"hierarchy\"/><img src=\"tbl_vjoin_slice.png\" alt=\".\" style=\"background-color: inherit\" class=\"hierarchy\"/><img src=\"icon_element.gif\" alt=\".\" style=\"background-color: white; background-color: inherit\" title=\"Element\" class=\"hierarchy\"/> <a href=\"{{[type]}}-{{[id]}}-definitions.html#Location.identifier:odsSiteCode.value\">value</a><a name=\"Location.identifier.value\"> </a></td><td style=\"vertical-align: top; text-align : left; background-color: white; border: 0px #F0F0F0 solid; padding:0px 4px 0px 4px\" class=\"hierarchy\"/><td style=\"vertical-align: top; text-align : left; background-color: white; border: 0px #F0F0F0 solid; padding:0px 4px 0px 4px\" class=\"hierarchy\">1..1</td><td style=\"vertical-align: top; text-align : left; background-color: white; border: 0px #F0F0F0 solid; padding:0px 4px 0px 4px\" class=\"hierarchy\"><a style=\"opacity: 0.4\" href=\"http://hl7.org/fhir/STU3/datatypes.html#string\">string</a></td><td style=\"vertical-align: top; text-align : left; background-color: white; border: 0px #F0F0F0 solid; padding:0px 4px 0px 4px\" class=\"hierarchy\">The ODS Site code name, to reflect the code used</td></tr>\r\n<tr style=\"border: 0px #F0F0F0 solid; padding:0px; vertical-align: top; background-color: #F7F7F7;\"><td style=\"vertical-align: top; text-align : left; background-color: #F7F7F7; border: 0px #F0F0F0 solid; padding:0px 4px 0px 4px; white-space: nowrap; background-image: url(tbl_bck1240.png)\" class=\"hierarchy\"><img src=\"tbl_spacer.png\" alt=\".\" style=\"background-color: inherit\" class=\"hierarchy\"/><img src=\"tbl_vline.png\" alt=\".\" style=\"background-color: inherit\" class=\"hierarchy\"/><img src=\"tbl_blank.png\" alt=\".\" style=\"background-color: inherit\" class=\"hierarchy\"/><img src=\"tbl_vjoin_end_slice.png\" alt=\".\" style=\"background-color: inherit\" class=\"hierarchy\"/><img src=\"icon_reference.png\" alt=\".\" style=\"background-color: #F7F7F7; background-color: inherit\" title=\"Reference to another Resource\" class=\"hierarchy\"/> <a href=\"{{[type]}}-{{[id]}}-definitions.html#Location.identifier:odsSiteCode.assigner\">assigner</a><a name=\"Location.identifier.assigner\"> </a></td><td style=\"vertical-align: top; text-align : left; background-color: #F7F7F7; border: 0px #F0F0F0 solid; padding:0px 4px 0px 4px\" class=\"hierarchy\"/><td style=\"vertical-align: top; text-align : left; background-color: #F7F7F7; border: 0px #F0F0F0 solid; padding:0px 4px 0px 4px\" class=\"hierarchy\"><span style=\"opacity: 0.4\">0</span><span style=\"opacity: 0.5\">..</span><span style=\"opacity: 0.4\">1</span></td><td style=\"vertical-align: top; text-align : left; background-color: #F7F7F7; border: 0px #F0F0F0 solid; padding:0px 4px 0px 4px\" class=\"hierarchy\"><a href=\"http://hl7.org/fhir/STU3/references.html\">Reference</a>(<a href=\"StructureDefinition-CareConnect-Organization-1.html\">CareConnect-Organization-1</a>)</td><td style=\"vertical-align: top; text-align : left; background-color: #F7F7F7; border: 0px #F0F0F0 solid; padding:0px 4px 0px 4px\" class=\"hierarchy\"/></tr>\r\n<tr style=\"border: 0px #F0F0F0 solid; padding:0px; vertical-align: top; background-color: white;\"><td style=\"vertical-align: top; text-align : left; background-color: white; border: 0px #F0F0F0 solid; padding:0px 4px 0px 4px; white-space: nowrap; background-image: url(tbl_bck10.png)\" class=\"hierarchy\"><img src=\"tbl_spacer.png\" alt=\".\" style=\"background-color: inherit\" class=\"hierarchy\"/><img src=\"tbl_vjoin.png\" alt=\".\" style=\"background-color: inherit\" class=\"hierarchy\"/><img src=\"icon_reference.png\" alt=\".\" style=\"background-color: white; background-color: inherit\" title=\"Reference to another Resource\" class=\"hierarchy\"/> <a href=\"{{[type]}}-{{[id]}}-definitions.html#Location.managingOrganization\">managingOrganization</a><a name=\"Location.managingOrganization\"> </a></td><td style=\"vertical-align: top; text-align : left; background-color: white; border: 0px #F0F0F0 solid; padding:0px 4px 0px 4px\" class=\"hierarchy\"/><td style=\"vertical-align: top; text-align : left; background-color: white; border: 0px #F0F0F0 solid; padding:0px 4px 0px 4px\" class=\"hierarchy\"><span style=\"opacity: 0.4\">0</span><span style=\"opacity: 0.5\">..</span><span style=\"opacity: 0.4\">1</span></td><td style=\"vertical-align: top; text-align : left; background-color: white; border: 0px #F0F0F0 solid; padding:0px 4px 0px 4px\" class=\"hierarchy\"><a href=\"http://hl7.org/fhir/STU3/references.html\">Reference</a>(<a href=\"StructureDefinition-CareConnect-Organization-1.html\">CareConnect-Organization-1</a>)</td><td style=\"vertical-align: top; text-align : left; background-color: white; border: 0px #F0F0F0 solid; padding:0px 4px 0px 4px\" class=\"hierarchy\"/></tr>\r\n<tr style=\"border: 0px #F0F0F0 solid; padding:0px; vertical-align: top; background-color: #F7F7F7;\"><td style=\"vertical-align: top; text-align : left; background-color: #F7F7F7; border: 0px #F0F0F0 solid; padding:0px 4px 0px 4px; white-space: nowrap; background-image: url(tbl_bck00.png)\" class=\"hierarchy\"><img src=\"tbl_spacer.png\" alt=\".\" style=\"background-color: inherit\" class=\"hierarchy\"/><img src=\"tbl_vjoin_end.png\" alt=\".\" style=\"background-color: inherit\" class=\"hierarchy\"/><img src=\"icon_reference.png\" alt=\".\" style=\"background-color: #F7F7F7; background-color: inherit\" title=\"Reference to another Resource\" class=\"hierarchy\"/> <a href=\"{{[type]}}-{{[id]}}-definitions.html#Location.partOf\">partOf</a><a name=\"Location.partOf\"> </a></td><td style=\"vertical-align: top; text-align : left; background-color: #F7F7F7; border: 0px #F0F0F0 solid; padding:0px 4px 0px 4px\" class=\"hierarchy\"/><td style=\"vertical-align: top; text-align : left; background-color: #F7F7F7; border: 0px #F0F0F0 solid; padding:0px 4px 0px 4px\" class=\"hierarchy\"><span style=\"opacity: 0.4\">0</span><span style=\"opacity: 0.5\">..</span><span style=\"opacity: 0.4\">1</span></td><td style=\"vertical-align: top; text-align : left; background-color: #F7F7F7; border: 0px #F0F0F0 solid; padding:0px 4px 0px 4px\" class=\"hierarchy\"><a href=\"http://hl7.org/fhir/STU3/references.html\">Reference</a>(<a href=\"StructureDefinition-CareConnect-Location-1.html\">CareConnect-Location-1</a>)</td><td style=\"vertical-align: top; text-align : left; background-color: #F7F7F7; border: 0px #F0F0F0 solid; padding:0px 4px 0px 4px\" class=\"hierarchy\"/></tr>\r\n<tr><td colspan=\"5\" class=\"hierarchy\"><br/><a href=\"http://hl7.org/fhir/STU3/formats.html#table\" title=\"Legend for this format\"><img src=\"http://hl7.org/fhir/STU3/help16.png\" alt=\"doco\" style=\"background-color: inherit\"/> Documentation for this format</a></td></tr></table></div>"},"extension":[{"url":"http://hl7.org/fhir/StructureDefinition/structuredefinition-wg","valueCode":"pa"}],"url":"https://fhir.hl7.org.uk/STU3/StructureDefinition/CareConnect-Location-1","version":"3.0.0","name":"CareConnect-Location-1","status":"draft","date":"2018-11-05T00:00:00+00:00","publisher":"INTEROpen","contact":[{"telecom":[{"system":"other","value":"https://interopen.ryver.com/"}]}],"description":"The Location resource provides information and details on the physical location and the services provided.","jurisdiction":[{"coding":[{"system":"http://unstats.un.org/unsd/methods/m49/m49.htm","code":"826"}]}],"purpose":"CURATED BY INTEROPen see: http://www.interopen.org/careconnect-curation-methodology/","copyright":"Copyright © 2016 HL7 UK  Licensed under the Apache License, Version 2.0 (the \"License\"); you may not use this file except in compliance with the License. You may obtain a copy of the License at  http://www.apache.org/licenses/LICENSE-2.0  Unless required by applicable law or agreed to in writing, software distributed under the License is distributed on an \"AS IS\" BASIS, WITHOUT WARRANTIES OR CONDITIONS OF ANY KIND, either express or implied. See the License for the specific language governing permissions and limitations under the License.  HL7® FHIR® standard Copyright © 2011+ HL7  The HL7® FHIR® standard is used under the FHIR license. You may obtain a copy of the FHIR license at  https://www.hl7.org/fhir/license.html","fhirVersion":"3.0.2","mapping":[{"identity":"rim","uri":"http://hl7.org/v3","name":"RIM Mapping"},{"identity":"w5","uri":"http://hl7.org/fhir/w5","name":"W5 Mapping"}],"kind":"resource","abstract":false,"type":"Location","baseDefinition":"http://hl7.org/fhir/StructureDefinition/Location","derivation":"constraint","snapshot":{"element":[{"id":"Location","path":"Location","short":"Details and position information for a physical place","definition":"Details and position information for a physical place where services are provided  and resources and participants may be stored, found, contained or accommodated.","min":0,"max":"*","base":{"path":"Location","min":0,"max":"*"},"constraint":[{"key":"dom-2","severity":"error","human":"If the resource is contained in another resource, it SHALL NOT contain nested Resources","expression":"contained.contained.empty()","xpath":"not(parent::f:contained and f:contained)","source":"DomainResource"},{"key":"dom-1","severity":"error","human":"If the resource is contained in another resource, it SHALL NOT contain any narrative","expression":"contained.text.empty()","xpath":"not(parent::f:contained and f:text)","source":"DomainResource"},{"key":"dom-4","severity":"error","human":"If a resource is contained in another resource, it SHALL NOT have a meta.versionId or a meta.lastUpdated","expression":"contained.meta.versionId.empty() and contained.meta.lastUpdated.empty()","xpath":"not(exists(f:contained/*/f:meta/f:versionId)) and not(exists(f:contained/*/f:meta/f:lastUpdated))","source":"DomainResource"},{"key":"dom-3","severity":"error","human":"If the resource is contained in another resource, it SHALL be referred to from elsewhere in the resource","expression":"contained.where(('#'+id in %resource.descendants().reference).not()).empty()","xpath":"not(exists(for $id in f:contained/*/@id return $id[not(ancestor::f:contained/parent::*/descendant::f:reference/@value=concat('#', $id))]))","source":"DomainResource"}],"mapping":[{"identity":"rim","map":"Entity. Role, or Act"},{"identity":"rim","map":".Role[classCode=SDLC]"},{"identity":"w5","map":"administrative.entity"}]},{"id":"Location.id","path":"Location.id","short":"Logical id of this artifact","definition":"The logical id of the resource, as used in the URL for the resource. Once assigned, this value never changes.","comment":"The only time that a resource does not have an id is when it is being submitted to the server using a create operation.","min":0,"max":"1","base":{"path":"Resource.id","min":0,"max":"1"},"type":[{"code":"id"}],"isSummary":true},{"id":"Location.meta","path":"Location.meta","short":"Metadata about the resource","definition":"The metadata about the resource. This is content that is maintained by the infrastructure. Changes to the content may not always be associated with version changes to the resource.","min":0,"max":"1","base":{"path":"Resource.meta","min":0,"max":"1"},"type":[{"code":"Meta"}],"isSummary":true},{"id":"Location.implicitRules","path":"Location.implicitRules","short":"A set of rules under which this content was created","definition":"A reference to a set of rules that were followed when the resource was constructed, and which must be understood when processing the content.","comment":"Asserting this rule set restricts the content to be only understood by a limited set of trading partners. This inherently limits the usefulness of the data in the long term. However, the existing health eco-system is highly fractured, and not yet ready to define, collect, and exchange data in a generally computable sense. Wherever possible, implementers and/or specification writers should avoid using this element. \n\nThis element is labelled as a modifier because the implicit rules may provide additional knowledge about the resource that modifies it's meaning or interpretation.","min":0,"max":"1","base":{"path":"Resource.implicitRules","min":0,"max":"1"},"type":[{"code":"uri"}],"isModifier":true,"isSummary":true},{"id":"Location.language","path":"Location.language","short":"Language of the resource content","definition":"The base language in which the resource is written.","comment":"Language is provided to support indexing and accessibility (typically, services such as text to speech use the language tag). The html language tag in the narrative applies  to the narrative. The language tag on the resource may be used to specify the language of other presentations generated from the data in the resource  Not all the content has to be in the base language. The Resource.language should not be assumed to apply to the narrative automatically. If a language is specified, it should it also be specified on the div element in the html (see rules in HTML5 for information about the relationship between xml:lang and the html lang attribute).","min":0,"max":"1","base":{"path":"Resource.language","min":0,"max":"1"},"type":[{"code":"code"}],"binding":{"extension":[{"url":"http://hl7.org/fhir/StructureDefinition/elementdefinition-maxValueSet","valueReference":{"reference":"http://hl7.org/fhir/ValueSet/all-languages"}},{"url":"http://hl7.org/fhir/StructureDefinition/elementdefinition-bindingName","valueString":"Language"},{"url":"http://hl7.org/fhir/StructureDefinition/elementdefinition-isCommonBinding","valueBoolean":true}],"strength":"extensible","description":"A human language.","valueSetReference":{"reference":"http://hl7.org/fhir/ValueSet/languages"}}},{"id":"Location.text","path":"Location.text","short":"Text summary of the resource, for human interpretation","definition":"A human-readable narrative that contains a summary of the resource, and may be used to represent the content of the resource to a human. The narrative need not encode all the structured data, but is required to contain sufficient detail to make it \"clinically safe\" for a human to just read the narrative. Resource definitions may define what content should be represented in the narrative to ensure clinical safety.","comment":"Contained resources do not have narrative. Resources that are not contained SHOULD have a narrative. In some cases, a resource may only have text with little or no additional discrete data (as long as all minOccurs=1 elements are satisfied).  This may be necessary for data from legacy systems where information is captured as a \"text blob\" or where text is additionally entered raw or narrated and encoded in formation is added later.","alias":["narrative","html","xhtml","display"],"min":0,"max":"1","base":{"path":"DomainResource.text","min":0,"max":"1"},"type":[{"code":"Narrative"}],"condition":["dom-1"],"mapping":[{"identity":"rim","map":"Act.text?"}]},{"id":"Location.contained","path":"Location.contained","short":"Contained, inline Resources","definition":"These resources do not have an independent existence apart from the resource that contains them - they cannot be identified independently, and nor can they have their own independent transaction scope.","comment":"This should never be done when the content can be identified properly, as once identification is lost, it is extremely difficult (and context dependent) to restore it again.","alias":["inline resources","anonymous resources","contained resources"],"min":0,"max":"*","base":{"path":"DomainResource.contained","min":0,"max":"*"},"type":[{"code":"Resource"}],"mapping":[{"identity":"rim","map":"N/A"}]},{"id":"Location.extension","path":"Location.extension","short":"Additional Content defined by implementations","definition":"May be used to represent additional information that is not part of the basic definition of the resource. In order to make the use of extensions safe and manageable, there is a strict set of governance  applied to the definition and use of extensions. Though any implementer is allowed to define an extension, there is a set of requirements that SHALL be met as part of the definition of the extension.","comment":"There can be no stigma associated with the use of extensions by any application, project, or standard - regardless of the institution or jurisdiction that uses or defines the extensions.  The use of extensions is what allows the FHIR specification to retain a core level of simplicity for everyone.","alias":["extensions","user content"],"min":0,"max":"*","base":{"path":"DomainResource.extension","min":0,"max":"*"},"type":[{"code":"Extension"}],"mapping":[{"identity":"rim","map":"N/A"}]},{"id":"Location.modifierExtension","path":"Location.modifierExtension","short":"Extensions that cannot be ignored","definition":"May be used to represent additional information that is not part of the basic definition of the resource, and that modifies the understanding of the element that contains it. Usually modifier elements provide negation or qualification. In order to make the use of extensions safe and manageable, there is a strict set of governance applied to the definition and use of extensions. Though any implementer is allowed to define an extension, there is a set of requirements that SHALL be met as part of the definition of the extension. Applications processing a resource are required to check for modifier extensions.","comment":"There can be no stigma associated with the use of extensions by any application, project, or standard - regardless of the institution or jurisdiction that uses or defines the extensions.  The use of extensions is what allows the FHIR specification to retain a core level of simplicity for everyone.","alias":["extensions","user content"],"min":0,"max":"*","base":{"path":"DomainResource.modifierExtension","min":0,"max":"*"},"type":[{"code":"Extension"}],"isModifier":true,"mapping":[{"identity":"rim","map":"N/A"}]},{"id":"Location.identifier","path":"Location.identifier","slicing":{"discriminator":[{"type":"value","path":"system"}],"ordered":false,"rules":"openAtEnd"},"short":"Unique code or number identifying the location to its users","definition":"Unique code or number identifying the location to its users.","requirements":"Organization label locations in registries, need to keep track of those.","min":0,"max":"*","base":{"path":"Location.identifier","min":0,"max":"*"},"type":[{"code":"Identifier"}],"isSummary":true,"mapping":[{"identity":"rim","map":".id"},{"identity":"w5","map":"id"}]},{"id":"Location.identifier:odsSiteCode","path":"Location.identifier","sliceName":"odsSiteCode","short":"ODS Site code to identify the organisation at site level","definition":"ODS Site code to identify the organisation at site level.","requirements":"Organization label locations in registries, need to keep track of those.","min":0,"max":"1","base":{"path":"Location.identifier","min":0,"max":"*"},"type":[{"code":"Identifier"}],"isSummary":true,"mapping":[{"identity":"rim","map":".id"},{"identity":"w5","map":"id"}]},{"id":"Location.identifier:odsSiteCode.id","path":"Location.identifier.id","representation":["xmlAttr"],"short":"xml:id (or equivalent in JSON)","definition":"unique id for the element within a resource (for internal references). This may be any string value that does not contain spaces.","min":0,"max":"1","base":{"path":"Element.id","min":0,"max":"1"},"type":[{"code":"string"}],"mapping":[{"identity":"rim","map":"n/a"}]},{"id":"Location.identifier:odsSiteCode.extension","path":"Location.identifier.extension","slicing":{"discriminator":[{"type":"value","path":"url"}],"description":"Extensions are always sliced by (at least) url","rules":"open"},"short":"Additional Content defined by implementations","definition":"May be used to represent additional information that is not part of the basic definition of the element. In order to make the use of extensions safe and manageable, there is a strict set of governance  applied to the definition and use of extensions. Though any implementer is allowed to define an extension, there is a set of requirements that SHALL be met as part of the definition of the extension.","comment":"There can be no stigma associated with the use of extensions by any application, project, or standard - regardless of the institution or jurisdiction that uses or defines the extensions.  The use of extensions is what allows the FHIR specification to retain a core level of simplicity for everyone.","alias":["extensions","user content"],"min":0,"max":"*","base":{"path":"Element.extension","min":0,"max":"*"},"type":[{"code":"Extension"}],"mapping":[{"identity":"rim","map":"n/a"}]},{"id":"Location.identifier:odsSiteCode.use","path":"Location.identifier.use","short":"usual | official | temp | secondary (If known)","definition":"The purpose of this identifier.","comment":"This is labeled as \"Is Modifier\" because applications should not mistake a temporary id for a permanent one. Applications can assume that an identifier is permanent unless it explicitly says that it is temporary.","requirements":"Allows the appropriate identifier for a particular context of use to be selected from among a set of identifiers.","min":0,"max":"1","base":{"path":"Identifier.use","min":0,"max":"1"},"type":[{"code":"code"}],"isModifier":true,"isSummary":true,"binding":{"extension":[{"url":"http://hl7.org/fhir/StructureDefinition/elementdefinition-bindingName","valueString":"IdentifierUse"}],"strength":"required","description":"Identifies the purpose for this identifier, if known .","valueSetReference":{"reference":"http://hl7.org/fhir/ValueSet/identifier-use"}},"mapping":[{"identity":"v2","map":"N/A"},{"identity":"rim","map":"Role.code or implied by context"}]},{"id":"Location.identifier:odsSiteCode.type","path":"Location.identifier.type","short":"Description of identifier","definition":"A coded type for the identifier that can be used to determine which identifier to use for a specific purpose.","comment":"This element deals only with general categories of identifiers.  It SHOULD not be used for codes that correspond 1..1 with the Identifier.system. Some identifiers may fall into multiple categories due to common usage. \n\nWhere the system is known, a type is unnecessary because the type is always part of the system definition. However systems often need to handle identifiers where the system is not known. There is not a 1:1 relationship between type and system, since many different systems have the same type.","requirements":"Allows users to make use of identifiers when the identifier system is not known.","min":0,"max":"1","base":{"path":"Identifier.type","min":0,"max":"1"},"type":[{"code":"CodeableConcept"}],"isSummary":true,"binding":{"extension":[{"url":"http://hl7.org/fhir/StructureDefinition/elementdefinition-bindingName","valueString":"IdentifierType"},{"url":"http://hl7.org/fhir/StructureDefinition/elementdefinition-isCommonBinding","valueBoolean":true}],"strength":"extensible","description":"A coded type for an identifier that can be used to determine which identifier to use for a specific purpose.","valueSetReference":{"reference":"http://hl7.org/fhir/ValueSet/identifier-type"}},"mapping":[{"identity":"v2","map":"CX.5"},{"identity":"rim","map":"Role.code or implied by context"}]},{"id":"Location.identifier:odsSiteCode.system","path":"Location.identifier.system","short":"ODS Code","definition":"Establishes the namespace for the value - that is, a URL that describes a set values that are unique.","requirements":"There are many sets  of identifiers.  To perform matching of two identifiers, we need to know what set we're dealing with. The system identifies a particular set of unique identifiers.","min":1,"max":"1","base":{"path":"Identifier.system","min":0,"max":"1"},"type":[{"code":"uri"}],"fixedUri":"https://fhir.nhs.uk/Id/ods-site-code","example":[{"label":"General","valueUri":"http://www.acme.com/identifiers/patient"}],"isSummary":true,"mapping":[{"identity":"v2","map":"CX.4 / EI-2-4"},{"identity":"rim","map":"II.root or Role.id.root"},{"identity":"servd","map":"./IdentifierType"}]},{"id":"Location.identifier:odsSiteCode.value","path":"Location.identifier.value","short":"The ODS Site code name, to reflect the code used","definition":"The portion of the identifier typically relevant to the user and which is unique within the context of the system.","comment":"If the value is a full URI, then the system SHALL be urn:ietf:rfc:3986.  The value's primary purpose is computational mapping.  As a result, it may be normalized for comparison purposes (e.g. removing non-significant whitespace, dashes, etc.)  A value formatted for human display can be conveyed using the [Rendered Value extension](http://hl7.org/fhir/STU3/extension-rendered-value.html).","min":1,"max":"1","base":{"path":"Identifier.value","min":0,"max":"1"},"type":[{"code":"string"}],"example":[{"label":"General","valueString":"123456"}],"isSummary":true,"mapping":[{"identity":"v2","map":"CX.1 / EI.1"},{"identity":"rim","map":"II.extension or II.root if system indicates OID or GUID (Or Role.id.extension or root)"},{"identity":"servd","map":"./Value"}]},{"id":"Location.identifier:odsSiteCode.period","path":"Location.identifier.period","short":"Time period when id is/was valid for use","definition":"Time period during which identifier is/was valid for use.","min":0,"max":"1","base":{"path":"Identifier.period","min":0,"max":"1"},"type":[{"code":"Period"}],"isSummary":true,"mapping":[{"identity":"v2","map":"CX.7 + CX.8"},{"identity":"rim","map":"Role.effectiveTime or implied by context"},{"identity":"servd","map":"./StartDate and ./EndDate"}]},{"id":"Location.identifier:odsSiteCode.assigner","path":"Location.identifier.assigner","short":"Organization that issued id (may be just text)","definition":"Organization that issued/manages the identifier.","comment":"The Identifier.assigner may omit the .reference element and only contain a .display element reflecting the name or other textual information about the assigning organization.","min":0,"max":"1","base":{"path":"Identifier.assigner","min":0,"max":"1"},"type":[{"code":"Reference","targetProfile":"https://fhir.hl7.org.uk/STU3/StructureDefinition/CareConnect-Organization-1"}],"isSummary":true,"mapping":[{"identity":"v2","map":"CX.4 / (CX.4,CX.9,CX.10)"},{"identity":"rim","map":"II.assigningAuthorityName but note that this is an improper use by the definition of the field.  Also Role.scoper"},{"identity":"servd","map":"./IdentifierIssuingAuthority"}]},{"id":"Location.status","path":"Location.status","short":"active | suspended | inactive","definition":"The status property covers the general availability of the resource, not the current value which may be covered by the operationStatus, or by a schedule/slots if they are configured for the location.","comment":"This element is labeled as a modifier because the status contains codes that mark the resource as not currently valid.","min":0,"max":"1","base":{"path":"Location.status","min":0,"max":"1"},"type":[{"code":"code"}],"isModifier":true,"isSummary":true,"binding":{"extension":[{"url":"http://hl7.org/fhir/StructureDefinition/elementdefinition-bindingName","valueString":"LocationStatus"}],"strength":"required","description":"Indicates whether the location is still in use.","valueSetReference":{"reference":"http://hl7.org/fhir/ValueSet/location-status"}},"mapping":[{"identity":"rim","map":".statusCode"},{"identity":"w5","map":"status"}]},{"id":"Location.operationalStatus","path":"Location.operationalStatus","short":"The Operational status of the location (typically only for a bed/room)","definition":"The Operational status covers operation values most relevant to beds (but can also apply to rooms/units/chair/etc such as an isolation unit/dialisys chair). This typically covers concepts such as contamination, housekeeping and other activities like maintenance.","min":0,"max":"1","base":{"path":"Location.operationalStatus","min":0,"max":"1"},"type":[{"code":"Coding"}],"isSummary":true,"binding":{"extension":[{"url":"http://hl7.org/fhir/StructureDefinition/elementdefinition-bindingName","valueString":"OperationalStatus"}],"strength":"preferred","description":"The operational status if the location (where typically a bed/room)","valueSetReference":{"reference":"http://hl7.org/fhir/ValueSet/v2-0116"}},"mapping":[{"identity":"rim","map":"n/a"},{"identity":"w5","map":"status"}]},{"id":"Location.name","path":"Location.name","short":"Name of the location as used by humans","definition":"Name of the location as used by humans. Does not need to be unique.","comment":"If the name of an location changes, consider putting the old name in the alias column so that it can still be located through searches.","min":0,"max":"1","base":{"path":"Location.name","min":0,"max":"1"},"type":[{"code":"string"}],"isSummary":true,"mapping":[{"identity":"rim","map":".name"}]},{"id":"Location.alias","path":"Location.alias","short":"A list of alternate names that the location is known as, or was known as in the past","definition":"A list of alternate names that the location is known as, or was known as in the past.","comment":"There are no dates associated with the alias/historic names, as this is not intended to track when names were used, but to assist in searching so that older names can still result in identifying the location.","requirements":"Over time locations and organizations go through many changes and can be known by different names.\n\nFor searching knowing previous names that the location was known by can be very useful.","min":0,"max":"*","base":{"path":"Location.alias","min":0,"max":"*"},"type":[{"code":"string"}],"mapping":[{"identity":"rim","map":".name"}]},{"id":"Location.description","path":"Location.description","short":"Additional details about the location that could be displayed as further information to identify the location beyond its name","definition":"Description of the Location, which helps in finding or referencing the place.","requirements":"Humans need additional information to verify a correct location has been identified.","min":0,"max":"1","base":{"path":"Location.description","min":0,"max":"1"},"type":[{"code":"string"}],"isSummary":true,"mapping":[{"identity":"rim","map":".playingEntity[classCode=PLC determinerCode=INSTANCE].desc"}]},{"id":"Location.mode","path":"Location.mode","short":"instance | kind","definition":"Indicates whether a resource instance represents a specific location or a class of locations.","comment":"This is labeled as a modifer because whether or not the location is a class of locations changes how it can be used and understood.","requirements":"When using a Location resource for scheduling or orders, we need to be able to refer to a class of Locations instead of a specific Location.","min":0,"max":"1","base":{"path":"Location.mode","min":0,"max":"1"},"type":[{"code":"code"}],"isModifier":true,"isSummary":true,"binding":{"extension":[{"url":"http://hl7.org/fhir/StructureDefinition/elementdefinition-bindingName","valueString":"LocationMode"}],"strength":"required","description":"Indicates whether a resource instance represents a specific location or a class of locations.","valueSetReference":{"reference":"http://hl7.org/fhir/ValueSet/location-mode"}},"mapping":[{"identity":"rim","map":".playingEntity[classCode=PLC].determinerCode"},{"identity":"w5","map":"class"}]},{"id":"Location.type","path":"Location.type","short":"Type of function performed","definition":"Indicates the type of function performed at the location.","min":0,"max":"1","base":{"path":"Location.type","min":0,"max":"1"},"type":[{"code":"CodeableConcept"}],"isSummary":true,"binding":{"extension":[{"url":"http://hl7.org/fhir/StructureDefinition/elementdefinition-bindingName","valueString":"LocationType"}],"strength":"extensible","description":"Indicates the type of function performed at the location.","valueSetReference":{"reference":"http://hl7.org/fhir/ValueSet/v3-ServiceDeliveryLocationRoleType"}},"mapping":[{"identity":"rim","map":".code"},{"identity":"w5","map":"class"}]},{"id":"Location.telecom","path":"Location.telecom","short":"Contact details of the location","definition":"The contact details of communication devices available at the location. This can include phone numbers, fax numbers, mobile numbers, email addresses and web sites.","min":0,"max":"*","base":{"path":"Location.telecom","min":0,"max":"*"},"type":[{"code":"ContactPoint"}],"mapping":[{"identity":"rim","map":".telecom"}]},{"id":"Location.address","path":"Location.address","short":"Physical location","definition":"Physical location.","comment":"This was kept as 0..1 as there is no use property on the address, so wouldn't be able to identify different address types.","requirements":"If locations can be visited, we need to keep track of their address.","min":0,"max":"1","base":{"path":"Location.address","min":0,"max":"1"},"type":[{"code":"Address"}],"mapping":[{"identity":"rim","map":".addr"}]},{"id":"Location.physicalType","path":"Location.physicalType","short":"Physical form of the location","definition":"Physical form of the location, e.g. building, room, vehicle, road.","requirements":"For purposes of showing relevant locations in queries, we need to categorize locations.","min":0,"max":"1","base":{"path":"Location.physicalType","min":0,"max":"1"},"type":[{"code":"CodeableConcept"}],"isSummary":true,"binding":{"extension":[{"url":"http://hl7.org/fhir/StructureDefinition/elementdefinition-bindingName","valueString":"PhysicalType"}],"strength":"example","description":"Physical form of the location","valueSetReference":{"reference":"http://hl7.org/fhir/ValueSet/location-physical-type"}},"mapping":[{"identity":"rim","map":".playingEntity [classCode=PLC].code"},{"identity":"w5","map":"class"}]},{"id":"Location.position","path":"Location.position","short":"The absolute geographic location","definition":"The absolute geographic location of the Location, expressed using the WGS84 datum (This is the same co-ordinate system used in KML).","requirements":"For mobile applications and automated route-finding knowing the exact location of the Location is required.","min":0,"max":"1","base":{"path":"Location.position","min":0,"max":"1"},"type":[{"code":"BackboneElement"}],"constraint":[{"key":"ele-1","severity":"error","human":"All FHIR elements must have a @value or children","expression":"hasValue() | (children().count() > id.count())","xpath":"@value|f:*|h:div","source":"Element"}],"mapping":[{"identity":"rim","map":".playingEntity [classCode=PLC determinerCode=INSTANCE].positionText"}]},{"id":"Location.position.id","path":"Location.position.id","representation":["xmlAttr"],"short":"xml:id (or equivalent in JSON)","definition":"unique id for the element within a resource (for internal references). This may be any string value that does not contain spaces.","min":0,"max":"1","base":{"path":"Element.id","min":0,"max":"1"},"type":[{"code":"string"}],"mapping":[{"identity":"rim","map":"n/a"}]},{"id":"Location.position.extension","path":"Location.position.extension","short":"Additional Content defined by implementations","definition":"May be used to represent additional information that is not part of the basic definition of the element. In order to make the use of extensions safe and manageable, there is a strict set of governance  applied to the definition and use of extensions. Though any implementer is allowed to define an extension, there is a set of requirements that SHALL be met as part of the definition of the extension.","comment":"There can be no stigma associated with the use of extensions by any application, project, or standard - regardless of the institution or jurisdiction that uses or defines the extensions.  The use of extensions is what allows the FHIR specification to retain a core level of simplicity for everyone.","alias":["extensions","user content"],"min":0,"max":"*","base":{"path":"Element.extension","min":0,"max":"*"},"type":[{"code":"Extension"}],"mapping":[{"identity":"rim","map":"n/a"}]},{"id":"Location.position.modifierExtension","path":"Location.position.modifierExtension","short":"Extensions that cannot be ignored","definition":"May be used to represent additional information that is not part of the basic definition of the element, and that modifies the understanding of the element that contains it. Usually modifier elements provide negation or qualification. In order to make the use of extensions safe and manageable, there is a strict set of governance applied to the definition and use of extensions. Though any implementer is allowed to define an extension, there is a set of requirements that SHALL be met as part of the definition of the extension. Applications processing a resource are required to check for modifier extensions.","comment":"There can be no stigma associated with the use of extensions by any application, project, or standard - regardless of the institution or jurisdiction that uses or defines the extensions.  The use of extensions is what allows the FHIR specification to retain a core level of simplicity for everyone.","alias":["extensions","user content","modifiers"],"min":0,"max":"*","base":{"path":"BackboneElement.modifierExtension","min":0,"max":"*"},"type":[{"code":"Extension"}],"isModifier":true,"isSummary":true,"mapping":[{"identity":"rim","map":"N/A"}]},{"id":"Location.position.longitude","path":"Location.position.longitude","short":"Longitude with WGS84 datum","definition":"Longitude. The value domain and the interpretation are the same as for the text of the longitude element in KML (see notes below).","min":1,"max":"1","base":{"path":"Location.position.longitude","min":1,"max":"1"},"type":[{"code":"decimal"}],"mapping":[{"identity":"rim","map":"(RIM Opted not to map the sub-elements of GPS location, is now an OBS)"}]},{"id":"Location.position.latitude","path":"Location.position.latitude","short":"Latitude with WGS84 datum","definition":"Latitude. The value domain and the interpretation are the same as for the text of the latitude element in KML (see notes below).","min":1,"max":"1","base":{"path":"Location.position.latitude","min":1,"max":"1"},"type":[{"code":"decimal"}],"mapping":[{"identity":"rim","map":"(RIM Opted not to map the sub-elements of GPS location, is now an OBS)"}]},{"id":"Location.position.altitude","path":"Location.position.altitude","short":"Altitude with WGS84 datum","definition":"Altitude. The value domain and the interpretation are the same as for the text of the altitude element in KML (see notes below).","min":0,"max":"1","base":{"path":"Location.position.altitude","min":0,"max":"1"},"type":[{"code":"decimal"}],"mapping":[{"identity":"rim","map":"(RIM Opted not to map the sub-elements of GPS location, is now an OBS)"}]},{"id":"Location.managingOrganization","path":"Location.managingOrganization","short":"Organization responsible for provisioning and upkeep","definition":"The organization responsible for the provisioning and upkeep of the location.","comment":"This can also be used as the part of the organization hierarchy where this location provides services. These services can be defined through the HealthcareService resource.","requirements":"Need to know who manages the location.","min":0,"max":"1","base":{"path":"Location.managingOrganization","min":0,"max":"1"},"type":[{"code":"Reference","targetProfile":"https://fhir.hl7.org.uk/STU3/StructureDefinition/CareConnect-Organization-1"}],"isSummary":true,"mapping":[{"identity":"rim","map":".scopingEntity[classCode=ORG determinerKind=INSTANCE]"}]},{"id":"Location.partOf","path":"Location.partOf","short":"Another Location this one is physically part of","definition":"Another Location which this Location is physically part of.","requirements":"For purposes of location, display and identification, knowing which locations are located within other locations is important.","min":0,"max":"1","base":{"path":"Location.partOf","min":0,"max":"1"},"type":[{"code":"Reference","targetProfile":"https://fhir.hl7.org.uk/STU3/StructureDefinition/CareConnect-Location-1"}],"mapping":[{"identity":"rim","map":".inboundLink[typeCode=PART].source[classCode=SDLC]"}]},{"id":"Location.endpoint","path":"Location.endpoint","short":"Technical endpoints providing access to services operated for the location","definition":"Technical endpoints providing access to services operated for the location.","requirements":"Organizations may have different systems at different locations that provide various services and need to be able to define the technical connection details for how to connect to them, and for what purpose.","min":0,"max":"*","base":{"path":"Location.endpoint","min":0,"max":"*"},"type":[{"code":"Reference","targetProfile":"http://hl7.org/fhir/StructureDefinition/Endpoint"}],"mapping":[{"identity":"rim","map":"n/a"}]}]},"differential":{"element":[{"id":"Location","path":"Location"},{"id":"Location.identifier","path":"Location.identifier","slicing":{"discriminator":[{"type":"value","path":"system"}],"ordered":false,"rules":"openAtEnd"}},{"id":"Location.identifier:odsSiteCode","path":"Location.identifier","sliceName":"odsSiteCode","short":"ODS Site code to identify the organisation at site level","definition":"ODS Site code to identify the organisation at site level.","max":"1"},{"id":"Location.identifier:odsSiteCode.system","path":"Location.identifier.system","short":"ODS Code","min":1,"fixedUri":"https://fhir.nhs.uk/Id/ods-site-code"},{"id":"Location.identifier:odsSiteCode.value","path":"Location.identifier.value","short":"The ODS Site code name, to reflect the code used","min":1},{"id":"Location.identifier:odsSiteCode.assigner","path":"Location.identifier.assigner","type":[{"code":"Reference","targetProfile":"https://fhir.hl7.org.uk/STU3/StructureDefinition/CareConnect-Organization-1"}]},{"id":"Location.managingOrganization","path":"Location.managingOrganization","type":[{"code":"Reference","targetProfile":"https://fhir.hl7.org.uk/STU3/StructureDefinition/CareConnect-Organization-1"}]},{"id":"Location.partOf","path":"Location.partOf","type":[{"code":"Reference","targetProfile":"https://fhir.hl7.org.uk/STU3/StructureDefinition/CareConnect-Location-1"}]}]}}