{"resourceType":"ValueSet","id":"CareConnect-ReferralRequestMethod-1","text":{"status":"generated","div":"<div xmlns=\"http://www.w3.org/1999/xhtml\"><h2>Care Connect Referral Request Method</h2><div><p>A ValueSet to identify the form in which a referral is sent and received.</p>\n</div><p><b>Copyright Statement:</b> Copyright © 2019 HL7 UK</p><p>This value set includes codes from the following code systems:</p><ul><li>Include all codes defined in <a href=\"CareConnect-ReferralRequestMethod-1.html\"><code>https://fhir.hl7.org.uk/STU3/CodeSystem/CareConnect-ReferralRequestMethod-1</code></a></li></ul></div>"},"url":"https://fhir.hl7.org.uk/STU3/ValueSet/CareConnect-ReferralRequestMethod-1","version":"3.0.0","name":"Care Connect Referral Request Method","status":"draft","date":"2019-07-16T18:43:00+01:00","publisher":"INTEROpen","contact":[{"telecom":[{"system":"other","value":"https://interopen.ryver.com/"}]}],"description":"A ValueSet to identify the form in which a referral is sent and received.","jurisdiction":[{"coding":[{"system":"http://unstats.un.org/unsd/methods/m49/m49.htm","code":"826"}]}],"copyright":"Copyright © 2019 HL7 UK","compose":{"include":[{"system":"https://fhir.hl7.org.uk/STU3/CodeSystem/CareConnect-ReferralRequestMethod-1"}]}}