{"resourceType":"ValueSet","id":"CareConnect-InspiredOxygen-1","text":{"status":"generated","div":"<div xmlns=\"http://www.w3.org/1999/xhtml\"> \n         <h2>Care Connect Inspired Oxygen</h2> \n         <div> \n            <p>A code from the SNOMED Clinical Terminology UK coding system which describes whether a patient requires oxygen or is breathing room air.</p> \n         </div> \n         <p> \n            <b>Copyright Statement:</b> This value set includes content from SNOMED CT, which is copyright © 2002+ International Health Terminology Standards Development Organisation (IHTSDO), and distributed by agreement between IHTSDO and HL7. Implementer use of SNOMED CT is not covered by this agreement. \n         </p> \n         <p>This value set includes codes from the following code systems:</p> \n         <ul> \n            <li>Include codes from \n               <a href=\"http://www.snomed.org/\"> \n                  <code>http://snomed.info/sct</code> \n               </a> where constraint  =  (722742002 |Breathing room air| OR 371825009 |Patient on oxygen|) \n            </li> \n         </ul> \n      </div>"},"url":"https://fhir.hl7.org.uk/STU3/ValueSet/CareConnect-InspiredOxygen-1","version":"3.0.0","name":"Care Connect Inspired Oxygen","status":"draft","date":"2018-10-19T01:00:00+01:00","publisher":"INTEROpen","contact":[{"telecom":[{"system":"other","value":"https://interopen.ryver.com/"}]}],"description":"A code from the SNOMED Clinical Terminology UK coding system which describes whether a patient requires oxygen or is breathing room air.","jurisdiction":[{"coding":[{"system":"http://unstats.un.org/unsd/methods/m49/m49.htm","code":"826"}]}],"copyright":"This value set includes content from SNOMED CT, which is copyright © 2002+ International Health Terminology Standards Development Organisation (IHTSDO), and distributed by agreement between IHTSDO and HL7. Implementer use of SNOMED CT is not covered by this agreement.","compose":{"include":[{"system":"http://snomed.info/sct","filter":[{"property":"constraint","op":"=","value":"(722742002 |Breathing room air| OR 371825009 |Patient on oxygen|)"}]}]},"expansion":{"identifier":"65bf69d2-48de-4c8b-8a94-a08224466f51","timestamp":"2019-12-11T16:50:39+00:00","total":2,"parameter":[{"name":"version","valueUri":"http://snomed.info/sct?version=http%3A%2F%2Fsnomed.info%2Fsct%2F999000031000000106%2Fversion%2F20190807"},{"name":"count","valueInteger":2147483647},{"name":"offset","valueInteger":0}],"contains":[{"system":"http://snomed.info/sct","code":"371825009","display":"Patient on oxygen"},{"system":"http://snomed.info/sct","code":"722742002","display":"Breathing room air"}]}}