{"resourceType":"ValueSet","id":"CareConnect-ConditionEpisodicity-1","text":{"status":"generated","div":"<div xmlns=\"http://www.w3.org/1999/xhtml\"><h2>Care Connect Condition Episodicity</h2><div><p>A ValueSet to identify the episodicity of a condition.</p>\n</div><p><b>Copyright Statement:</b> Copyright © 2016 HL7 UK</p><p>This value set includes codes from the following code systems:</p><ul><li>Include all codes defined in <a href=\"CareConnect-ConditionEpisodicity-1.html\"><code>https://fhir.hl7.org.uk/STU3/CodeSystem/CareConnect-ConditionEpisodicity-1</code></a></li></ul></div>"},"extension":[{"url":"http://hl7.org/fhir/StructureDefinition/valueset-map","valueReference":{"reference":"https://fhir.hl7.org.uk/STU3/ConceptMap/CareConnect-ConditionEpisodicity-1"}}],"url":"https://fhir.hl7.org.uk/STU3/ValueSet/CareConnect-ConditionEpisodicity-1","version":"0.1.0","name":"Care Connect Condition Episodicity","status":"draft","date":"2018-11-14T00:00:00+00:00","publisher":"HL7 UK - Example","contact":[{"telecom":[{"system":"other","value":"http://hl7.org/Special/committees/[something]"}]}],"description":"A ValueSet to identify the episodicity of a condition.","jurisdiction":[{"coding":[{"system":"http://unstats.un.org/unsd/methods/m49/m49.htm","code":"826"}]}],"copyright":"Copyright © 2016 HL7 UK","compose":{"include":[{"system":"https://fhir.hl7.org.uk/STU3/CodeSystem/CareConnect-ConditionEpisodicity-1"}]}}