{"resourceType":"ValueSet","id":"CareConnect-DischargeMethod-1","text":{"status":"generated","div":"<div xmlns=\"http://www.w3.org/1999/xhtml\"><h2>NHS Data Model and Dictionary Discharge Method</h2><div><p>The method of discharge from a Hospital Provider Spell.</p>\n</div><p><b>Copyright Statement:</b> Copyright © 2016 HL7 UK</p><p>This value set includes codes from the following code systems:</p><ul><li>Include all codes defined in <a href=\"CareConnect-DischargeMethod-1.html\"><code>https://fhir.hl7.org.uk/STU3/CodeSystem/CareConnect-DischargeMethod-1</code></a></li></ul></div>"},"extension":[{"url":"http://hl7.org/fhir/StructureDefinition/valueset-sourceReference","valueUri":"http://www.datadictionary.nhs.uk/data_dictionary/attributes/d/disc/discharge_method_de.asp?shownav=1"}],"url":"https://fhir.hl7.org.uk/STU3/ValueSet/CareConnect-DischargeMethod-1","version":"0.1.0","name":"NHS Data Model and Dictionary Discharge Method","status":"draft","date":"2018-11-14T00:00:00+00:00","publisher":"HL7 UK - Example","contact":[{"telecom":[{"system":"other","value":"http://hl7.org/Special/committees/[something]"}]}],"description":"The method of discharge from a Hospital Provider Spell.","jurisdiction":[{"coding":[{"system":"http://unstats.un.org/unsd/methods/m49/m49.htm","code":"826"}]}],"copyright":"Copyright © 2016 HL7 UK","compose":{"include":[{"system":"https://fhir.hl7.org.uk/STU3/CodeSystem/CareConnect-DischargeMethod-1"}]}}