{"resourceType":"ValueSet","id":"CareConnect-CareSettingType-1","text":{"status":"generated","div":"<div xmlns=\"http://www.w3.org/1999/xhtml\"> \n         <h2>Care Connect Care Setting Type</h2> \n         <div> \n            <p>A code from the SNOMED Clinical Terminology UK coding system that describes a correspondence care setting type. Any code from the SNOMED CT UK 'Correspondence Care setting type' subset with subset original id 43971000000130; the corresponding SNOMED CT UK Refset fully specified name is 'Correspondence care setting type simple reference set (foundation metadata concept)' with Refset Id 999000381000000107</p> \n         </div> \n         <p> \n            <b>Copyright Statement:</b> This value set includes content from SNOMED CT, which is copyright © 2002+ International Health Terminology Standards Development Organisation (IHTSDO), and distributed by agreement between IHTSDO and HL7. Implementer use of SNOMED CT is not covered by this agreement. \n         </p> \n         <p>This value set includes codes from the following code systems:</p> \n         <ul> \n            <li>Include codes from \n               <a href=\"http://www.snomed.org/\"> \n                  <code>http://snomed.info/sct</code> \n               </a> where concept  in  999000381000000107 \n            </li> \n         </ul> \n      </div>"},"url":"https://fhir.hl7.org.uk/STU3/ValueSet/CareConnect-CareSettingType-1","version":"3.0.0","name":"Care Connect Care Setting Type","status":"draft","date":"2018-11-01T00:00:00+00:00","publisher":"HL7 UK","contact":[{"telecom":[{"system":"other","value":"https://chat.fhir.org/#narrow/stream/179189-uk"}]}],"description":"A code from the SNOMED Clinical Terminology UK coding system that describes a correspondence care setting type. Any code from the SNOMED CT UK 'Correspondence Care setting type' subset with subset original id 43971000000130; the corresponding SNOMED CT UK Refset fully specified name is 'Correspondence care setting type simple reference set (foundation metadata concept)' with Refset Id 999000381000000107","jurisdiction":[{"coding":[{"system":"http://unstats.un.org/unsd/methods/m49/m49.htm","code":"826"}]}],"copyright":"This value set includes content from SNOMED CT, which is copyright © 2002+ International Health Terminology Standards Development Organisation (IHTSDO), and distributed by agreement between IHTSDO and HL7. Implementer use of SNOMED CT is not covered by this agreement.","compose":{"include":[{"system":"http://snomed.info/sct","filter":[{"property":"concept","op":"in","value":"999000381000000107"}]}]},"expansion":{"identifier":"b875fc9d-3094-4c14-ba7d-48b0ab0112d1","timestamp":"2019-12-11T16:50:39+00:00","total":218,"parameter":[{"name":"version","valueUri":"http://snomed.info/sct?version=http%3A%2F%2Fsnomed.info%2Fsct%2F999000031000000106%2Fversion%2F20190807"},{"name":"count","valueInteger":2147483647},{"name":"offset","valueInteger":0}],"contains":[{"system":"http://snomed.info/sct","code":"310165002","display":"Transplant surgery service"},{"system":"http://snomed.info/sct","code":"310034009","display":"Paediatric intensive care service"},{"system":"http://snomed.info/sct","code":"310033003","display":"Adult intensive care service"},{"system":"http://snomed.info/sct","code":"708188000","display":"Serology service"},{"system":"http://snomed.info/sct","code":"310166001","display":"Trauma surgery service"},{"system":"http://snomed.info/sct","code":"310167005","display":"Urology service"},{"system":"http://snomed.info/sct","code":"2351000175106","display":"Sports medicine service"},{"system":"http://snomed.info/sct","code":"310141000","display":"Thoracic surgery service"},{"system":"http://snomed.info/sct","code":"310010004","display":"Distraction test audiological screening service"},{"system":"http://snomed.info/sct","code":"310019003","display":"Tinnitus management service"},{"system":"http://snomed.info/sct","code":"706902008","display":"Mycology service"},{"system":"http://snomed.info/sct","code":"3801000175108","display":"Paediatric pulmonology service"},{"system":"http://snomed.info/sct","code":"699650006","display":"Community based physiotherapy service"},{"system":"http://snomed.info/sct","code":"310121005","display":"Psychogeriatric service"},{"system":"http://snomed.info/sct","code":"700436003","display":"Clinical pharmacology service"},{"system":"http://snomed.info/sct","code":"310120006","display":"Mental handicap psychiatry service"},{"system":"http://snomed.info/sct","code":"722424008","display":"Physical medicine and rehabilitation service"},{"system":"http://snomed.info/sct","code":"310016005","display":"Adult hearing aid service"},{"system":"http://snomed.info/sct","code":"310148006","display":"Restorative dentistry service"},{"system":"http://snomed.info/sct","code":"310080006","display":"Pharmacy service"},{"system":"http://snomed.info/sct","code":"310018006","display":"Speech-reading training service"},{"system":"http://snomed.info/sct","code":"2421000175108","display":"Acute care inpatient service"},{"system":"http://snomed.info/sct","code":"310123008","display":"Psychology service"},{"system":"http://snomed.info/sct","code":"706901001","display":"Bacteriology service"},{"system":"http://snomed.info/sct","code":"310084002","display":"Dance therapy service"},{"system":"http://snomed.info/sct","code":"310082003","display":"Arts therapy services"},{"system":"http://snomed.info/sct","code":"310083008","display":"Art therapy service"},{"system":"http://snomed.info/sct","code":"310122003","display":"Rehabilitation psychiatry service"},{"system":"http://snomed.info/sct","code":"310015009","display":"Hearing aid service"},{"system":"http://snomed.info/sct","code":"310147001","display":"Paediatric dentistry service"},{"system":"http://snomed.info/sct","code":"700435004","display":"Clinical physiology service"},{"system":"http://snomed.info/sct","code":"708169007","display":"Respiratory therapy service"},{"system":"http://snomed.info/sct","code":"310168000","display":"Vascular surgery service"},{"system":"http://snomed.info/sct","code":"310142007","display":"Cardiac surgery service"},{"system":"http://snomed.info/sct","code":"310143002","display":"Dental surgery service"},{"system":"http://snomed.info/sct","code":"310014008","display":"Paediatric cochlear implant service"},{"system":"http://snomed.info/sct","code":"408452007","display":"Behavioural intervention team"},{"system":"http://snomed.info/sct","code":"706900000","display":"Parasitology service"},{"system":"http://snomed.info/sct","code":"710028007","display":"Maxillofacial surgery service"},{"system":"http://snomed.info/sct","code":"310017001","display":"Paediatric hearing aid service"},{"system":"http://snomed.info/sct","code":"310149003","display":"Ear, nose and throat service"},{"system":"http://snomed.info/sct","code":"310146005","display":"Orthodontics service"},{"system":"http://snomed.info/sct","code":"700434000","display":"Endocrinology service"},{"system":"http://snomed.info/sct","code":"408451000","display":"Community learning disabilities team"},{"system":"http://snomed.info/sct","code":"408458006","display":"Specialist multidisciplinary team"},{"system":"http://snomed.info/sct","code":"310144008","display":"General dental surgery service"},{"system":"http://snomed.info/sct","code":"310013002","display":"Adult cochlear implant service"},{"system":"http://snomed.info/sct","code":"310012007","display":"Cochlear implant service"},{"system":"http://snomed.info/sct","code":"310145009","display":"Oral surgery service"},{"system":"http://snomed.info/sct","code":"700433006","display":"Gastroenterology service"},{"system":"http://snomed.info/sct","code":"310140004","display":"Cardiothoracic surgery service"},{"system":"http://snomed.info/sct","code":"310109006","display":"Orthotics service"},{"system":"http://snomed.info/sct","code":"310150003","display":"Endocrine surgery service"},{"system":"http://snomed.info/sct","code":"310138009","display":"Surgical service"},{"system":"http://snomed.info/sct","code":"708171007","display":"Vascular ultrasound service"},{"system":"http://snomed.info/sct","code":"310169008","display":"Ultrasonography service"},{"system":"http://snomed.info/sct","code":"708175003","display":"Diagnostic imaging service"},{"system":"http://snomed.info/sct","code":"708170008","display":"Nursing service"},{"system":"http://snomed.info/sct","code":"3761000175103","display":"Paediatric endocrinology service"},{"system":"http://snomed.info/sct","code":"310023006","display":"Radiotherapy service"},{"system":"http://snomed.info/sct","code":"310022001","display":"Clinical oncology service"},{"system":"http://snomed.info/sct","code":"395086005","display":"Community specialist palliative care"},{"system":"http://snomed.info/sct","code":"310073009","display":"Palliative care service"},{"system":"http://snomed.info/sct","code":"708173005","display":"Obstetric ultrasound service"},{"system":"http://snomed.info/sct","code":"310067008","display":"Community paediatric service"},{"system":"http://snomed.info/sct","code":"722175001","display":"Psychosomatic medicine service"},{"system":"http://snomed.info/sct","code":"722174002","display":"Pulmonary medicine service"},{"system":"http://snomed.info/sct","code":"708194008","display":"Blood bank service"},{"system":"http://snomed.info/sct","code":"310108003","display":"Community orthoptics service"},{"system":"http://snomed.info/sct","code":"310107008","display":"Hospital orthoptics service"},{"system":"http://snomed.info/sct","code":"3751000175100","display":"Paediatric emergency medical service"},{"system":"http://snomed.info/sct","code":"310020009","display":"Hearing therapy service"},{"system":"http://snomed.info/sct","code":"310011000","display":"Aural rehabilitation service"},{"system":"http://snomed.info/sct","code":"310004004","display":"Audiological service"},{"system":"http://snomed.info/sct","code":"310152006","display":"General gastrointestinal surgery service"},{"system":"http://snomed.info/sct","code":"310151004","display":"Gastrointestinal surgery service"},{"system":"http://snomed.info/sct","code":"708174004","display":"Interventional radiology service"},{"system":"http://snomed.info/sct","code":"310125001","display":"Radiology service"},{"system":"http://snomed.info/sct","code":"310155008","display":"Colorectal surgery service"},{"system":"http://snomed.info/sct","code":"708196005","display":"Haematology service"},{"system":"http://snomed.info/sct","code":"310069006","display":"Paediatric oncology service"},{"system":"http://snomed.info/sct","code":"3621000175101","display":"Rheumatology service"},{"system":"http://snomed.info/sct","code":"708172000","display":"Cardiac ultrasound service"},{"system":"http://snomed.info/sct","code":"409971007","display":"Emergency medical services"},{"system":"http://snomed.info/sct","code":"310021008","display":"Assistive listening device service"},{"system":"http://snomed.info/sct","code":"310153001","display":"Upper gastrointestinal surgery service"},{"system":"http://snomed.info/sct","code":"708178001","display":"Cytogenetics service"},{"system":"http://snomed.info/sct","code":"310068003","display":"Paediatric neurology service"},{"system":"http://snomed.info/sct","code":"722170006","display":"Chiropractic service"},{"system":"http://snomed.info/sct","code":"708193002","display":"Coagulation service"},{"system":"http://snomed.info/sct","code":"310119000","display":"Liaison psychiatry service"},{"system":"http://snomed.info/sct","code":"310079008","display":"Neuropathology service"},{"system":"http://snomed.info/sct","code":"708183009","display":"Anatomic pathology service"},{"system":"http://snomed.info/sct","code":"3791000175107","display":"Paediatric nephrology service"},{"system":"http://snomed.info/sct","code":"310162004","display":"Pancreatic surgery service"},{"system":"http://snomed.info/sct","code":"708185002","display":"Virology service"},{"system":"http://snomed.info/sct","code":"310161006","display":"Orthopaedic service"},{"system":"http://snomed.info/sct","code":"310030000","display":"Endoscopy service"},{"system":"http://snomed.info/sct","code":"708182004","display":"Histology service"},{"system":"http://snomed.info/sct","code":"310160007","display":"Ophthalmology service"},{"system":"http://snomed.info/sct","code":"705150003","display":"Domiciliary physiotherapy service"},{"system":"http://snomed.info/sct","code":"310118008","display":"Forensic psychiatry service"},{"system":"http://snomed.info/sct","code":"3781000175109","display":"Paediatric infectious disease service"},{"system":"http://snomed.info/sct","code":"310164003","display":"Plastic surgery service"},{"system":"http://snomed.info/sct","code":"310031001","display":"Family planning service"},{"system":"http://snomed.info/sct","code":"708187005","display":"Surgical pathology service"},{"system":"http://snomed.info/sct","code":"734863003","display":"Prosthodontic service"},{"system":"http://snomed.info/sct","code":"3531000175102","display":"Geriatric service"},{"system":"http://snomed.info/sct","code":"708180007","display":"Dermatopathology service"},{"system":"http://snomed.info/sct","code":"699478002","display":"Surgical oncology service"},{"system":"http://snomed.info/sct","code":"444933003","display":"Home hospice service"},{"system":"http://snomed.info/sct","code":"734862008","display":"Endodontic service"},{"system":"http://snomed.info/sct","code":"700241009","display":"Dermatology service"},{"system":"http://snomed.info/sct","code":"310088004","display":"Community-based podiatry service"},{"system":"http://snomed.info/sct","code":"310087009","display":"Podiatry service"},{"system":"http://snomed.info/sct","code":"310127009","display":"Magnetic resonance imaging service"},{"system":"http://snomed.info/sct","code":"310126000","display":"Breast screening service"},{"system":"http://snomed.info/sct","code":"310062002","display":"Pregnancy termination service"},{"system":"http://snomed.info/sct","code":"310061009","display":"Gynaecology service"},{"system":"http://snomed.info/sct","code":"310128004","display":"Computerised tomography service"},{"system":"http://snomed.info/sct","code":"310089007","display":"Hospital-based podiatry service"},{"system":"http://snomed.info/sct","code":"310100005","display":"Play therapy service"},{"system":"http://snomed.info/sct","code":"310124002","display":"Psychotherapy service"},{"system":"http://snomed.info/sct","code":"310085001","display":"Drama therapy service"},{"system":"http://snomed.info/sct","code":"310086000","display":"Music therapy service"},{"system":"http://snomed.info/sct","code":"706903003","display":"Mycobacteriology service"},{"system":"http://snomed.info/sct","code":"741073001","display":"Neonatal intensive care service"},{"system":"http://snomed.info/sct","code":"310032008","display":"Intensive care service"},{"system":"http://snomed.info/sct","code":"278032008","display":"Preventive service"},{"system":"http://snomed.info/sct","code":"310158005","display":"Hepatobiliary surgical service"},{"system":"http://snomed.info/sct","code":"310091004","display":"Community-based dietetics service"},{"system":"http://snomed.info/sct","code":"310090003","display":"Dietetics service"},{"system":"http://snomed.info/sct","code":"310024000","display":"Colposcopy service"},{"system":"http://snomed.info/sct","code":"310156009","display":"General surgical service"},{"system":"http://snomed.info/sct","code":"310130002","display":"Head injury rehabilitation service"},{"system":"http://snomed.info/sct","code":"310129007","display":"Rehabilitation service"},{"system":"http://snomed.info/sct","code":"310027007","display":"Mental health counselling service"},{"system":"http://snomed.info/sct","code":"310026003","display":"Counselling service"},{"system":"http://snomed.info/sct","code":"714089006","display":"Community midwifery service"},{"system":"http://snomed.info/sct","code":"714088003","display":"Midwifery service"},{"system":"http://snomed.info/sct","code":"3771000175106","display":"Paediatric gastroenterology service"},{"system":"http://snomed.info/sct","code":"310095008","display":"Social services occupational therapy service"},{"system":"http://snomed.info/sct","code":"310005003","display":"Diagnostic audiology service"},{"system":"http://snomed.info/sct","code":"310137004","display":"Stroke service"},{"system":"http://snomed.info/sct","code":"711332004","display":"Allergy service"},{"system":"http://snomed.info/sct","code":"310094007","display":"Community-based occupational therapy service"},{"system":"http://snomed.info/sct","code":"310072004","display":"Acute pain service"},{"system":"http://snomed.info/sct","code":"310071006","display":"Pain management service"},{"system":"http://snomed.info/sct","code":"310007006","display":"Paediatric diagnostic audiology service"},{"system":"http://snomed.info/sct","code":"310139001","display":"Breast surgery service"},{"system":"http://snomed.info/sct","code":"310098005","display":"Hospital-based physiotherapy service"},{"system":"http://snomed.info/sct","code":"722140001","display":"Physiotherapy service"},{"system":"http://snomed.info/sct","code":"310099002","display":"Child physiotherapy service"},{"system":"http://snomed.info/sct","code":"310000008","display":"Accident and Emergency service"},{"system":"http://snomed.info/sct","code":"310132005","display":"Young disabled service"},{"system":"http://snomed.info/sct","code":"310096009","display":"Hospital-based occupational therapy service"},{"system":"http://snomed.info/sct","code":"413294000","display":"Community health services"},{"system":"http://snomed.info/sct","code":"310092006","display":"Hospital-based dietetics service"},{"system":"http://snomed.info/sct","code":"310003005","display":"Child assessment service"},{"system":"http://snomed.info/sct","code":"395104009","display":"Cancer primary healthcare multidisciplinary team"},{"system":"http://snomed.info/sct","code":"310159002","display":"Neurosurgical service"},{"system":"http://snomed.info/sct","code":"310028002","display":"Diagnostic investigation service"},{"system":"http://snomed.info/sct","code":"310093001","display":"Occupational therapy service"},{"system":"http://snomed.info/sct","code":"2451000175103","display":"Perinatology service"},{"system":"http://snomed.info/sct","code":"310029005","display":"Domiciliary visit service"},{"system":"http://snomed.info/sct","code":"310001007","display":"Anaesthetic service"},{"system":"http://snomed.info/sct","code":"413299005","display":"Early years services"},{"system":"http://snomed.info/sct","code":"734920002","display":"Diabetic education service"},{"system":"http://snomed.info/sct","code":"444913002","display":"Diabetes mellitus service"},{"system":"http://snomed.info/sct","code":"310114005","display":"Community surgical fitting service"},{"system":"http://snomed.info/sct","code":"310076001","display":"Clinical biochemistry service"},{"system":"http://snomed.info/sct","code":"733459009","display":"Cardiac rehabilitation service"},{"system":"http://snomed.info/sct","code":"310009009","display":"Neonatal audiological screening service"},{"system":"http://snomed.info/sct","code":"700232004","display":"General medical service"},{"system":"http://snomed.info/sct","code":"310115006","display":"Public health service"},{"system":"http://snomed.info/sct","code":"700231006","display":"Critical care physician service"},{"system":"http://snomed.info/sct","code":"310117003","display":"Child and adolescent psychiatry service"},{"system":"http://snomed.info/sct","code":"310116007","display":"Psychiatry service"},{"system":"http://snomed.info/sct","code":"708168004","display":"Mental health service"},{"system":"http://snomed.info/sct","code":"722352000","display":"Vascular medicine service"},{"system":"http://snomed.info/sct","code":"2461000175101","display":"Pulmonary rehabilitation service"},{"system":"http://snomed.info/sct","code":"310078000","display":"Medical microbiology service"},{"system":"http://snomed.info/sct","code":"310008001","display":"Audiological screening service"},{"system":"http://snomed.info/sct","code":"310006002","display":"Adult diagnostic audiology service"},{"system":"http://snomed.info/sct","code":"310070007","display":"Special care baby service"},{"system":"http://snomed.info/sct","code":"310111002","display":"Community orthotics service"},{"system":"http://snomed.info/sct","code":"310113004","display":"Hospital surgical fitting service"},{"system":"http://snomed.info/sct","code":"310112009","display":"Surgical fitting service"},{"system":"http://snomed.info/sct","code":"310110001","display":"Hospital orthotics service"},{"system":"http://snomed.info/sct","code":"310025004","display":"Complementary therapy service"},{"system":"http://snomed.info/sct","code":"310157000","display":"Hand surgery service"},{"system":"http://snomed.info/sct","code":"708179009","display":"Molecular pathology service"},{"system":"http://snomed.info/sct","code":"310131003","display":"Community rehabilitation service"},{"system":"http://snomed.info/sct","code":"2471000175109","display":"Employee health service"},{"system":"http://snomed.info/sct","code":"395092004","display":"Specialist palliative care"},{"system":"http://snomed.info/sct","code":"310163009","display":"Paediatric surgical service"},{"system":"http://snomed.info/sct","code":"310200001","display":"Cytology service"},{"system":"http://snomed.info/sct","code":"310133000","display":"Swallow clinic"},{"system":"http://snomed.info/sct","code":"373654008","display":"Medical referral service"},{"system":"http://snomed.info/sct","code":"722393008","display":"Legal medicine service"},{"system":"http://snomed.info/sct","code":"722176000","display":"Dentistry service"},{"system":"http://snomed.info/sct","code":"700221004","display":"Care of elderly service"},{"system":"http://snomed.info/sct","code":"310104001","display":"Child speech and language therapy service"},{"system":"http://snomed.info/sct","code":"310065000","display":"Open access service"},{"system":"http://snomed.info/sct","code":"310105000","display":"Optometry service"},{"system":"http://snomed.info/sct","code":"445449000","display":"Acute care hospice service"},{"system":"http://snomed.info/sct","code":"708190004","display":"Immunology service"},{"system":"http://snomed.info/sct","code":"708184003","display":"Clinical pathology service"},{"system":"http://snomed.info/sct","code":"310074003","display":"Pathology service"},{"system":"http://snomed.info/sct","code":"310103007","display":"Hospital-based speech and language therapy service"},{"system":"http://snomed.info/sct","code":"310101009","display":"Speech and language therapy service"},{"system":"http://snomed.info/sct","code":"310081005","display":"Professional allied to medicine service"},{"system":"http://snomed.info/sct","code":"310064001","display":"Occupational health service"},{"system":"http://snomed.info/sct","code":"310102002","display":"Community-based speech and language therapy service"},{"system":"http://snomed.info/sct","code":"310106004","display":"Orthoptics service"},{"system":"http://snomed.info/sct","code":"310063007","display":"Obstetrics service"},{"system":"http://snomed.info/sct","code":"310060005","display":"Obstetrics and gynaecology service"},{"system":"http://snomed.info/sct","code":"708191000","display":"Toxicology service"}]}}