<?xml version="1.0" encoding="UTF-8"?><CodeSystem xmlns="http://hl7.org/fhir"><id value="CareConnect-DischargeDestination-1"/><text><status value="generated"/><div xmlns="http://www.w3.org/1999/xhtml"><h2>NHS Data Model and Dictionary Discharge Destination</h2><div><p>The destination of a Patient on completion of a Hospital Provider Spell, or a note that the Patient died or was a still birth.</p>
</div><p><b>Copyright Statement:</b> Copyright &#xA9; 2016 HL7 UK</p><p>This code system https://fhir.hl7.org.uk/STU3/CodeSystem/CareConnect-DischargeDestination-1 defines the following codes:</p><table class="codes"><tr><td style="white-space:nowrap"><b>Code</b></td><td><b>Display</b></td><td><b>Definition</b></td></tr><tr><td style="white-space:nowrap">19<a name="CareConnect-DischargeDestination-1-19"> </a></td><td>Usual place of residence unless listed below, for example, a private dwelling whether owner occupied or owned by Local Authority, housing association or other landlord. This includes wardened accommodation but not residential accommodation where health care is provided. It also includes Patients with no fixed abode.</td><td/></tr><tr><td style="white-space:nowrap">29<a name="CareConnect-DischargeDestination-1-29"> </a></td><td>Temporary place of residence when usually resident elsewhere (e.g. hotels, residential Educational Establishment)</td><td/></tr><tr><td style="white-space:nowrap">30<a name="CareConnect-DischargeDestination-1-30"> </a></td><td>Repatriation from high security psychiatric accommodation in an NHS Hospital Provider (NHS Trust or NHS Foundation Trust)</td><td/></tr><tr><td style="white-space:nowrap">37<a name="CareConnect-DischargeDestination-1-37"> </a></td><td>Court</td><td/></tr><tr><td style="white-space:nowrap">38<a name="CareConnect-DischargeDestination-1-38"> </a></td><td>Penal establishment or police station</td><td/></tr><tr><td style="white-space:nowrap">48<a name="CareConnect-DischargeDestination-1-48"> </a></td><td>High Security Psychiatric Hospital, Scotland</td><td/></tr><tr><td style="white-space:nowrap">49<a name="CareConnect-DischargeDestination-1-49"> </a></td><td>NHS other Hospital Provider - high security psychiatric accommodation</td><td/></tr><tr><td style="white-space:nowrap">50<a name="CareConnect-DischargeDestination-1-50"> </a></td><td>NHS other Hospital Provider - medium secure unit</td><td/></tr><tr><td style="white-space:nowrap">51<a name="CareConnect-DischargeDestination-1-51"> </a></td><td>NHS other Hospital Provider - Ward for general Patients or the younger physically disabled</td><td/></tr><tr><td style="white-space:nowrap">52<a name="CareConnect-DischargeDestination-1-52"> </a></td><td>NHS other Hospital Provider - Ward for maternity Patients or Neonates</td><td/></tr><tr><td style="white-space:nowrap">53<a name="CareConnect-DischargeDestination-1-53"> </a></td><td>NHS other Hospital Provider - Ward for Patients who are mentally ill or have Learning Disabilities</td><td/></tr><tr><td style="white-space:nowrap">54<a name="CareConnect-DischargeDestination-1-54"> </a></td><td>NHS run Care Home</td><td/></tr><tr><td style="white-space:nowrap">65<a name="CareConnect-DischargeDestination-1-65"> </a></td><td>Local Authority residential accommodation i.e. where care is provided</td><td/></tr><tr><td style="white-space:nowrap">66<a name="CareConnect-DischargeDestination-1-66"> </a></td><td>Local Authority foster care</td><td/></tr><tr><td style="white-space:nowrap">79<a name="CareConnect-DischargeDestination-1-79"> </a></td><td>Not applicable - Patient died or still birth</td><td/></tr><tr><td style="white-space:nowrap">84<a name="CareConnect-DischargeDestination-1-84"> </a></td><td>Non-NHS run hospital - medium secure unit</td><td/></tr><tr><td style="white-space:nowrap">85<a name="CareConnect-DischargeDestination-1-85"> </a></td><td>Non-NHS (other than Local Authority) run Care Home</td><td/></tr><tr><td style="white-space:nowrap">87<a name="CareConnect-DischargeDestination-1-87"> </a></td><td>Non NHS run hospital</td><td/></tr><tr><td style="white-space:nowrap">88<a name="CareConnect-DischargeDestination-1-88"> </a></td><td>Non-NHS (other than Local Authority) run Hospice</td><td/></tr></table></div></text><extension url="http://hl7.org/fhir/StructureDefinition/codesystem-sourceReference"><valueUri value="http://www.datadictionary.nhs.uk/data_dictionary/attributes/d/disc/discharge_destination_de.asp?shownav=1"/></extension><url value="https://fhir.hl7.org.uk/STU3/CodeSystem/CareConnect-DischargeDestination-1"/><version value="0.1.0"/><name value="NHS Data Model and Dictionary Discharge Destination"/><status value="draft"/><date value="2018-11-14T00:00:00+00:00"/><publisher value="HL7 UK - Example"/><contact><telecom><system value="other"/><value value="http://hl7.org/Special/committees/[something]"/></telecom></contact><description value="The destination of a Patient on completion of a Hospital Provider Spell, or a note that the Patient died or was a still birth."/><jurisdiction><coding><system value="http://unstats.un.org/unsd/methods/m49/m49.htm"/><code value="826"/></coding></jurisdiction><copyright value="Copyright &#xA9; 2016 HL7 UK"/><content value="complete"/><concept><code value="19"/><display value="Usual place of residence unless listed below, for example, a private dwelling whether owner occupied or owned by Local Authority, housing association or other landlord. This includes wardened accommodation but not residential accommodation where health care is provided. It also includes Patients with no fixed abode."/></concept><concept><code value="29"/><display value="Temporary place of residence when usually resident elsewhere (e.g. hotels, residential Educational Establishment)"/></concept><concept><code value="30"/><display value="Repatriation from high security psychiatric accommodation in an NHS Hospital Provider (NHS Trust or NHS Foundation Trust)"/></concept><concept><code value="37"/><display value="Court"/></concept><concept><code value="38"/><display value="Penal establishment or police station"/></concept><concept><code value="48"/><display value="High Security Psychiatric Hospital, Scotland"/></concept><concept><code value="49"/><display value="NHS other Hospital Provider - high security psychiatric accommodation"/></concept><concept><code value="50"/><display value="NHS other Hospital Provider - medium secure unit"/></concept><concept><code value="51"/><display value="NHS other Hospital Provider - Ward for general Patients or the younger physically disabled"/></concept><concept><code value="52"/><display value="NHS other Hospital Provider - Ward for maternity Patients or Neonates"/></concept><concept><code value="53"/><display value="NHS other Hospital Provider - Ward for Patients who are mentally ill or have Learning Disabilities"/></concept><concept><code value="54"/><display value="NHS run Care Home"/></concept><concept><code value="65"/><display value="Local Authority residential accommodation i.e. where care is provided"/></concept><concept><code value="66"/><display value="Local Authority foster care"/></concept><concept><code value="79"/><display value="Not applicable - Patient died or still birth"/></concept><concept><code value="84"/><display value="Non-NHS run hospital - medium secure unit"/></concept><concept><code value="85"/><display value="Non-NHS (other than Local Authority) run Care Home"/></concept><concept><code value="87"/><display value="Non NHS run hospital"/></concept><concept><code value="88"/><display value="Non-NHS (other than Local Authority) run Hospice"/></concept></CodeSystem>