<?xml version="1.0" encoding="UTF-8"?><NamingSystem xmlns="http://hl7.org/fhir"><id value="sds-user-id"/><name value="SDS User ID"/><status value="draft"/><kind value="identifier"/><date value="2019-05-01T00:00:00+01:00"/><publisher value="HL7 UK"/><contact><telecom><system value="other"/><value value="https://chat.fhir.org/#narrow/stream/179189-uk"/></telecom></contact><responsible value="NHS Digital"/><description value="The user&#39;s unique identifier on the NHS Spine Directory Service."/><jurisdiction><coding><system value="http://unstats.un.org/unsd/methods/m49/m49.htm"/><code value="826"/></coding></jurisdiction><usage value="To uniquely identify a user of the NHS Spine Directory Service."/><uniqueId><type value="uri"/><value value="https://fhir.nhs.uk/Id/sds-user-id"/><preferred value="true"/></uniqueId><uniqueId><type value="oid"/><value value="1.2.826.0.1285.0.2.0.65"/><preferred value="false"/></uniqueId></NamingSystem>