<?xml version="1.0" encoding="UTF-8"?><NamingSystem xmlns="http://hl7.org/fhir"><id value="ods-site-code"/><name value="ODS Organisation Site Code"/><status value="draft"/><kind value="identifier"/><date value="2019-05-01T00:00:00+01:00"/><publisher value="INTEROpen"/><contact><telecom><system value="other"/><value value="https://interopen.ryver.com/"/></telecom></contact><responsible value="NHS Digital"/><description value="The identifier system for an Organisation site registered with the Organisation Data Service (ODS)."/><jurisdiction><coding><system value="http://unstats.un.org/unsd/methods/m49/m49.htm"/><code value="826"/></coding></jurisdiction><usage value="To be used to identify Organisation sites registered with the Organisation Data Service (ODS)."/><uniqueId><type value="uri"/><value value="https://fhir.nhs.uk/Id/ods-site-code"/><preferred value="true"/></uniqueId></NamingSystem>