<?xml version="1.0" encoding="UTF-8"?><NamingSystem xmlns="http://hl7.org/fhir"><id value="ods-organization-code"/><name value="ODS Organisation Code"/><status value="draft"/><kind value="identifier"/><date value="2019-05-01T00:00:00+01:00"/><publisher value="HL7 UK"/><contact><telecom><system value="other"/><value value="http://hl7.org/Special/committees/[something]"/></telecom></contact><responsible value="NHS Digital"/><description value="The identifier system for an Organisation registered with the Organisation Data Service (ODS)."/><jurisdiction><coding><system value="http://unstats.un.org/unsd/methods/m49/m49.htm"/><code value="826"/></coding></jurisdiction><usage value="To be used to identify an Organisation registered with the Organisation Data Service (ODS)."/><uniqueId><type value="uri"/><value value="https://fhir.nhs.uk/Id/ods-organization-code"/><preferred value="true"/></uniqueId><uniqueId><type value="oid"/><value value="2.16.840.1.113883.2.1.4.3"/><preferred value="false"/></uniqueId></NamingSystem>