<?xml version="1.0" encoding="UTF-8"?><NamingSystem xmlns="http://hl7.org/fhir"><id value="icd-11-uk"/><name value="ICD 11"/><status value="draft"/><kind value="codesystem"/><date value="2020-01-02"/><publisher value="INTEROpen"/><contact><telecom><system value="other"/><value value="https://interopen.ryver.com/"/></telecom></contact><responsible value="HL7 UK"/><description value="International Statistical Classification of Diseases and Related Health Problems - 11th Edition"/><jurisdiction><coding><system value="http://unstats.un.org/unsd/methods/m49/m49.htm"/><code value="826"/></coding></jurisdiction><usage value="UK Secondary Care - Condition"/><uniqueId><type value="uri"/><value value="http://hl7.org/fhir/sid/icd-11"/><preferred value="true"/></uniqueId></NamingSystem>