<?xml version="1.0" encoding="UTF-8"?><NamingSystem xmlns="http://hl7.org/fhir"><id value="uk-gmc-number"/><name value="GMC Number"/><status value="draft"/><kind value="identifier"/><date value="2019-12-03T00:00:00+00:00"/><publisher value="HL7 UK"/><contact><telecom><system value="other"/><value value="http://hl7.org/Special/committees/[something]"/></telecom></contact><responsible value="General Medical Council"/><description value="General Medical Council Reference Number. See [NHS Data Dictionary](https://www.datadictionary.nhs.uk/data_dictionary/attributes/g/general_medical_practitioner_ppd_code_de.asp)"/><jurisdiction><coding><system value="http://unstats.un.org/unsd/methods/m49/m49.htm"/><code value="826"/></coding></jurisdiction><usage value="A unique reference number, used to identify consultants"/><uniqueId><type value="uri"/><value value="https://fhir.hl7.org.uk/Id/gmc-number"/><preferred value="true"/></uniqueId><uniqueId><type value="oid"/><value value="2.16.840.1.113883.2.1.3.2.4.16.63"/><preferred value="false"/></uniqueId><uniqueId><type value="other"/><value value="GMC"/><preferred value="false"/><comment value="XCN.9 HSCIC HL7 V2 ADT"/></uniqueId></NamingSystem>