<?xml version="1.0" encoding="UTF-8"?><StructureDefinition xmlns="http://hl7.org/fhir"><id value="CareConnect-CareTeam-1"/><text><status value="generated"/><div xmlns="http://www.w3.org/1999/xhtml"><table border="0" cellpadding="0" cellspacing="0" style="border: 0px #F0F0F0 solid; font-size: 11px; font-family: verdana; vertical-align: top;"><tr style="border: 1px #F0F0F0 solid; font-size: 11px; font-family: verdana; vertical-align: top;"><th style="vertical-align: top; text-align : left; background-color: white; border: 0px #F0F0F0 solid; padding:0px 4px 0px 4px" class="hierarchy"><a href="http://hl7.org/fhir/STU3/formats.html#table" title="The logical name of the element">Name</a></th><th style="vertical-align: top; text-align : left; background-color: white; border: 0px #F0F0F0 solid; padding:0px 4px 0px 4px" class="hierarchy"><a href="http://hl7.org/fhir/STU3/formats.html#table" title="Information about the use of the element">Flags</a></th><th style="vertical-align: top; text-align : left; background-color: white; border: 0px #F0F0F0 solid; padding:0px 4px 0px 4px" class="hierarchy"><a href="http://hl7.org/fhir/STU3/formats.html#table" title="Minimum and Maximum # of times the the element can appear in the instance">Card.</a></th><th style="width: 100px" class="hierarchy"><a href="http://hl7.org/fhir/STU3/formats.html#table" title="Reference to the type of the element">Type</a></th><th style="vertical-align: top; text-align : left; background-color: white; border: 0px #F0F0F0 solid; padding:0px 4px 0px 4px" class="hierarchy"><a href="http://hl7.org/fhir/STU3/formats.html#table" title="Additional information about the element">Description &amp; Constraints</a><span style="float: right"><a href="http://hl7.org/fhir/STU3/formats.html#table" title="Legend for this format"><img src="http://hl7.org/fhir/STU3/help16.png" alt="doco" style="background-color: inherit"/></a></span></th></tr><tr style="border: 0px #F0F0F0 solid; padding:0px; vertical-align: top; background-color: white;"><td style="vertical-align: top; text-align : left; background-color: white; border: 0px #F0F0F0 solid; padding:0px 4px 0px 4px; white-space: nowrap; background-image: url(tbl_bck1.png)" class="hierarchy"><img src="tbl_spacer.png" alt="." style="background-color: inherit" class="hierarchy"/><img src="icon_resource.png" alt="." style="background-color: white; background-color: inherit" title="Resource" class="hierarchy"/> <a href="{{[type]}}-{{[id]}}-definitions.html#CareTeam">CareTeam</a><a name="CareTeam"> </a></td><td style="vertical-align: top; text-align : left; background-color: white; border: 0px #F0F0F0 solid; padding:0px 4px 0px 4px" class="hierarchy"/><td style="vertical-align: top; text-align : left; background-color: white; border: 0px #F0F0F0 solid; padding:0px 4px 0px 4px" class="hierarchy"><span style="opacity: 0.5">0</span><span style="opacity: 0.5">..</span><span style="opacity: 0.5">*</span></td><td style="vertical-align: top; text-align : left; background-color: white; border: 0px #F0F0F0 solid; padding:0px 4px 0px 4px" class="hierarchy"><a href="http://hl7.org/fhir/STU3/careteam.html">CareTeam</a></td><td style="vertical-align: top; text-align : left; background-color: white; border: 0px #F0F0F0 solid; padding:0px 4px 0px 4px" class="hierarchy"/></tr>
<tr style="border: 0px #F0F0F0 solid; padding:0px; vertical-align: top; background-color: #F7F7F7;"><td style="vertical-align: top; text-align : left; background-color: #F7F7F7; border: 0px #F0F0F0 solid; padding:0px 4px 0px 4px; white-space: nowrap; background-image: url(tbl_bck11.png)" class="hierarchy"><img src="tbl_spacer.png" alt="." style="background-color: inherit" class="hierarchy"/><img src="tbl_vjoin.png" alt="." style="background-color: inherit" class="hierarchy"/><img src="icon_element.gif" alt="." style="background-color: #F7F7F7; background-color: inherit" title="Element" class="hierarchy"/> <a href="{{[type]}}-{{[id]}}-definitions.html#CareTeam.identifier">identifier</a><a name="CareTeam.identifier"> </a></td><td style="vertical-align: top; text-align : left; background-color: #F7F7F7; border: 0px #F0F0F0 solid; padding:0px 4px 0px 4px" class="hierarchy"/><td style="vertical-align: top; text-align : left; background-color: #F7F7F7; border: 0px #F0F0F0 solid; padding:0px 4px 0px 4px" class="hierarchy"/><td style="vertical-align: top; text-align : left; background-color: #F7F7F7; border: 0px #F0F0F0 solid; padding:0px 4px 0px 4px" class="hierarchy"/><td style="vertical-align: top; text-align : left; background-color: #F7F7F7; border: 0px #F0F0F0 solid; padding:0px 4px 0px 4px" class="hierarchy"/></tr>
<tr style="border: 0px #F0F0F0 solid; padding:0px; vertical-align: top; background-color: white;"><td style="vertical-align: top; text-align : left; background-color: white; border: 0px #F0F0F0 solid; padding:0px 4px 0px 4px; white-space: nowrap; background-image: url(tbl_bck100.png)" class="hierarchy"><img src="tbl_spacer.png" alt="." style="background-color: inherit" class="hierarchy"/><img src="tbl_vline.png" alt="." style="background-color: inherit" class="hierarchy"/><img src="tbl_vjoin_end.png" alt="." style="background-color: inherit" class="hierarchy"/><img src="icon_reference.png" alt="." style="background-color: white; background-color: inherit" title="Reference to another Resource" class="hierarchy"/> <a href="{{[type]}}-{{[id]}}-definitions.html#CareTeam.identifier.assigner">assigner</a><a name="CareTeam.identifier.assigner"> </a></td><td style="vertical-align: top; text-align : left; background-color: white; border: 0px #F0F0F0 solid; padding:0px 4px 0px 4px" class="hierarchy"/><td style="vertical-align: top; text-align : left; background-color: white; border: 0px #F0F0F0 solid; padding:0px 4px 0px 4px" class="hierarchy"><span style="opacity: 0.5">0</span><span style="opacity: 0.5">..</span><span style="opacity: 0.5">1</span></td><td style="vertical-align: top; text-align : left; background-color: white; border: 0px #F0F0F0 solid; padding:0px 4px 0px 4px" class="hierarchy"><a href="http://hl7.org/fhir/STU3/references.html">Reference</a>(<a href="StructureDefinition-CareConnect-Organization-1.html">CareConnect-Organization-1</a>)</td><td style="vertical-align: top; text-align : left; background-color: white; border: 0px #F0F0F0 solid; padding:0px 4px 0px 4px" class="hierarchy"/></tr>
<tr style="border: 0px #F0F0F0 solid; padding:0px; vertical-align: top; background-color: #F7F7F7;"><td style="vertical-align: top; text-align : left; background-color: #F7F7F7; border: 0px #F0F0F0 solid; padding:0px 4px 0px 4px; white-space: nowrap; background-image: url(tbl_bck10.png)" class="hierarchy"><img src="tbl_spacer.png" alt="." style="background-color: inherit" class="hierarchy"/><img src="tbl_vjoin.png" alt="." style="background-color: inherit" class="hierarchy"/><img src="icon_reference.png" alt="." style="background-color: #F7F7F7; background-color: inherit" title="Reference to another Resource" class="hierarchy"/> <a href="{{[type]}}-{{[id]}}-definitions.html#CareTeam.subject">subject</a><a name="CareTeam.subject"> </a></td><td style="vertical-align: top; text-align : left; background-color: #F7F7F7; border: 0px #F0F0F0 solid; padding:0px 4px 0px 4px" class="hierarchy"/><td style="vertical-align: top; text-align : left; background-color: #F7F7F7; border: 0px #F0F0F0 solid; padding:0px 4px 0px 4px" class="hierarchy"><span style="opacity: 0.5">0</span><span style="opacity: 0.5">..</span><span style="opacity: 0.5">1</span></td><td style="vertical-align: top; text-align : left; background-color: #F7F7F7; border: 0px #F0F0F0 solid; padding:0px 4px 0px 4px" class="hierarchy"><a href="http://hl7.org/fhir/STU3/references.html">Reference</a>(<a href="http://hl7.org/fhir/STU3/group.html">Group</a> | <a href="StructureDefinition-CareConnect-Patient-1.html">CareConnect-Patient-1</a>)</td><td style="vertical-align: top; text-align : left; background-color: #F7F7F7; border: 0px #F0F0F0 solid; padding:0px 4px 0px 4px" class="hierarchy"/></tr>
<tr style="border: 0px #F0F0F0 solid; padding:0px; vertical-align: top; background-color: white;"><td style="vertical-align: top; text-align : left; background-color: white; border: 0px #F0F0F0 solid; padding:0px 4px 0px 4px; white-space: nowrap; background-image: url(tbl_bck10.png)" class="hierarchy"><img src="tbl_spacer.png" alt="." style="background-color: inherit" class="hierarchy"/><img src="tbl_vjoin.png" alt="." style="background-color: inherit" class="hierarchy"/><img src="icon_reference.png" alt="." style="background-color: white; background-color: inherit" title="Reference to another Resource" class="hierarchy"/> <a href="{{[type]}}-{{[id]}}-definitions.html#CareTeam.context">context</a><a name="CareTeam.context"> </a></td><td style="vertical-align: top; text-align : left; background-color: white; border: 0px #F0F0F0 solid; padding:0px 4px 0px 4px" class="hierarchy"/><td style="vertical-align: top; text-align : left; background-color: white; border: 0px #F0F0F0 solid; padding:0px 4px 0px 4px" class="hierarchy"><span style="opacity: 0.5">0</span><span style="opacity: 0.5">..</span><span style="opacity: 0.5">1</span></td><td style="vertical-align: top; text-align : left; background-color: white; border: 0px #F0F0F0 solid; padding:0px 4px 0px 4px" class="hierarchy"><a href="http://hl7.org/fhir/STU3/references.html">Reference</a>(<a href="StructureDefinition-CareConnect-EpisodeOfCare-1.html">CareConnect-EpisodeOfCare-1</a> | <a href="StructureDefinition-CareConnect-Encounter-1.html">CareConnect-Encounter-1</a>)</td><td style="vertical-align: top; text-align : left; background-color: white; border: 0px #F0F0F0 solid; padding:0px 4px 0px 4px" class="hierarchy"/></tr>
<tr style="border: 0px #F0F0F0 solid; padding:0px; vertical-align: top; background-color: #F7F7F7;"><td style="vertical-align: top; text-align : left; background-color: #F7F7F7; border: 0px #F0F0F0 solid; padding:0px 4px 0px 4px; white-space: nowrap; background-image: url(tbl_bck11.png)" class="hierarchy"><img src="tbl_spacer.png" alt="." style="background-color: inherit" class="hierarchy"/><img src="tbl_vjoin.png" alt="." style="background-color: inherit" class="hierarchy"/><img src="icon_element.gif" alt="." style="background-color: #F7F7F7; background-color: inherit" title="Element" class="hierarchy"/> <a href="{{[type]}}-{{[id]}}-definitions.html#CareTeam.participant">participant</a><a name="CareTeam.participant"> </a></td><td style="vertical-align: top; text-align : left; background-color: #F7F7F7; border: 0px #F0F0F0 solid; padding:0px 4px 0px 4px" class="hierarchy"/><td style="vertical-align: top; text-align : left; background-color: #F7F7F7; border: 0px #F0F0F0 solid; padding:0px 4px 0px 4px" class="hierarchy"/><td style="vertical-align: top; text-align : left; background-color: #F7F7F7; border: 0px #F0F0F0 solid; padding:0px 4px 0px 4px" class="hierarchy"/><td style="vertical-align: top; text-align : left; background-color: #F7F7F7; border: 0px #F0F0F0 solid; padding:0px 4px 0px 4px" class="hierarchy"/></tr>
<tr style="border: 0px #F0F0F0 solid; padding:0px; vertical-align: top; background-color: white;"><td style="vertical-align: top; text-align : left; background-color: white; border: 0px #F0F0F0 solid; padding:0px 4px 0px 4px; white-space: nowrap; background-image: url(tbl_bck110.png)" class="hierarchy"><img src="tbl_spacer.png" alt="." style="background-color: inherit" class="hierarchy"/><img src="tbl_vline.png" alt="." style="background-color: inherit" class="hierarchy"/><img src="tbl_vjoin.png" alt="." style="background-color: inherit" class="hierarchy"/><img src="icon_reference.png" alt="." style="background-color: white; background-color: inherit" title="Reference to another Resource" class="hierarchy"/> <a href="{{[type]}}-{{[id]}}-definitions.html#CareTeam.participant.member">member</a><a name="CareTeam.participant.member"> </a></td><td style="vertical-align: top; text-align : left; background-color: white; border: 0px #F0F0F0 solid; padding:0px 4px 0px 4px" class="hierarchy"/><td style="vertical-align: top; text-align : left; background-color: white; border: 0px #F0F0F0 solid; padding:0px 4px 0px 4px" class="hierarchy"><span style="opacity: 0.5">0</span><span style="opacity: 0.5">..</span><span style="opacity: 0.5">1</span></td><td style="vertical-align: top; text-align : left; background-color: white; border: 0px #F0F0F0 solid; padding:0px 4px 0px 4px" class="hierarchy"><a href="http://hl7.org/fhir/STU3/references.html">Reference</a>(<a href="StructureDefinition-CareConnect-Organization-1.html">CareConnect-Organization-1</a> | <a href="StructureDefinition-CareConnect-Patient-1.html">CareConnect-Patient-1</a> | <a href="StructureDefinition-CareConnect-Practitioner-1.html">CareConnect-Practitioner-1</a> | <a href="StructureDefinition-CareConnect-RelatedPerson-1.html">CareConnect-RelatedPerson-1</a> | <a href="StructureDefinition-CareConnect-CareTeam-1.html">CareConnect-CareTeam-1</a>)</td><td style="vertical-align: top; text-align : left; background-color: white; border: 0px #F0F0F0 solid; padding:0px 4px 0px 4px" class="hierarchy"/></tr>
<tr style="border: 0px #F0F0F0 solid; padding:0px; vertical-align: top; background-color: #F7F7F7;"><td style="vertical-align: top; text-align : left; background-color: #F7F7F7; border: 0px #F0F0F0 solid; padding:0px 4px 0px 4px; white-space: nowrap; background-image: url(tbl_bck100.png)" class="hierarchy"><img src="tbl_spacer.png" alt="." style="background-color: inherit" class="hierarchy"/><img src="tbl_vline.png" alt="." style="background-color: inherit" class="hierarchy"/><img src="tbl_vjoin_end.png" alt="." style="background-color: inherit" class="hierarchy"/><img src="icon_reference.png" alt="." style="background-color: #F7F7F7; background-color: inherit" title="Reference to another Resource" class="hierarchy"/> <a href="{{[type]}}-{{[id]}}-definitions.html#CareTeam.participant.onBehalfOf">onBehalfOf</a><a name="CareTeam.participant.onBehalfOf"> </a></td><td style="vertical-align: top; text-align : left; background-color: #F7F7F7; border: 0px #F0F0F0 solid; padding:0px 4px 0px 4px" class="hierarchy"/><td style="vertical-align: top; text-align : left; background-color: #F7F7F7; border: 0px #F0F0F0 solid; padding:0px 4px 0px 4px" class="hierarchy"><span style="opacity: 0.5">0</span><span style="opacity: 0.5">..</span><span style="opacity: 0.5">1</span></td><td style="vertical-align: top; text-align : left; background-color: #F7F7F7; border: 0px #F0F0F0 solid; padding:0px 4px 0px 4px" class="hierarchy"><a href="http://hl7.org/fhir/STU3/references.html">Reference</a>(<a href="StructureDefinition-CareConnect-Organization-1.html">CareConnect-Organization-1</a>)</td><td style="vertical-align: top; text-align : left; background-color: #F7F7F7; border: 0px #F0F0F0 solid; padding:0px 4px 0px 4px" class="hierarchy"/></tr>
<tr style="border: 0px #F0F0F0 solid; padding:0px; vertical-align: top; background-color: white;"><td style="vertical-align: top; text-align : left; background-color: white; border: 0px #F0F0F0 solid; padding:0px 4px 0px 4px; white-space: nowrap; background-image: url(tbl_bck10.png)" class="hierarchy"><img src="tbl_spacer.png" alt="." style="background-color: inherit" class="hierarchy"/><img src="tbl_vjoin.png" alt="." style="background-color: inherit" class="hierarchy"/><img src="icon_reference.png" alt="." style="background-color: white; background-color: inherit" title="Reference to another Resource" class="hierarchy"/> <a href="{{[type]}}-{{[id]}}-definitions.html#CareTeam.reasonReference">reasonReference</a><a name="CareTeam.reasonReference"> </a></td><td style="vertical-align: top; text-align : left; background-color: white; border: 0px #F0F0F0 solid; padding:0px 4px 0px 4px" class="hierarchy"/><td style="vertical-align: top; text-align : left; background-color: white; border: 0px #F0F0F0 solid; padding:0px 4px 0px 4px" class="hierarchy"><span style="opacity: 0.5">0</span><span style="opacity: 0.5">..</span><span style="opacity: 0.5">*</span></td><td style="vertical-align: top; text-align : left; background-color: white; border: 0px #F0F0F0 solid; padding:0px 4px 0px 4px" class="hierarchy"><a href="http://hl7.org/fhir/STU3/references.html">Reference</a>(<a href="StructureDefinition-CareConnect-Condition-1.html">CareConnect-Condition-1</a>)</td><td style="vertical-align: top; text-align : left; background-color: white; border: 0px #F0F0F0 solid; padding:0px 4px 0px 4px" class="hierarchy"/></tr>
<tr style="border: 0px #F0F0F0 solid; padding:0px; vertical-align: top; background-color: #F7F7F7;"><td style="vertical-align: top; text-align : left; background-color: #F7F7F7; border: 0px #F0F0F0 solid; padding:0px 4px 0px 4px; white-space: nowrap; background-image: url(tbl_bck10.png)" class="hierarchy"><img src="tbl_spacer.png" alt="." style="background-color: inherit" class="hierarchy"/><img src="tbl_vjoin.png" alt="." style="background-color: inherit" class="hierarchy"/><img src="icon_reference.png" alt="." style="background-color: #F7F7F7; background-color: inherit" title="Reference to another Resource" class="hierarchy"/> <a href="{{[type]}}-{{[id]}}-definitions.html#CareTeam.managingOrganization">managingOrganization</a><a name="CareTeam.managingOrganization"> </a></td><td style="vertical-align: top; text-align : left; background-color: #F7F7F7; border: 0px #F0F0F0 solid; padding:0px 4px 0px 4px" class="hierarchy"/><td style="vertical-align: top; text-align : left; background-color: #F7F7F7; border: 0px #F0F0F0 solid; padding:0px 4px 0px 4px" class="hierarchy"><span style="opacity: 0.5">0</span><span style="opacity: 0.5">..</span><span style="opacity: 0.5">*</span></td><td style="vertical-align: top; text-align : left; background-color: #F7F7F7; border: 0px #F0F0F0 solid; padding:0px 4px 0px 4px" class="hierarchy"><a href="http://hl7.org/fhir/STU3/references.html">Reference</a>(<a href="StructureDefinition-CareConnect-Organization-1.html">CareConnect-Organization-1</a>)</td><td style="vertical-align: top; text-align : left; background-color: #F7F7F7; border: 0px #F0F0F0 solid; padding:0px 4px 0px 4px" class="hierarchy"/></tr>
<tr style="border: 0px #F0F0F0 solid; padding:0px; vertical-align: top; background-color: white;"><td style="vertical-align: top; text-align : left; background-color: white; border: 0px #F0F0F0 solid; padding:0px 4px 0px 4px; white-space: nowrap; background-image: url(tbl_bck01.png)" class="hierarchy"><img src="tbl_spacer.png" alt="." style="background-color: inherit" class="hierarchy"/><img src="tbl_vjoin_end.png" alt="." style="background-color: inherit" class="hierarchy"/><img src="icon_element.gif" alt="." style="background-color: white; background-color: inherit" title="Element" class="hierarchy"/> <a href="{{[type]}}-{{[id]}}-definitions.html#CareTeam.note">note</a><a name="CareTeam.note"> </a></td><td style="vertical-align: top; text-align : left; background-color: white; border: 0px #F0F0F0 solid; padding:0px 4px 0px 4px" class="hierarchy"/><td style="vertical-align: top; text-align : left; background-color: white; border: 0px #F0F0F0 solid; padding:0px 4px 0px 4px" class="hierarchy"/><td style="vertical-align: top; text-align : left; background-color: white; border: 0px #F0F0F0 solid; padding:0px 4px 0px 4px" class="hierarchy"/><td style="vertical-align: top; text-align : left; background-color: white; border: 0px #F0F0F0 solid; padding:0px 4px 0px 4px" class="hierarchy"/></tr>
<tr style="border: 0px #F0F0F0 solid; padding:0px; vertical-align: top; background-color: #F7F7F7;"><td style="vertical-align: top; text-align : left; background-color: #F7F7F7; border: 0px #F0F0F0 solid; padding:0px 4px 0px 4px; white-space: nowrap; background-image: url(tbl_bck001.png)" class="hierarchy"><img src="tbl_spacer.png" alt="." style="background-color: inherit" class="hierarchy"/><img src="tbl_blank.png" alt="." style="background-color: inherit" class="hierarchy"/><img src="tbl_vjoin_end.png" alt="." style="background-color: inherit" class="hierarchy"/><img src="icon_choice.gif" alt="." style="background-color: #F7F7F7; background-color: inherit" title="Choice of Types" class="hierarchy"/> <a href="{{[type]}}-{{[id]}}-definitions.html#CareTeam.note.author[x]">author[x]</a><a name="CareTeam.note.author_x_"> </a></td><td style="vertical-align: top; text-align : left; background-color: #F7F7F7; border: 0px #F0F0F0 solid; padding:0px 4px 0px 4px" class="hierarchy"/><td style="vertical-align: top; text-align : left; background-color: #F7F7F7; border: 0px #F0F0F0 solid; padding:0px 4px 0px 4px" class="hierarchy"><span style="opacity: 0.5">0</span><span style="opacity: 0.5">..</span><span style="opacity: 0.5">1</span></td><td style="vertical-align: top; text-align : left; background-color: #F7F7F7; border: 0px #F0F0F0 solid; padding:0px 4px 0px 4px" class="hierarchy"/><td style="vertical-align: top; text-align : left; background-color: #F7F7F7; border: 0px #F0F0F0 solid; padding:0px 4px 0px 4px" class="hierarchy"/></tr>
<tr style="border: 0px #F0F0F0 solid; padding:0px; vertical-align: top; background-color: white;"><td style="vertical-align: top; text-align : left; background-color: white; border: 0px #F0F0F0 solid; padding:0px 4px 0px 4px; white-space: nowrap; background-image: url(tbl_bck0010.png)" class="hierarchy"><img src="tbl_spacer.png" alt="." style="background-color: inherit" class="hierarchy"/><img src="tbl_blank.png" alt="." style="background-color: inherit" class="hierarchy"/><img src="tbl_blank.png" alt="." style="background-color: inherit" class="hierarchy"/><img src="tbl_vjoin.png" alt="." style="background-color: inherit" class="hierarchy"/><img src="icon_primitive.png" alt="." style="background-color: white; background-color: inherit" title="Primitive Data Type" class="hierarchy"/> <span title="Base StructureDefinition for string Type: A sequence of Unicode characters">authorString</span></td><td style="vertical-align: top; text-align : left; background-color: white; border: 0px #F0F0F0 solid; padding:0px 4px 0px 4px" class="hierarchy"/><td style="vertical-align: top; text-align : left; background-color: white; border: 0px #F0F0F0 solid; padding:0px 4px 0px 4px" class="hierarchy"></td><td style="vertical-align: top; text-align : left; background-color: white; border: 0px #F0F0F0 solid; padding:0px 4px 0px 4px" class="hierarchy"><a href="http://hl7.org/fhir/STU3/datatypes.html#string">string</a></td><td style="vertical-align: top; text-align : left; background-color: white; border: 0px #F0F0F0 solid; padding:0px 4px 0px 4px" class="hierarchy"/></tr>
<tr style="border: 0px #F0F0F0 solid; padding:0px; vertical-align: top; background-color: #F7F7F7;"><td style="vertical-align: top; text-align : left; background-color: #F7F7F7; border: 0px #F0F0F0 solid; padding:0px 4px 0px 4px; white-space: nowrap; background-image: url(tbl_bck0000.png)" class="hierarchy"><img src="tbl_spacer.png" alt="." style="background-color: inherit" class="hierarchy"/><img src="tbl_blank.png" alt="." style="background-color: inherit" class="hierarchy"/><img src="tbl_blank.png" alt="." style="background-color: inherit" class="hierarchy"/><img src="tbl_vjoin_end.png" alt="." style="background-color: inherit" class="hierarchy"/><img src="icon_reference.png" alt="." style="background-color: #F7F7F7; background-color: inherit" title="Reference to another Resource" class="hierarchy"/> authorReference</td><td style="vertical-align: top; text-align : left; background-color: #F7F7F7; border: 0px #F0F0F0 solid; padding:0px 4px 0px 4px" class="hierarchy"/><td style="vertical-align: top; text-align : left; background-color: #F7F7F7; border: 0px #F0F0F0 solid; padding:0px 4px 0px 4px" class="hierarchy"></td><td style="vertical-align: top; text-align : left; background-color: #F7F7F7; border: 0px #F0F0F0 solid; padding:0px 4px 0px 4px" class="hierarchy"><a href="http://hl7.org/fhir/STU3/references.html#Reference">Reference</a>(<a href="StructureDefinition-CareConnect-Patient-1.html">CareConnect-Patient-1</a> | <a href="StructureDefinition-CareConnect-Practitioner-1.html">CareConnect-Practitioner-1</a> | <a href="StructureDefinition-CareConnect-RelatedPerson-1.html">CareConnect-RelatedPerson-1</a>)</td><td style="vertical-align: top; text-align : left; background-color: #F7F7F7; border: 0px #F0F0F0 solid; padding:0px 4px 0px 4px" class="hierarchy"/></tr>
<tr><td colspan="5" class="hierarchy"><br/><a href="http://hl7.org/fhir/STU3/formats.html#table" title="Legend for this format"><img src="http://hl7.org/fhir/STU3/help16.png" alt="doco" style="background-color: inherit"/> Documentation for this format</a></td></tr></table></div></text><url value="https://fhir.hl7.org.uk/STU3/StructureDefinition/CareConnect-CareTeam-1"/><version value="3.0.0"/><name value="CareConnect-CareTeam-1"/><status value="draft"/><date value="2019-03-04T14:54:10.788+00:00"/><publisher value="INTEROpen"/><contact><telecom><system value="other"/><value value="https://interopen.ryver.com/"/></telecom></contact><description value="The Care Team includes all the people and organizations who plan to participate in the coordination and delivery of care for a patient."/><jurisdiction><coding><system value="http://unstats.un.org/unsd/methods/m49/m49.htm"/><code value="826"/></coding></jurisdiction><purpose value="[NOT CURATED BY INTEROPEN see: http://www.interopen.org/careconnect-curation-methodology/] Initial development for the Digital Maternity programme"/><copyright value="Copyright &#xA9; 2016 HL7 UK    Licensed under the Apache License, Version 2.0 (the &quot;License&quot;); you may not use this file except in compliance with the License. You may obtain a copy of the License at    http://www.apache.org/licenses/LICENSE-2.0    Unless required by applicable law or agreed to in writing, software distributed under the License is distributed on an &quot;AS IS&quot; BASIS, WITHOUT WARRANTIES OR CONDITIONS OF ANY KIND, either express or implied. See the License for the specific language governing permissions and limitations under the License.    HL7&#xAE; FHIR&#xAE; standard Copyright &#xA9; 2011+ HL7    The HL7&#xAE; FHIR&#xAE; standard is used under the FHIR license. You may obtain a copy of the FHIR license at    https://www.hl7.org/fhir/license.html"/><fhirVersion value="3.0.2"/><mapping><identity value="w5"/><uri value="http://hl7.org/fhir/w5"/><name value="W5 Mapping"/></mapping><mapping><identity value="v2"/><uri value="http://hl7.org/v2"/><name value="HL7 v2 Mapping"/></mapping><mapping><identity value="rim"/><uri value="http://hl7.org/v3"/><name value="RIM Mapping"/></mapping><kind value="resource"/><abstract value="false"/><type value="CareTeam"/><baseDefinition value="http://hl7.org/fhir/StructureDefinition/CareTeam"/><derivation value="constraint"/><snapshot><element id="CareTeam"><path value="CareTeam"/><short value="Planned participants in the coordination and delivery of care for a patient or group"/><definition value="The Care Team includes all the people and organizations who plan to participate in the coordination and delivery of care for a patient."/><min value="0"/><max value="*"/><base><path value="CareTeam"/><min value="0"/><max value="*"/></base><constraint><key value="dom-2"/><severity value="error"/><human value="If the resource is contained in another resource, it SHALL NOT contain nested Resources"/><expression value="contained.contained.empty()"/><xpath value="not(parent::f:contained and f:contained)"/><source value="DomainResource"/></constraint><constraint><key value="dom-1"/><severity value="error"/><human value="If the resource is contained in another resource, it SHALL NOT contain any narrative"/><expression value="contained.text.empty()"/><xpath value="not(parent::f:contained and f:text)"/><source value="DomainResource"/></constraint><constraint><key value="dom-4"/><severity value="error"/><human value="If a resource is contained in another resource, it SHALL NOT have a meta.versionId or a meta.lastUpdated"/><expression value="contained.meta.versionId.empty() and contained.meta.lastUpdated.empty()"/><xpath value="not(exists(f:contained/*/f:meta/f:versionId)) and not(exists(f:contained/*/f:meta/f:lastUpdated))"/><source value="DomainResource"/></constraint><constraint><key value="dom-3"/><severity value="error"/><human value="If the resource is contained in another resource, it SHALL be referred to from elsewhere in the resource"/><expression value="contained.where((&#39;#&#39;+id in %resource.descendants().reference).not()).empty()"/><xpath value="not(exists(for $id in f:contained/*/@id return $id[not(ancestor::f:contained/parent::*/descendant::f:reference/@value=concat(&#39;#&#39;, $id))]))"/><source value="DomainResource"/></constraint><mapping><identity value="rim"/><map value="Entity. Role, or Act"/></mapping><mapping><identity value="w5"/><map value="clinical.careprovision"/></mapping></element><element id="CareTeam.id"><path value="CareTeam.id"/><short value="Logical id of this artifact"/><definition value="The logical id of the resource, as used in the URL for the resource. Once assigned, this value never changes."/><comment value="The only time that a resource does not have an id is when it is being submitted to the server using a create operation."/><min value="0"/><max value="1"/><base><path value="Resource.id"/><min value="0"/><max value="1"/></base><type><code value="id"/></type><isSummary value="true"/></element><element id="CareTeam.meta"><path value="CareTeam.meta"/><short value="Metadata about the resource"/><definition value="The metadata about the resource. This is content that is maintained by the infrastructure. Changes to the content may not always be associated with version changes to the resource."/><min value="0"/><max value="1"/><base><path value="Resource.meta"/><min value="0"/><max value="1"/></base><type><code value="Meta"/></type><isSummary value="true"/></element><element id="CareTeam.implicitRules"><path value="CareTeam.implicitRules"/><short value="A set of rules under which this content was created"/><definition value="A reference to a set of rules that were followed when the resource was constructed, and which must be understood when processing the content."/><comment value="Asserting this rule set restricts the content to be only understood by a limited set of trading partners. This inherently limits the usefulness of the data in the long term. However, the existing health eco-system is highly fractured, and not yet ready to define, collect, and exchange data in a generally computable sense. Wherever possible, implementers and/or specification writers should avoid using this element. &#xA;&#xA;This element is labelled as a modifier because the implicit rules may provide additional knowledge about the resource that modifies it&#39;s meaning or interpretation."/><min value="0"/><max value="1"/><base><path value="Resource.implicitRules"/><min value="0"/><max value="1"/></base><type><code value="uri"/></type><isModifier value="true"/><isSummary value="true"/></element><element id="CareTeam.language"><path value="CareTeam.language"/><short value="Language of the resource content"/><definition value="The base language in which the resource is written."/><comment value="Language is provided to support indexing and accessibility (typically, services such as text to speech use the language tag). The html language tag in the narrative applies  to the narrative. The language tag on the resource may be used to specify the language of other presentations generated from the data in the resource  Not all the content has to be in the base language. The Resource.language should not be assumed to apply to the narrative automatically. If a language is specified, it should it also be specified on the div element in the html (see rules in HTML5 for information about the relationship between xml:lang and the html lang attribute)."/><min value="0"/><max value="1"/><base><path value="Resource.language"/><min value="0"/><max value="1"/></base><type><code value="code"/></type><binding><extension url="http://hl7.org/fhir/StructureDefinition/elementdefinition-maxValueSet"><valueReference><reference value="http://hl7.org/fhir/ValueSet/all-languages"/></valueReference></extension><extension url="http://hl7.org/fhir/StructureDefinition/elementdefinition-bindingName"><valueString value="Language"/></extension><extension url="http://hl7.org/fhir/StructureDefinition/elementdefinition-isCommonBinding"><valueBoolean value="true"/></extension><strength value="extensible"/><description value="A human language."/><valueSetReference><reference value="http://hl7.org/fhir/ValueSet/languages"/></valueSetReference></binding></element><element id="CareTeam.text"><path value="CareTeam.text"/><short value="Text summary of the resource, for human interpretation"/><definition value="A human-readable narrative that contains a summary of the resource, and may be used to represent the content of the resource to a human. The narrative need not encode all the structured data, but is required to contain sufficient detail to make it &quot;clinically safe&quot; for a human to just read the narrative. Resource definitions may define what content should be represented in the narrative to ensure clinical safety."/><comment value="Contained resources do not have narrative. Resources that are not contained SHOULD have a narrative. In some cases, a resource may only have text with little or no additional discrete data (as long as all minOccurs=1 elements are satisfied).  This may be necessary for data from legacy systems where information is captured as a &quot;text blob&quot; or where text is additionally entered raw or narrated and encoded in formation is added later."/><alias value="narrative"/><alias value="html"/><alias value="xhtml"/><alias value="display"/><min value="0"/><max value="1"/><base><path value="DomainResource.text"/><min value="0"/><max value="1"/></base><type><code value="Narrative"/></type><condition value="dom-1"/><mapping><identity value="rim"/><map value="Act.text?"/></mapping></element><element id="CareTeam.contained"><path value="CareTeam.contained"/><short value="Contained, inline Resources"/><definition value="These resources do not have an independent existence apart from the resource that contains them - they cannot be identified independently, and nor can they have their own independent transaction scope."/><comment value="This should never be done when the content can be identified properly, as once identification is lost, it is extremely difficult (and context dependent) to restore it again."/><alias value="inline resources"/><alias value="anonymous resources"/><alias value="contained resources"/><min value="0"/><max value="*"/><base><path value="DomainResource.contained"/><min value="0"/><max value="*"/></base><type><code value="Resource"/></type><mapping><identity value="rim"/><map value="N/A"/></mapping></element><element id="CareTeam.extension"><path value="CareTeam.extension"/><short value="Additional Content defined by implementations"/><definition value="May be used to represent additional information that is not part of the basic definition of the resource. In order to make the use of extensions safe and manageable, there is a strict set of governance  applied to the definition and use of extensions. Though any implementer is allowed to define an extension, there is a set of requirements that SHALL be met as part of the definition of the extension."/><comment value="There can be no stigma associated with the use of extensions by any application, project, or standard - regardless of the institution or jurisdiction that uses or defines the extensions.  The use of extensions is what allows the FHIR specification to retain a core level of simplicity for everyone."/><alias value="extensions"/><alias value="user content"/><min value="0"/><max value="*"/><base><path value="DomainResource.extension"/><min value="0"/><max value="*"/></base><type><code value="Extension"/></type><mapping><identity value="rim"/><map value="N/A"/></mapping></element><element id="CareTeam.modifierExtension"><path value="CareTeam.modifierExtension"/><short value="Extensions that cannot be ignored"/><definition value="May be used to represent additional information that is not part of the basic definition of the resource, and that modifies the understanding of the element that contains it. Usually modifier elements provide negation or qualification. In order to make the use of extensions safe and manageable, there is a strict set of governance applied to the definition and use of extensions. Though any implementer is allowed to define an extension, there is a set of requirements that SHALL be met as part of the definition of the extension. Applications processing a resource are required to check for modifier extensions."/><comment value="There can be no stigma associated with the use of extensions by any application, project, or standard - regardless of the institution or jurisdiction that uses or defines the extensions.  The use of extensions is what allows the FHIR specification to retain a core level of simplicity for everyone."/><alias value="extensions"/><alias value="user content"/><min value="0"/><max value="*"/><base><path value="DomainResource.modifierExtension"/><min value="0"/><max value="*"/></base><type><code value="Extension"/></type><isModifier value="true"/><mapping><identity value="rim"/><map value="N/A"/></mapping></element><element id="CareTeam.identifier"><path value="CareTeam.identifier"/><short value="External Ids for this team"/><definition value="This records identifiers associated with this care team that are defined by business processes and/or used to refer to it when a direct URL reference to the resource itself is not appropriate."/><min value="0"/><max value="*"/><base><path value="CareTeam.identifier"/><min value="0"/><max value="*"/></base><type><code value="Identifier"/></type><isSummary value="true"/><mapping><identity value="w5"/><map value="id"/></mapping></element><element id="CareTeam.identifier.id"><path value="CareTeam.identifier.id"/><representation value="xmlAttr"/><short value="xml:id (or equivalent in JSON)"/><definition value="unique id for the element within a resource (for internal references). This may be any string value that does not contain spaces."/><min value="0"/><max value="1"/><base><path value="Element.id"/><min value="0"/><max value="1"/></base><type><code value="string"/></type><mapping><identity value="rim"/><map value="n/a"/></mapping></element><element id="CareTeam.identifier.extension"><path value="CareTeam.identifier.extension"/><slicing><discriminator><type value="value"/><path value="url"/></discriminator><description value="Extensions are always sliced by (at least) url"/><rules value="open"/></slicing><short value="Additional Content defined by implementations"/><definition value="May be used to represent additional information that is not part of the basic definition of the element. In order to make the use of extensions safe and manageable, there is a strict set of governance  applied to the definition and use of extensions. Though any implementer is allowed to define an extension, there is a set of requirements that SHALL be met as part of the definition of the extension."/><comment value="There can be no stigma associated with the use of extensions by any application, project, or standard - regardless of the institution or jurisdiction that uses or defines the extensions.  The use of extensions is what allows the FHIR specification to retain a core level of simplicity for everyone."/><alias value="extensions"/><alias value="user content"/><min value="0"/><max value="*"/><base><path value="Element.extension"/><min value="0"/><max value="*"/></base><type><code value="Extension"/></type><mapping><identity value="rim"/><map value="n/a"/></mapping></element><element id="CareTeam.identifier.use"><path value="CareTeam.identifier.use"/><short value="usual | official | temp | secondary (If known)"/><definition value="The purpose of this identifier."/><comment value="This is labeled as &quot;Is Modifier&quot; because applications should not mistake a temporary id for a permanent one. Applications can assume that an identifier is permanent unless it explicitly says that it is temporary."/><requirements value="Allows the appropriate identifier for a particular context of use to be selected from among a set of identifiers."/><min value="0"/><max value="1"/><base><path value="Identifier.use"/><min value="0"/><max value="1"/></base><type><code value="code"/></type><isModifier value="true"/><isSummary value="true"/><binding><extension url="http://hl7.org/fhir/StructureDefinition/elementdefinition-bindingName"><valueString value="IdentifierUse"/></extension><strength value="required"/><description value="Identifies the purpose for this identifier, if known ."/><valueSetReference><reference value="http://hl7.org/fhir/ValueSet/identifier-use"/></valueSetReference></binding><mapping><identity value="v2"/><map value="N/A"/></mapping><mapping><identity value="rim"/><map value="Role.code or implied by context"/></mapping></element><element id="CareTeam.identifier.type"><path value="CareTeam.identifier.type"/><short value="Description of identifier"/><definition value="A coded type for the identifier that can be used to determine which identifier to use for a specific purpose."/><comment value="This element deals only with general categories of identifiers.  It SHOULD not be used for codes that correspond 1..1 with the Identifier.system. Some identifiers may fall into multiple categories due to common usage. &#xA;&#xA;Where the system is known, a type is unnecessary because the type is always part of the system definition. However systems often need to handle identifiers where the system is not known. There is not a 1:1 relationship between type and system, since many different systems have the same type."/><requirements value="Allows users to make use of identifiers when the identifier system is not known."/><min value="0"/><max value="1"/><base><path value="Identifier.type"/><min value="0"/><max value="1"/></base><type><code value="CodeableConcept"/></type><isSummary value="true"/><binding><extension url="http://hl7.org/fhir/StructureDefinition/elementdefinition-bindingName"><valueString value="IdentifierType"/></extension><extension url="http://hl7.org/fhir/StructureDefinition/elementdefinition-isCommonBinding"><valueBoolean value="true"/></extension><strength value="extensible"/><description value="A coded type for an identifier that can be used to determine which identifier to use for a specific purpose."/><valueSetReference><reference value="http://hl7.org/fhir/ValueSet/identifier-type"/></valueSetReference></binding><mapping><identity value="v2"/><map value="CX.5"/></mapping><mapping><identity value="rim"/><map value="Role.code or implied by context"/></mapping></element><element id="CareTeam.identifier.system"><path value="CareTeam.identifier.system"/><short value="The namespace for the identifier value"/><definition value="Establishes the namespace for the value - that is, a URL that describes a set values that are unique."/><requirements value="There are many sets  of identifiers.  To perform matching of two identifiers, we need to know what set we&#39;re dealing with. The system identifies a particular set of unique identifiers."/><min value="0"/><max value="1"/><base><path value="Identifier.system"/><min value="0"/><max value="1"/></base><type><code value="uri"/></type><example><label value="General"/><valueUri value="http://www.acme.com/identifiers/patient"/></example><isSummary value="true"/><mapping><identity value="v2"/><map value="CX.4 / EI-2-4"/></mapping><mapping><identity value="rim"/><map value="II.root or Role.id.root"/></mapping><mapping><identity value="servd"/><map value="./IdentifierType"/></mapping></element><element id="CareTeam.identifier.value"><path value="CareTeam.identifier.value"/><short value="The value that is unique"/><definition value="The portion of the identifier typically relevant to the user and which is unique within the context of the system."/><comment value="If the value is a full URI, then the system SHALL be urn:ietf:rfc:3986.  The value&#39;s primary purpose is computational mapping.  As a result, it may be normalized for comparison purposes (e.g. removing non-significant whitespace, dashes, etc.)  A value formatted for human display can be conveyed using the [Rendered Value extension](http://hl7.org/fhir/STU3/extension-rendered-value.html)."/><min value="0"/><max value="1"/><base><path value="Identifier.value"/><min value="0"/><max value="1"/></base><type><code value="string"/></type><example><label value="General"/><valueString value="123456"/></example><isSummary value="true"/><mapping><identity value="v2"/><map value="CX.1 / EI.1"/></mapping><mapping><identity value="rim"/><map value="II.extension or II.root if system indicates OID or GUID (Or Role.id.extension or root)"/></mapping><mapping><identity value="servd"/><map value="./Value"/></mapping></element><element id="CareTeam.identifier.period"><path value="CareTeam.identifier.period"/><short value="Time period when id is/was valid for use"/><definition value="Time period during which identifier is/was valid for use."/><min value="0"/><max value="1"/><base><path value="Identifier.period"/><min value="0"/><max value="1"/></base><type><code value="Period"/></type><isSummary value="true"/><mapping><identity value="v2"/><map value="CX.7 + CX.8"/></mapping><mapping><identity value="rim"/><map value="Role.effectiveTime or implied by context"/></mapping><mapping><identity value="servd"/><map value="./StartDate and ./EndDate"/></mapping></element><element id="CareTeam.identifier.assigner"><path value="CareTeam.identifier.assigner"/><short value="Organization that issued id (may be just text)"/><definition value="Organization that issued/manages the identifier."/><comment value="The Identifier.assigner may omit the .reference element and only contain a .display element reflecting the name or other textual information about the assigning organization."/><min value="0"/><max value="1"/><base><path value="Identifier.assigner"/><min value="0"/><max value="1"/></base><type><code value="Reference"/><targetProfile value="https://fhir.hl7.org.uk/STU3/StructureDefinition/CareConnect-Organization-1"/></type><isSummary value="true"/><mapping><identity value="v2"/><map value="CX.4 / (CX.4,CX.9,CX.10)"/></mapping><mapping><identity value="rim"/><map value="II.assigningAuthorityName but note that this is an improper use by the definition of the field.  Also Role.scoper"/></mapping><mapping><identity value="servd"/><map value="./IdentifierIssuingAuthority"/></mapping></element><element id="CareTeam.status"><path value="CareTeam.status"/><short value="proposed | active | suspended | inactive | entered-in-error"/><definition value="Indicates the current state of the care team."/><comment value="This element is labeled as a modifier because the status contains the code entered-in-error that marks the care team as not currently valid."/><min value="0"/><max value="1"/><base><path value="CareTeam.status"/><min value="0"/><max value="1"/></base><type><code value="code"/></type><isModifier value="true"/><isSummary value="true"/><binding><extension url="http://hl7.org/fhir/StructureDefinition/elementdefinition-bindingName"><valueString value="CareTeamStatus"/></extension><strength value="required"/><description value="Indicates the status of the care team."/><valueSetReference><reference value="http://hl7.org/fhir/ValueSet/care-team-status"/></valueSetReference></binding><mapping><identity value="w5"/><map value="status"/></mapping></element><element id="CareTeam.category"><path value="CareTeam.category"/><short value="Type of team"/><definition value="Identifies what kind of team.  This is to support differentiation between multiple co-existing teams, such as care plan team, episode of care team, longitudinal care team."/><comment value="There may be multiple axis of categorization and one team may serve multiple purposes."/><requirements value="Used for filtering what teams(s) are retrieved and displayed to different types of users."/><min value="0"/><max value="*"/><base><path value="CareTeam.category"/><min value="0"/><max value="*"/></base><type><code value="CodeableConcept"/></type><isSummary value="true"/><binding><extension url="http://hl7.org/fhir/StructureDefinition/elementdefinition-bindingName"><valueString value="CareTeamCategory"/></extension><strength value="example"/><description value="Indicates the type of care team."/><valueSetReference><reference value="http://hl7.org/fhir/ValueSet/care-team-category"/></valueSetReference></binding><mapping><identity value="w5"/><map value="class"/></mapping></element><element id="CareTeam.name"><path value="CareTeam.name"/><short value="Name of the team, such as crisis assessment team"/><definition value="A label for human use intended to distinguish like teams.  E.g. the &quot;red&quot; vs. &quot;green&quot; trauma teams."/><comment value="The meaning/purpose of the team is conveyed in CareTeam.category.  This element may also convey semantics of the team (e.g. &quot;Red trauma team&quot;), but its primary purpose is to distinguish between identical teams in a human-friendly way.  (&quot;Team 18735&quot; isn&#39;t as friendly . )."/><min value="0"/><max value="1"/><base><path value="CareTeam.name"/><min value="0"/><max value="1"/></base><type><code value="string"/></type><isSummary value="true"/></element><element id="CareTeam.subject"><path value="CareTeam.subject"/><short value="Who care team is for"/><definition value="Identifies the patient or group whose intended care is handled by the team."/><requirements value="Allows the team to care for a group (e.g. marriage) therapy."/><alias value="patient"/><min value="0"/><max value="1"/><base><path value="CareTeam.subject"/><min value="0"/><max value="1"/></base><type><code value="Reference"/><targetProfile value="http://hl7.org/fhir/StructureDefinition/Group"/></type><type><code value="Reference"/><targetProfile value="https://fhir.hl7.org.uk/STU3/StructureDefinition/CareConnect-Patient-1"/></type><isSummary value="true"/><mapping><identity value="w5"/><map value="who.focus"/></mapping></element><element id="CareTeam.context"><path value="CareTeam.context"/><short value="Encounter or episode associated with CareTeam"/><definition value="The encounter or episode of care that establishes the context for this care team."/><alias value="encounter"/><min value="0"/><max value="1"/><base><path value="CareTeam.context"/><min value="0"/><max value="1"/></base><type><code value="Reference"/><targetProfile value="https://fhir.hl7.org.uk/STU3/StructureDefinition/CareConnect-EpisodeOfCare-1"/></type><type><code value="Reference"/><targetProfile value="https://fhir.hl7.org.uk/STU3/StructureDefinition/CareConnect-Encounter-1"/></type><isSummary value="true"/><mapping><identity value="w5"/><map value="context"/></mapping></element><element id="CareTeam.period"><path value="CareTeam.period"/><short value="Time period team covers"/><definition value="Indicates when the team did (or is intended to) come into effect and end."/><requirements value="Allows tracking what team(s) are in effect at a particular time."/><min value="0"/><max value="1"/><base><path value="CareTeam.period"/><min value="0"/><max value="1"/></base><type><code value="Period"/></type><isSummary value="true"/><mapping><identity value="w5"/><map value="when.init"/></mapping></element><element id="CareTeam.participant"><path value="CareTeam.participant"/><short value="Members of the team"/><definition value="Identifies all people and organizations who are expected to be involved in the care team."/><min value="0"/><max value="*"/><base><path value="CareTeam.participant"/><min value="0"/><max value="*"/></base><type><code value="BackboneElement"/></type><condition value="ctm-1"/><constraint><key value="ele-1"/><severity value="error"/><human value="All FHIR elements must have a @value or children"/><expression value="hasValue() | (children().count() &gt; id.count())"/><xpath value="@value|f:*|h:div"/><source value="Element"/></constraint><constraint><key value="ctm-1"/><severity value="error"/><human value="CareTeam.participant.onBehalfOf can only be populated when CareTeam.participant.member is a Practitioner"/><expression value="onBehalfOf.exists() implies (member.resolve() is Practitioner)"/><xpath value="contains(f:member/f:reference/@value, &#39;/Practitioner/&#39;) or not(exists(f:onBehalfOf))"/></constraint><mapping><identity value="v2"/><map value="REL (REL.4 is always the Patient) ( or PRT?)"/></mapping><mapping><identity value="rim"/><map value=".participation[typeCode=PRF]"/></mapping></element><element id="CareTeam.participant.id"><path value="CareTeam.participant.id"/><representation value="xmlAttr"/><short value="xml:id (or equivalent in JSON)"/><definition value="unique id for the element within a resource (for internal references). This may be any string value that does not contain spaces."/><min value="0"/><max value="1"/><base><path value="Element.id"/><min value="0"/><max value="1"/></base><type><code value="string"/></type><mapping><identity value="rim"/><map value="n/a"/></mapping></element><element id="CareTeam.participant.extension"><path value="CareTeam.participant.extension"/><short value="Additional Content defined by implementations"/><definition value="May be used to represent additional information that is not part of the basic definition of the element. In order to make the use of extensions safe and manageable, there is a strict set of governance  applied to the definition and use of extensions. Though any implementer is allowed to define an extension, there is a set of requirements that SHALL be met as part of the definition of the extension."/><comment value="There can be no stigma associated with the use of extensions by any application, project, or standard - regardless of the institution or jurisdiction that uses or defines the extensions.  The use of extensions is what allows the FHIR specification to retain a core level of simplicity for everyone."/><alias value="extensions"/><alias value="user content"/><min value="0"/><max value="*"/><base><path value="Element.extension"/><min value="0"/><max value="*"/></base><type><code value="Extension"/></type><mapping><identity value="rim"/><map value="n/a"/></mapping></element><element id="CareTeam.participant.modifierExtension"><path value="CareTeam.participant.modifierExtension"/><short value="Extensions that cannot be ignored"/><definition value="May be used to represent additional information that is not part of the basic definition of the element, and that modifies the understanding of the element that contains it. Usually modifier elements provide negation or qualification. In order to make the use of extensions safe and manageable, there is a strict set of governance applied to the definition and use of extensions. Though any implementer is allowed to define an extension, there is a set of requirements that SHALL be met as part of the definition of the extension. Applications processing a resource are required to check for modifier extensions."/><comment value="There can be no stigma associated with the use of extensions by any application, project, or standard - regardless of the institution or jurisdiction that uses or defines the extensions.  The use of extensions is what allows the FHIR specification to retain a core level of simplicity for everyone."/><alias value="extensions"/><alias value="user content"/><alias value="modifiers"/><min value="0"/><max value="*"/><base><path value="BackboneElement.modifierExtension"/><min value="0"/><max value="*"/></base><type><code value="Extension"/></type><isModifier value="true"/><isSummary value="true"/><mapping><identity value="rim"/><map value="N/A"/></mapping></element><element id="CareTeam.participant.role"><path value="CareTeam.participant.role"/><short value="Type of involvement"/><definition value="Indicates specific responsibility of an individual within the care team, such as &quot;Primary care physician&quot;, &quot;Trained social worker counselor&quot;, &quot;Caregiver&quot;, etc."/><comment value="Roles may sometimes be inferred by type of Practitioner.  These are relationships that hold only within the context of the care team.  General relationships should be handled as properties of the Patient resource directly."/><min value="0"/><max value="1"/><base><path value="CareTeam.participant.role"/><min value="0"/><max value="1"/></base><type><code value="CodeableConcept"/></type><isSummary value="true"/><binding><extension url="http://hl7.org/fhir/StructureDefinition/elementdefinition-bindingName"><valueString value="CareTeamParticipantRole"/></extension><strength value="example"/><description value="Indicates specific responsibility of an individual within the care team, such as &quot;Primary physician&quot;, &quot;Team coordinator&quot;, &quot;Caregiver&quot;, etc."/><valueSetReference><reference value="http://hl7.org/fhir/ValueSet/participant-role"/></valueSetReference></binding><mapping><identity value="v2"/><map value="REL.2 (or PRT-4?)"/></mapping><mapping><identity value="rim"/><map value=".functionCode"/></mapping></element><element id="CareTeam.participant.member"><path value="CareTeam.participant.member"/><short value="Who is involved"/><definition value="The specific person or organization who is participating/expected to participate in the care team."/><comment value="Patient only needs to be listed if they have a role other than &quot;subject of care&quot;.&#xA;&#xA;Member is optional because some participants may be known only by their role, particularly in draft plans."/><min value="0"/><max value="1"/><base><path value="CareTeam.participant.member"/><min value="0"/><max value="1"/></base><type><code value="Reference"/><targetProfile value="https://fhir.hl7.org.uk/STU3/StructureDefinition/CareConnect-Organization-1"/></type><type><code value="Reference"/><targetProfile value="https://fhir.hl7.org.uk/STU3/StructureDefinition/CareConnect-Patient-1"/></type><type><code value="Reference"/><targetProfile value="https://fhir.hl7.org.uk/STU3/StructureDefinition/CareConnect-Practitioner-1"/></type><type><code value="Reference"/><targetProfile value="https://fhir.hl7.org.uk/STU3/StructureDefinition/CareConnect-RelatedPerson-1"/></type><type><code value="Reference"/><targetProfile value="https://fhir.hl7.org.uk/STU3/StructureDefinition/CareConnect-CareTeam-1"/></type><isSummary value="true"/><mapping><identity value="v2"/><map value="REL.5 (or PRT-5 : ( PRV-4 {provider participations} ) / PRT-5 : ( PRV-4  {non-provider person participations} ) / PRT-5 : ( PRV-4 = (patient non-subject of care) ) / PRT-8?)"/></mapping><mapping><identity value="rim"/><map value=".role"/></mapping><mapping><identity value="w5"/><map value="who.actor"/></mapping></element><element id="CareTeam.participant.onBehalfOf"><path value="CareTeam.participant.onBehalfOf"/><short value="Organization of the practitioner"/><definition value="The organization of the practitioner."/><requirements value="Practitioners can be associated with multiple organizations.  This element indicates which organization they were acting on behalf of."/><min value="0"/><max value="1"/><base><path value="CareTeam.participant.onBehalfOf"/><min value="0"/><max value="1"/></base><type><code value="Reference"/><targetProfile value="https://fhir.hl7.org.uk/STU3/StructureDefinition/CareConnect-Organization-1"/></type><isSummary value="true"/></element><element id="CareTeam.participant.period"><path value="CareTeam.participant.period"/><short value="Time period of participant"/><definition value="Indicates when the specific member or organization did (or is intended to) come into effect and end."/><min value="0"/><max value="1"/><base><path value="CareTeam.participant.period"/><min value="0"/><max value="1"/></base><type><code value="Period"/></type></element><element id="CareTeam.reasonCode"><path value="CareTeam.reasonCode"/><short value="Why the care team exists"/><definition value="Describes why the care team exists."/><min value="0"/><max value="*"/><base><path value="CareTeam.reasonCode"/><min value="0"/><max value="*"/></base><type><code value="CodeableConcept"/></type><binding><extension url="http://hl7.org/fhir/StructureDefinition/elementdefinition-bindingName"><valueString value="CareTeamReason"/></extension><strength value="example"/><description value="Indicates the reason for the care team."/><valueSetReference><reference value="http://hl7.org/fhir/ValueSet/clinical-findings"/></valueSetReference></binding><mapping><identity value="w5"/><map value="why"/></mapping></element><element id="CareTeam.reasonReference"><path value="CareTeam.reasonReference"/><short value="Why the care team exists"/><definition value="Condition(s) that this care team addresses."/><min value="0"/><max value="*"/><base><path value="CareTeam.reasonReference"/><min value="0"/><max value="*"/></base><type><code value="Reference"/><targetProfile value="https://fhir.hl7.org.uk/STU3/StructureDefinition/CareConnect-Condition-1"/></type><mapping><identity value="w5"/><map value="why"/></mapping></element><element id="CareTeam.managingOrganization"><path value="CareTeam.managingOrganization"/><short value="Organization responsible for the care team"/><definition value="The organization responsible for the care team."/><requirements value="Allows for multiple organizations to collaboratively manage cross-organizational, longitudinal care plan."/><min value="0"/><max value="*"/><base><path value="CareTeam.managingOrganization"/><min value="0"/><max value="*"/></base><type><code value="Reference"/><targetProfile value="https://fhir.hl7.org.uk/STU3/StructureDefinition/CareConnect-Organization-1"/></type><isSummary value="true"/></element><element id="CareTeam.note"><path value="CareTeam.note"/><short value="Comments made about the CareTeam"/><definition value="Comments made about the CareTeam."/><min value="0"/><max value="*"/><base><path value="CareTeam.note"/><min value="0"/><max value="*"/></base><type><code value="Annotation"/></type></element><element id="CareTeam.note.id"><path value="CareTeam.note.id"/><representation value="xmlAttr"/><short value="xml:id (or equivalent in JSON)"/><definition value="unique id for the element within a resource (for internal references). This may be any string value that does not contain spaces."/><min value="0"/><max value="1"/><base><path value="Element.id"/><min value="0"/><max value="1"/></base><type><code value="string"/></type><mapping><identity value="rim"/><map value="n/a"/></mapping></element><element id="CareTeam.note.extension"><path value="CareTeam.note.extension"/><slicing><discriminator><type value="value"/><path value="url"/></discriminator><description value="Extensions are always sliced by (at least) url"/><rules value="open"/></slicing><short value="Additional Content defined by implementations"/><definition value="May be used to represent additional information that is not part of the basic definition of the element. In order to make the use of extensions safe and manageable, there is a strict set of governance  applied to the definition and use of extensions. Though any implementer is allowed to define an extension, there is a set of requirements that SHALL be met as part of the definition of the extension."/><comment value="There can be no stigma associated with the use of extensions by any application, project, or standard - regardless of the institution or jurisdiction that uses or defines the extensions.  The use of extensions is what allows the FHIR specification to retain a core level of simplicity for everyone."/><alias value="extensions"/><alias value="user content"/><min value="0"/><max value="*"/><base><path value="Element.extension"/><min value="0"/><max value="*"/></base><type><code value="Extension"/></type><mapping><identity value="rim"/><map value="n/a"/></mapping></element><element id="CareTeam.note.author[x]"><path value="CareTeam.note.author[x]"/><short value="Individual responsible for the annotation"/><definition value="The individual responsible for making the annotation."/><min value="0"/><max value="1"/><base><path value="Annotation.author[x]"/><min value="0"/><max value="1"/></base><type><code value="string"/></type><type><code value="Reference"/><targetProfile value="https://fhir.hl7.org.uk/STU3/StructureDefinition/CareConnect-Patient-1"/></type><type><code value="Reference"/><targetProfile value="https://fhir.hl7.org.uk/STU3/StructureDefinition/CareConnect-Practitioner-1"/></type><type><code value="Reference"/><targetProfile value="https://fhir.hl7.org.uk/STU3/StructureDefinition/CareConnect-RelatedPerson-1"/></type><isSummary value="true"/><mapping><identity value="v2"/><map value="N/A"/></mapping><mapping><identity value="rim"/><map value="Act.participant[typeCode=AUT].role"/></mapping></element><element id="CareTeam.note.time"><path value="CareTeam.note.time"/><short value="When the annotation was made"/><definition value="Indicates when this particular annotation was made."/><min value="0"/><max value="1"/><base><path value="Annotation.time"/><min value="0"/><max value="1"/></base><type><code value="dateTime"/></type><isSummary value="true"/><mapping><identity value="v2"/><map value="N/A"/></mapping><mapping><identity value="rim"/><map value="Act.effectiveTime"/></mapping></element><element id="CareTeam.note.text"><path value="CareTeam.note.text"/><short value="The annotation  - text content"/><definition value="The text of the annotation."/><min value="1"/><max value="1"/><base><path value="Annotation.text"/><min value="1"/><max value="1"/></base><type><code value="string"/></type><mapping><identity value="v2"/><map value="N/A"/></mapping><mapping><identity value="rim"/><map value="Act.text"/></mapping></element></snapshot><differential><element id="CareTeam"><path value="CareTeam"/></element><element id="CareTeam.identifier.assigner"><path value="CareTeam.identifier.assigner"/><type><code value="Reference"/><targetProfile value="https://fhir.hl7.org.uk/STU3/StructureDefinition/CareConnect-Organization-1"/></type></element><element id="CareTeam.subject"><path value="CareTeam.subject"/><type><code value="Reference"/><targetProfile value="http://hl7.org/fhir/StructureDefinition/Group"/></type><type><code value="Reference"/><targetProfile value="https://fhir.hl7.org.uk/STU3/StructureDefinition/CareConnect-Patient-1"/></type></element><element id="CareTeam.context"><path value="CareTeam.context"/><type><code value="Reference"/><targetProfile value="https://fhir.hl7.org.uk/STU3/StructureDefinition/CareConnect-EpisodeOfCare-1"/></type><type><code value="Reference"/><targetProfile value="https://fhir.hl7.org.uk/STU3/StructureDefinition/CareConnect-Encounter-1"/></type></element><element id="CareTeam.participant.member"><path value="CareTeam.participant.member"/><type><code value="Reference"/><targetProfile value="https://fhir.hl7.org.uk/STU3/StructureDefinition/CareConnect-Organization-1"/></type><type><code value="Reference"/><targetProfile value="https://fhir.hl7.org.uk/STU3/StructureDefinition/CareConnect-Patient-1"/></type><type><code value="Reference"/><targetProfile value="https://fhir.hl7.org.uk/STU3/StructureDefinition/CareConnect-Practitioner-1"/></type><type><code value="Reference"/><targetProfile value="https://fhir.hl7.org.uk/STU3/StructureDefinition/CareConnect-RelatedPerson-1"/></type><type><code value="Reference"/><targetProfile value="https://fhir.hl7.org.uk/STU3/StructureDefinition/CareConnect-CareTeam-1"/></type></element><element id="CareTeam.participant.onBehalfOf"><path value="CareTeam.participant.onBehalfOf"/><type><code value="Reference"/><targetProfile value="https://fhir.hl7.org.uk/STU3/StructureDefinition/CareConnect-Organization-1"/></type></element><element id="CareTeam.reasonReference"><path value="CareTeam.reasonReference"/><type><code value="Reference"/><targetProfile value="https://fhir.hl7.org.uk/STU3/StructureDefinition/CareConnect-Condition-1"/></type></element><element id="CareTeam.managingOrganization"><path value="CareTeam.managingOrganization"/><type><code value="Reference"/><targetProfile value="https://fhir.hl7.org.uk/STU3/StructureDefinition/CareConnect-Organization-1"/></type></element><element id="CareTeam.note.author[x]"><path value="CareTeam.note.author[x]"/><type><code value="string"/></type><type><code value="Reference"/><targetProfile value="https://fhir.hl7.org.uk/STU3/StructureDefinition/CareConnect-Patient-1"/></type><type><code value="Reference"/><targetProfile value="https://fhir.hl7.org.uk/STU3/StructureDefinition/CareConnect-Practitioner-1"/></type><type><code value="Reference"/><targetProfile value="https://fhir.hl7.org.uk/STU3/StructureDefinition/CareConnect-RelatedPerson-1"/></type></element></differential></StructureDefinition>