<?xml version="1.0" encoding="UTF-8"?><ValueSet xmlns="http://hl7.org/fhir"><id value="CareConnect-ListCode-1"/><text><status value="generated"/><div xmlns="http://www.w3.org/1999/xhtml"><h2>Care Connect List Code</h2><div><p>A ValueSet to identify the purpose of a list.</p>
</div><p><b>Copyright Statement:</b> Copyright &#xA9; 2019 HL7 UK</p><p>This value set includes codes from the following code systems:</p><ul><li>Include these codes as defined in <a href="http://www.snomed.org/"><code>http://snomed.info/sct</code></a><table class="none"><tr><td style="white-space:nowrap"><b>Code</b></td><td><b>Display</b></td></tr><tr><td><a href="http://browser.ihtsdotools.org/?perspective=full&amp;conceptId1=887161000000102">887161000000102</a></td><td>Diagnoses</td><td/></tr><tr><td><a href="http://browser.ihtsdotools.org/?perspective=full&amp;conceptId1=887171000000109">887171000000109</a></td><td>Procedures</td><td/></tr><tr><td><a href="http://browser.ihtsdotools.org/?perspective=full&amp;conceptId1=717711000000103">717711000000103</a></td><td>Problems</td><td/></tr><tr><td><a href="http://browser.ihtsdotools.org/?perspective=full&amp;conceptId1=933361000000108">933361000000108</a></td><td>Medications and medical devices</td><td/></tr><tr><td><a href="http://browser.ihtsdotools.org/?perspective=full&amp;conceptId1=886921000000105">886921000000105</a></td><td>Allergies and adverse reactions</td><td/></tr><tr><td><a href="http://browser.ihtsdotools.org/?perspective=full&amp;conceptId1=1102411000000102">1102411000000102</a></td><td>Active medications</td><td/></tr><tr><td><a href="http://browser.ihtsdotools.org/?perspective=full&amp;conceptId1=1102191000000100">1102191000000100</a></td><td>Discontinued medications</td><td/></tr><tr><td><a href="http://browser.ihtsdotools.org/?perspective=full&amp;conceptId1=1103671000000101">1103671000000101</a></td><td>Ended allergies</td><td/></tr><tr><td><a href="http://browser.ihtsdotools.org/?perspective=full&amp;conceptId1=325851000000107">325851000000107</a></td><td>Consultation</td><td/></tr><tr><td><a href="http://browser.ihtsdotools.org/?perspective=full&amp;conceptId1=25851000000105">25851000000105</a></td><td>Topic (EHR)</td><td/></tr><tr><td><a href="http://browser.ihtsdotools.org/?perspective=full&amp;conceptId1=24781000000107">24781000000107</a></td><td>Category (EHR)</td><td/></tr><tr><td><a href="http://browser.ihtsdotools.org/?perspective=full&amp;conceptId1=1102181000000102">1102181000000102</a></td><td>Immunisations</td><td/></tr><tr><td><a href="http://browser.ihtsdotools.org/?perspective=full&amp;conceptId1=826501000000100">826501000000100</a></td><td>Miscellaneous record</td><td/></tr><tr><td><a href="http://browser.ihtsdotools.org/?perspective=full&amp;conceptId1=792931000000107">792931000000107</a></td><td>Outbound referral</td><td/></tr><tr><td><a href="http://browser.ihtsdotools.org/?perspective=full&amp;conceptId1=887191000000108">887191000000108</a></td><td>Investigations and results</td><td/></tr><tr><td><a href="http://browser.ihtsdotools.org/?perspective=full&amp;conceptId1=1149501000000101">1149501000000101</a></td><td>List of consultations</td><td/></tr></table></li></ul></div></text><url value="https://fhir.hl7.org.uk/STU3/ValueSet/CareConnect-ListCode-1"/><version value="1.6.0"/><name value="Care Connect List Code"/><status value="draft"/><date value="2019-11-22T17:18:00+00:00"/><publisher value="HL7 West Riding - Example"/><contact><telecom><system value="other"/><value value="http://hl7.org/Special/committees/[something]"/></telecom></contact><description value="A ValueSet to identify the purpose of a list."/><jurisdiction><coding><system value="http://unstats.un.org/unsd/methods/m49/m49.htm"/><code value="001"/></coding></jurisdiction><copyright value="Copyright &#xA9; 2019 HL7 UK"/><compose><include><system value="http://snomed.info/sct"/><concept><code value="887161000000102"/><display value="Diagnoses"/></concept><concept><code value="887171000000109"/><display value="Procedures"/></concept><concept><code value="717711000000103"/><display value="Problems"/></concept><concept><code value="933361000000108"/><display value="Medications and medical devices"/></concept><concept><code value="886921000000105"/><display value="Allergies and adverse reactions"/></concept><concept><code value="1102411000000102"/><display value="Active medications"/></concept><concept><code value="1102191000000100"/><display value="Discontinued medications"/></concept><concept><code value="1103671000000101"/><display value="Ended allergies"/></concept><concept><code value="325851000000107"/><display value="Consultation"/></concept><concept><code value="25851000000105"/><display value="Topic (EHR)"/></concept><concept><code value="24781000000107"/><display value="Category (EHR)"/></concept><concept><code value="1102181000000102"/><display value="Immunisations"/></concept><concept><code value="826501000000100"/><display value="Miscellaneous record"/></concept><concept><code value="792931000000107"/><display value="Outbound referral"/></concept><concept><code value="887191000000108"/><display value="Investigations and results"/></concept><concept><code value="1149501000000101"/><display value="List of consultations"/></concept></include></compose></ValueSet>