<?xml version="1.0" encoding="UTF-8"?><ValueSet xmlns="http://hl7.org/fhir"><id value="CareConnect-DocumentType-1"/><text><status value="generated"/><div xmlns="http://www.w3.org/1999/xhtml"><h2>Care Connect Document Type</h2><div><p>A code from the SNOMED Clinical Terminology UK coding system that describes a clinical document type. Any code from the SNOMED CT UK &#39;Document Type&#39; subset with subset original id 44041000000135; the corresponding SNOMED CT UK Refset fully specified name is &#39;Correspondence document type simple reference set (foundation metadata concept)&#39; with Refset Id 999000391000000109.</p>
</div><p><b>Copyright Statement:</b> This value set includes content from SNOMED CT, which is copyright &#xA9; 2002+ International Health Terminology Standards Development Organisation (IHTSDO), and distributed by agreement between IHTSDO and HL7. Implementer use of SNOMED CT is not covered by this agreement.</p><p>This value set includes codes from the following code systems:</p><ul><li>Include codes from <a href="http://www.snomed.org/"><code>http://snomed.info/sct</code></a> where concept  in  999000391000000109</li></ul></div></text><url value="https://fhir.hl7.org.uk/STU3/ValueSet/CareConnect-DocumentType-1"/><version value="0.1.0"/><name value="Care Connect Document Type"/><status value="draft"/><date value="2018-11-05T00:00:00+00:00"/><publisher value="HL7 UK - Example"/><contact><telecom><system value="other"/><value value="http://hl7.org/Special/committees/[something]"/></telecom></contact><description value="A code from the SNOMED Clinical Terminology UK coding system that describes a clinical document type. Any code from the SNOMED CT UK &#39;Document Type&#39; subset with subset original id 44041000000135; the corresponding SNOMED CT UK Refset fully specified name is &#39;Correspondence document type simple reference set (foundation metadata concept)&#39; with Refset Id 999000391000000109."/><jurisdiction><coding><system value="http://unstats.un.org/unsd/methods/m49/m49.htm"/><code value="826"/></coding></jurisdiction><copyright value="This value set includes content from SNOMED CT, which is copyright &#xA9; 2002+ International Health Terminology Standards Development Organisation (IHTSDO), and distributed by agreement between IHTSDO and HL7. Implementer use of SNOMED CT is not covered by this agreement."/><compose><include><system value="http://snomed.info/sct"/><filter><property value="concept"/><op value="in"/><value value="999000391000000109"/></filter></include></compose></ValueSet>