<?xml version="1.0" encoding="UTF-8"?><ValueSet xmlns="http://hl7.org/fhir"><id value="CareConnect-DischargeMethod-1"/><text><status value="generated"/><div xmlns="http://www.w3.org/1999/xhtml"><h2>NHS Data Model and Dictionary Discharge Method</h2><div><p>The method of discharge from a Hospital Provider Spell.</p>
</div><p><b>Copyright Statement:</b> Copyright &#xA9; 2016 HL7 UK</p><p>This value set includes codes from the following code systems:</p><ul><li>Include all codes defined in <a href="CareConnect-DischargeMethod-1.html"><code>https://fhir.hl7.org.uk/STU3/CodeSystem/CareConnect-DischargeMethod-1</code></a></li></ul></div></text><extension url="http://hl7.org/fhir/StructureDefinition/valueset-sourceReference"><valueUri value="http://www.datadictionary.nhs.uk/data_dictionary/attributes/d/disc/discharge_method_de.asp?shownav=1"/></extension><url value="https://fhir.hl7.org.uk/STU3/ValueSet/CareConnect-DischargeMethod-1"/><version value="3.0.0"/><name value="NHS Data Model and Dictionary Discharge Method"/><status value="draft"/><date value="2018-11-14T00:00:00+00:00"/><publisher value="INTEROpen"/><contact><telecom><system value="other"/><value value="https://interopen.ryver.com/"/></telecom></contact><description value="The method of discharge from a Hospital Provider Spell."/><jurisdiction><coding><system value="http://unstats.un.org/unsd/methods/m49/m49.htm"/><code value="826"/></coding></jurisdiction><copyright value="Copyright &#xA9; 2016 HL7 UK"/><compose><include><system value="https://fhir.hl7.org.uk/STU3/CodeSystem/CareConnect-DischargeMethod-1"/></include></compose></ValueSet>