<?xml version="1.0" encoding="UTF-8"?><ValueSet xmlns="http://hl7.org/fhir"><id value="CareConnect-RegistrationType-1"/><text><status value="generated"/><div xmlns="http://www.w3.org/1999/xhtml"><h2>Care Connect Registration Type</h2><div><p>A ValueSet that identifies the type of registration for a patient at a healthcare organisation.</p>
</div><p><b>Copyright Statement:</b> Copyright &#xA9; 2016 HL7 UK</p><p>This value set includes codes from the following code systems:</p><ul><li>Include all codes defined in <a href="CareConnect-RegistrationType-1.html"><code>https://fhir.hl7.org.uk/STU3/CodeSystem/CareConnect-RegistrationType-1</code></a></li></ul></div></text><url value="https://fhir.hl7.org.uk/STU3/ValueSet/CareConnect-RegistrationType-1"/><version value="1.0.0"/><name value="Care Connect Registration Type"/><status value="draft"/><date value="2017-08-01T01:00:00+01:00"/><publisher value="HL7 West Riding - Example"/><contact><telecom><system value="other"/><value value="http://hl7.org/Special/committees/[something]"/></telecom></contact><description value="A ValueSet that identifies the type of registration for a patient at a healthcare organisation."/><jurisdiction><coding><system value="http://unstats.un.org/unsd/methods/m49/m49.htm"/><code value="001"/></coding></jurisdiction><copyright value="Copyright &#xA9; 2016 HL7 UK"/><compose><include><system value="https://fhir.hl7.org.uk/STU3/CodeSystem/CareConnect-RegistrationType-1"/></include></compose></ValueSet>