<?xml version="1.0" encoding="UTF-8"?><ValueSet xmlns="http://hl7.org/fhir"><id value="CareConnect-MedicationSupplyType-1"/><text><status value="generated"/><div xmlns="http://www.w3.org/1999/xhtml"><h2>Care Connect Medication Supply Type</h2><div><p>A ValueSet to identify the type of medication supply.</p>
</div><p><b>Copyright Statement:</b> Copyright &#xA9; 2016 HL7 UK</p><p>This value set includes codes from the following code systems:</p><ul><li>Include all codes defined in <a href="CareConnect-MedicationSupplyType-1.html"><code>https://fhir.hl7.org.uk/STU3/CodeSystem/CareConnect-MedicationSupplyType-1</code></a></li></ul></div></text><url value="https://fhir.hl7.org.uk/STU3/ValueSet/CareConnect-MedicationSupplyType-1"/><version value="3.0.0"/><name value="Care Connect Medication Supply Type"/><status value="draft"/><date value="2018-07-11T01:00:00+01:00"/><publisher value="INTEROpen"/><contact><telecom><system value="other"/><value value="https://interopen.ryver.com/"/></telecom></contact><description value="A ValueSet to identify the type of medication supply."/><jurisdiction><coding><system value="http://unstats.un.org/unsd/methods/m49/m49.htm"/><code value="826"/></coding></jurisdiction><copyright value="Copyright &#xA9; 2016 HL7 UK"/><compose><include><system value="https://fhir.hl7.org.uk/STU3/CodeSystem/CareConnect-MedicationSupplyType-1"/></include></compose></ValueSet>