<?xml version="1.0" encoding="UTF-8"?><ValueSet xmlns="http://hl7.org/fhir"><id value="CareConnect-MedicationCode-1"/><text><status value="generated"/><div xmlns="http://www.w3.org/1999/xhtml"><h2>Care Connect Medication Code</h2><div><p>A code from the SNOMED Clinical Terminology UK coding system with the expression (^999000541000001108 |National Health Service dictionary of medicines and devices actual medicinal product simple reference set| OR ^999000551000001106 |National Health Service dictionary of medicines and devices actual medicinal product pack simple reference set| OR ^999000561000001109 |National Health Service dictionary of medicines and devices virtual medicinal product simple reference set| OR ^999000571000001104 |National Health Service dictionary of medicines and devices virtual medicinal product pack simple reference set| OR ^999000581000001102 |National Health Service dictionary of medicines and devices virtual therapeutic moiety simple reference set|).</p>
</div><p><b>Copyright Statement:</b> This value set includes content from SNOMED CT, which is copyright &#xA9; 2002+ International Health Terminology Standards Development Organisation (IHTSDO), and distributed by agreement between IHTSDO and HL7. Implementer use of SNOMED CT is not covered by this agreement.</p><p>This value set includes codes from the following code systems:</p><ul><li>Include codes from <a href="http://www.snomed.org/"><code>http://snomed.info/sct</code></a> where constraint  =  (^999000541000001108 |National Health Service dictionary of medicines and devices actual medicinal product simple reference set| OR ^999000551000001106 |National Health Service dictionary of medicines and devices actual medicinal product pack simple reference set| OR ^999000561000001109 |National Health Service dictionary of medicines and devices virtual medicinal product simple reference set| OR ^999000571000001104 |National Health Service dictionary of medicines and devices virtual medicinal product pack simple reference set| OR ^999000581000001102 |National Health Service dictionary of medicines and devices virtual therapeutic moiety simple reference set|)</li></ul></div></text><url value="https://fhir.hl7.org.uk/STU3/ValueSet/CareConnect-MedicationCode-1"/><version value="3.0.0"/><name value="Care Connect Medication Code"/><status value="draft"/><date value="2018-11-01T00:00:00+00:00"/><publisher value="HL7 UK"/><contact><telecom><system value="other"/><value value="https://chat.fhir.org/#narrow/stream/179189-uk"/></telecom></contact><description value="A code from the SNOMED Clinical Terminology UK coding system with the expression (^999000541000001108 |National Health Service dictionary of medicines and devices actual medicinal product simple reference set| OR ^999000551000001106 |National Health Service dictionary of medicines and devices actual medicinal product pack simple reference set| OR ^999000561000001109 |National Health Service dictionary of medicines and devices virtual medicinal product simple reference set| OR ^999000571000001104 |National Health Service dictionary of medicines and devices virtual medicinal product pack simple reference set| OR ^999000581000001102 |National Health Service dictionary of medicines and devices virtual therapeutic moiety simple reference set|). "/><jurisdiction><coding><system value="http://unstats.un.org/unsd/methods/m49/m49.htm"/><code value="826"/></coding></jurisdiction><copyright value="This value set includes content from SNOMED CT, which is copyright &#xA9; 2002+ International Health Terminology Standards Development Organisation (IHTSDO), and distributed by agreement between IHTSDO and HL7. Implementer use of SNOMED CT is not covered by this agreement."/><compose><include><system value="http://snomed.info/sct"/><filter><property value="constraint"/><op value="="/><value value="(^999000541000001108 |National Health Service dictionary of medicines and devices actual medicinal product simple reference set| OR ^999000551000001106 |National Health Service dictionary of medicines and devices actual medicinal product pack simple reference set| OR ^999000561000001109 |National Health Service dictionary of medicines and devices virtual medicinal product simple reference set| OR ^999000571000001104 |National Health Service dictionary of medicines and devices virtual medicinal product pack simple reference set| OR ^999000581000001102 |National Health Service dictionary of medicines and devices virtual therapeutic moiety simple reference set|)"/></filter></include></compose></ValueSet>