<?xml version="1.0" encoding="UTF-8"?><ValueSet xmlns="http://hl7.org/fhir"><id value="CareConnect-ReportCodeSnCT-1"/><text><status value="generated"/><div xmlns="http://www.w3.org/1999/xhtml"><h2>Care Connect Report Code SnCT</h2><div><p>A code from the SNOMED Clinical Terminology UK coding system that describes a diagnotic report</p>
</div><p><b>Copyright Statement:</b> This value set includes content from SNOMED CT, which is copyright &#xA9; 2002+ International Health Terminology Standards Development Organisation (IHTSDO), and distributed by agreement between IHTSDO and HL7. Implementer use of SNOMED CT is not covered by this agreement.</p><p>This value set includes codes from the following code systems:</p><ul><li>Include codes from <a href="http://www.snomed.org/"><code>http://snomed.info/sct</code></a> where constraint  =  (&lt;&lt;371525003 | Clinical procedure report (record artifact))</li></ul></div></text><url value="https://fhir.hl7.org.uk/STU3/ValueSet/CareConnect-ReportCodeSnCT-1"/><version value="0.1.0"/><name value="Care Connect Report Code SnCT"/><status value="draft"/><date value="2019-06-14T01:00:00+01:00"/><publisher value="HL7 UK - Example"/><contact><telecom><system value="other"/><value value="http://hl7.org/Special/committees/[something]"/></telecom></contact><description value="A code from the SNOMED Clinical Terminology UK coding system that describes a diagnotic report"/><jurisdiction><coding><system value="http://unstats.un.org/unsd/methods/m49/m49.htm"/><code value="826"/></coding></jurisdiction><copyright value="This value set includes content from SNOMED CT, which is copyright &#xA9; 2002+ International Health Terminology Standards Development Organisation (IHTSDO), and distributed by agreement between IHTSDO and HL7. Implementer use of SNOMED CT is not covered by this agreement."/><compose><include><system value="http://snomed.info/sct"/><filter><property value="constraint"/><op value="="/><value value="(&lt;&lt;371525003 | Clinical procedure report (record artifact))"/></filter></include></compose></ValueSet>