<?xml version="1.0" encoding="UTF-8"?><ValueSet xmlns="http://hl7.org/fhir"><id value="CareConnect-CareSettingType-1"/><text><status value="generated"/><div xmlns="http://www.w3.org/1999/xhtml"><h2>Care Connect Care Setting Type</h2><div><p>A code from the SNOMED Clinical Terminology UK coding system that describes a correspondence care setting type. Any code from the SNOMED CT UK &#39;Correspondence Care setting type&#39; subset with subset original id 43971000000130; the corresponding SNOMED CT UK Refset fully specified name is &#39;Correspondence care setting type simple reference set (foundation metadata concept)&#39; with Refset Id 999000381000000107</p>
</div><p><b>Copyright Statement:</b> This value set includes content from SNOMED CT, which is copyright &#xA9; 2002+ International Health Terminology Standards Development Organisation (IHTSDO), and distributed by agreement between IHTSDO and HL7. Implementer use of SNOMED CT is not covered by this agreement.</p><p>This value set includes codes from the following code systems:</p><ul><li>Include codes from <a href="http://www.snomed.org/"><code>http://snomed.info/sct</code></a> where concept  in  999000381000000107</li></ul></div></text><url value="https://fhir.hl7.org.uk/STU3/ValueSet/CareConnect-CareSettingType-1"/><version value="3.0.0"/><name value="Care Connect Care Setting Type"/><status value="draft"/><date value="2018-11-01T00:00:00+00:00"/><publisher value="HL7 UK"/><contact><telecom><system value="other"/><value value="http://hl7.org/Special/committees/[something]"/></telecom></contact><description value="A code from the SNOMED Clinical Terminology UK coding system that describes a correspondence care setting type. Any code from the SNOMED CT UK &#39;Correspondence Care setting type&#39; subset with subset original id 43971000000130; the corresponding SNOMED CT UK Refset fully specified name is &#39;Correspondence care setting type simple reference set (foundation metadata concept)&#39; with Refset Id 999000381000000107"/><jurisdiction><coding><system value="http://unstats.un.org/unsd/methods/m49/m49.htm"/><code value="826"/></coding></jurisdiction><copyright value="This value set includes content from SNOMED CT, which is copyright &#xA9; 2002+ International Health Terminology Standards Development Organisation (IHTSDO), and distributed by agreement between IHTSDO and HL7. Implementer use of SNOMED CT is not covered by this agreement."/><compose><include><system value="http://snomed.info/sct"/><filter><property value="concept"/><op value="in"/><value value="999000381000000107"/></filter></include></compose></ValueSet>