<?xml version="1.0" encoding="UTF-8"?><ValueSet xmlns="http://hl7.org/fhir"><id value="CareConnect-FindingCode-1"/><text><status value="generated"/><div xmlns="http://www.w3.org/1999/xhtml"><h2>Care Connect Finding Code</h2><div><p>A code from the SNOMED Clinical Terminology UK coding system to record a finding code.</p>
</div><p><b>Copyright Statement:</b> This value set includes content from SNOMED CT, which is copyright &#xA9; 2002+ International Health Terminology Standards Development Organisation (IHTSDO), and distributed by agreement between IHTSDO and HL7. Implementer use of SNOMED CT is not covered by this agreement.</p><p>This value set includes codes from the following code systems:</p><ul><li>Include codes from <a href="http://www.snomed.org/"><code>http://snomed.info/sct</code></a> where constraint  =  (&lt;&lt;404684003 | clinical findings)</li></ul></div></text><url value="https://fhir.hl7.org.uk/STU3/ValueSet/CareConnect-FindingCode-1"/><version value="0.1.0"/><name value="Care Connect Finding Code"/><status value="draft"/><date value="2019-02-19T00:00:00+00:00"/><publisher value="HL7 UK - Example"/><contact><telecom><system value="other"/><value value="http://hl7.org/Special/committees/[something]"/></telecom></contact><description value="A code from the SNOMED Clinical Terminology UK coding system to record a finding code."/><jurisdiction><coding><system value="http://unstats.un.org/unsd/methods/m49/m49.htm"/><code value="826"/></coding></jurisdiction><copyright value="This value set includes content from SNOMED CT, which is copyright &#xA9; 2002+ International Health Terminology Standards Development Organisation (IHTSDO), and distributed by agreement between IHTSDO and HL7. Implementer use of SNOMED CT is not covered by this agreement."/><compose><include><system value="http://snomed.info/sct"/><filter><property value="constraint"/><op value="="/><value value="(&lt;&lt;404684003 | clinical findings)"/></filter></include></compose></ValueSet>