<?xml version="1.0" encoding="UTF-8"?><ValueSet xmlns="http://hl7.org/fhir"><id value="CareConnect-AllergyExposureRoute-1"/><text><status value="generated"/><div xmlns="http://www.w3.org/1999/xhtml"><h2>Care Connect Allergy Exposure Route</h2><div><p>A code from the SNOMED Clinical Terminology UK coding system that describes the e-Prescribing route of administration. Any code from the SNOMED CT UK &#39;NHS e-Prescribing route of administration subset&#39; with subset original id 30201000001137; the corresponding SNOMED CT UK Refset FSN is &#39;ePrescribing route of administration simple reference set (foundation metadata concept)&#39; with Refset Id 999000051000001100.</p>
</div><p><b>Copyright Statement:</b> This value set includes content from SNOMED CT, which is copyright &#xA9; 2002+ International Health Terminology Standards Development Organisation (IHTSDO), and distributed by agreement between IHTSDO and HL7. Implementer use of SNOMED CT is not covered by this agreement.</p><p>This value set includes codes from the following code systems:</p><ul><li>Include codes from <a href="http://www.snomed.org/"><code>http://snomed.info/sct</code></a> where constraint  =  ^999000051000001100 |ePrescribing route of administration simple reference set|</li></ul></div></text><url value="https://fhir.hl7.org.uk/STU3/ValueSet/CareConnect-AllergyExposureRoute-1"/><version value="3.0.0"/><name value="Care Connect Allergy Exposure Route"/><status value="draft"/><date value="2018-11-14T00:00:00+00:00"/><publisher value="HL7 UK"/><contact><telecom><system value="other"/><value value="https://chat.fhir.org/#narrow/stream/179189-uk"/></telecom></contact><description value="A code from the SNOMED Clinical Terminology UK coding system that describes the e-Prescribing route of administration. Any code from the SNOMED CT UK &#39;NHS e-Prescribing route of administration subset&#39; with subset original id 30201000001137; the corresponding SNOMED CT UK Refset FSN is &#39;ePrescribing route of administration simple reference set (foundation metadata concept)&#39; with Refset Id 999000051000001100."/><jurisdiction><coding><system value="http://unstats.un.org/unsd/methods/m49/m49.htm"/><code value="826"/></coding></jurisdiction><copyright value="This value set includes content from SNOMED CT, which is copyright &#xA9; 2002+ International Health Terminology Standards Development Organisation (IHTSDO), and distributed by agreement between IHTSDO and HL7. Implementer use of SNOMED CT is not covered by this agreement."/><compose><include><system value="http://snomed.info/sct"/><filter><property value="constraint"/><op value="="/><value value="^999000051000001100 |ePrescribing route of administration simple reference set|"/></filter></include></compose></ValueSet>