<?xml version="1.0" encoding="UTF-8"?><ValueSet xmlns="http://hl7.org/fhir"><id value="CareConnect-ListWarningCode-1"/><text><status value="generated"/><div xmlns="http://www.w3.org/1999/xhtml"><h2>Care Connect List Warning Code</h2><div><p>A ValueSet to identify the reason a list may be incomplete.</p>
</div><p><b>Copyright Statement:</b> Copyright &#xA9; 2016 HL7 UK</p><p>This value set includes codes from the following code systems:</p><ul><li>Include all codes defined in <a href="CareConnect-ListWarningCode-1.html"><code>https://fhir.hl7.org.uk/STU3/CodeSystem/CareConnect-ListWarningCode-1</code></a></li></ul></div></text><url value="https://fhir.hl7.org.uk/STU3/ValueSet/CareConnect-ListWarningCode-1"/><version value="1.1.0"/><name value="Care Connect List Warning Code"/><status value="draft"/><date value="2018-11-01T00:00:00+00:00"/><publisher value="HL7 West Riding - Example"/><contact><telecom><system value="other"/><value value="http://hl7.org/Special/committees/[something]"/></telecom></contact><description value="A ValueSet to identify the reason a list may be incomplete."/><jurisdiction><coding><system value="http://unstats.un.org/unsd/methods/m49/m49.htm"/><code value="001"/></coding></jurisdiction><copyright value="Copyright &#xA9; 2016 HL7 UK"/><compose><include><system value="https://fhir.hl7.org.uk/STU3/CodeSystem/CareConnect-ListWarningCode-1"/></include></compose></ValueSet>