<div xmlns="http://www.w3.org/1999/xhtml" xmlns:xsi="http://www.w3.org/2001/XMLSchema-instance" xsi:schemaLocation="http://hl7.org/fhir ../../input-cache/schemas-r5/fhir-single.xsd">
    <p>
        Measurements and simple assertions made about a patient, device or other subject.
    </p>
    <p><strong>Examples</strong></p>

    <p><a href="9084.html">Heart Rate Observation which claims it is a CareConnect-Observation-1 but is also conformant to CareConnect-HeartRate-Observation-1 profile (not claimed)</a></p>
</div>

