<div xmlns="http://www.w3.org/1999/xhtml" xmlns:xsi="http://www.w3.org/2001/XMLSchema-instance" xsi:schemaLocation="http://hl7.org/fhir ../../input-cache/schemas-r5/fhir-single.xsd">

    <h2>Search Parameters (Recommended)</h2>
    <p>This implementation guide outlines some suggested search parameters for the Organization resource in the table below. To be conformant, provider systems are required to implement all of the SHALL parameters. Provider systems may implement the full list of search parameters for the Organization resource
    </p>
    <table style="min-width:100%;width:100%">
        <tr id="clinical">
            <th style="width:15%;">Name</th>
            <th style="width:10%;">Type</th>
            <th style="width:40%;">Description</th>
            <th style="width:5%;">Conformance</th>
            <th style="width:30%;">Path</th>
        </tr>
        <tr>
            <td><code class="highlighter-rouge">identifier</code></td>
            <td><code class="highlighter-rouge">token</code></td>
            <td>Any identifier for the organization (e.g. SDS/ODS code)</td>
            <td>MAY</td>
            <td>Organization.identifier</td>
        </tr>
        <tr>
            <td><code class="highlighter-rouge">name</code></td>
            <td><code class="highlighter-rouge">string</code></td>
            <td>A portion of the organization's name</td>
            <td>MAY</td>
            <td>Organization.name</td>
        </tr>
    </table>

</div>
