<div xmlns="http://www.w3.org/1999/xhtml" xmlns:xsi="http://www.w3.org/2001/XMLSchema-instance" xsi:schemaLocation="http://hl7.org/fhir ../../input-cache/schemas-r5/fhir-single.xsd">
    <p>
        An interaction between a patient and healthcare provider(s) for the purpose of providing healthcare service(s) or assessing the health status of a patient.
    </p>
    <h3><strong>Examples</strong></h3>
    <p></p>
    <p><a href="encounter-1.html">Hospital Admission Encounter</a></p>
    <p><a href="encounter-2.html">Hospital Transfer Encounter</a></p>
    <p><a href="encounter-735.html">Emergency clinical Encounter</a></p>
</div>


