<div xmlns="http://www.w3.org/1999/xhtml" xmlns:xsi="http://www.w3.org/2001/XMLSchema-instance" xsi:schemaLocation="http://hl7.org/fhir ../../input-cache/schemas-r5/fhir-single.xsd">
	<p>
        This profile defines a patient administration details structure that includes core localisation concepts for use in a UK context.
    </p>
    <h4 id="identifiers">Identifiers</h4>
    <p>These definitions represent common data held in the Patient.identifier element:</p>
    <ul>
        <li>NHS Number - England and Wales</li>
        <li>CHI Number - Scotland. Not yet specified</li>
        <li>HSNi - Northern Ireland. Not yet specified</li>
    </ul>
    <p><strong>Examples</strong></p>

    <p><a href="patient-1.html">Patient with NHS Number and NHS Trust Identifier</a></p>
</div>