<div xmlns="http://www.w3.org/1999/xhtml" xmlns:xsi="http://www.w3.org/2001/XMLSchema-instance" xsi:schemaLocation="http://hl7.org/fhir ../../input-cache/schemas-r5/fhir-single.xsd">
    <p>
        This profile defines a practitioner administration details structure that includes core localisation concepts for use in a UK context.
    </p>
    <h4 id="identifiers">Identifiers</h4>
    <p>These definitions represent common data held in the Practitioner.identifier element:</p>
    <ul>
        <li>GMC Number</li>
        <li>GMP Number</li>
        <li>SDS ID - England. For spine connected systems</li>
    </ul>
    <p><strong>Examples</strong></p>
    <p><a href="4.html">GP with GMC Code Identifier</a></p>
</div>

