"Path","Slice Name","Alias(s)","Label","Min","Max","Must Support?","Is Modifier?","Is Summary?","Type(s)","Short","Definition","Comments","Requirements","Default Value","Meaning When Missing","Fixed Value","Pattern","Example","Minimum Value","Maximum Value","Maximum Length","Binding Strength","Binding Description","Binding Value Set","Code","Slicing Discriminator","Slicing Description","Slicing Ordered","Slicing Rules","Base Path","Base Min","Base Max","Condition(s)","Constraint(s)"
"Location","","","",0,*,"","","","","Details and position information for a physical place","Details and position information for a physical place where services are provided  and resources and participants may be stored, found, contained or accommodated.","","","","","","","","","",,,,,"",,,,"Resource",0,*,"","dom-2:If the resource is contained in another resource, it SHALL NOT contain nested Resources {contained.contained.empty()}
dom-1:If the resource is contained in another resource, it SHALL NOT contain any narrative {contained.text.empty()}dom-4:If a resource is contained in another resource, it SHALL NOT have a meta.versionId or a meta.lastUpdated {contained.meta.versionId.empty() and contained.meta.lastUpdated.empty()}dom-3:If the resource is contained in another resource, it SHALL be referred to from elsewhere in the resource {contained.where(('#'+id in %resource.descendants().reference).not()).empty()}"
"Location.id","","","",0,1,"","","Y","id {[]} {[]}
","Logical id of this artifact","The logical id of the resource, as used in the URL for the resource. Once assigned, this value never changes.","The only time that a resource does not have an id is when it is being submitted to the server using a create operation.","","","","","","","","",,,,,"",,,,"Resource.id",0,1,"ele-1
","ele-1:All FHIR elements must have a @value or children {hasValue() | (children().count() > id.count())}
"
"Location.meta","","","",0,1,"","","Y","Meta {[]} {[]}
","Metadata about the resource","The metadata about the resource. This is content that is maintained by the infrastructure. Changes to the content may not always be associated with version changes to the resource.","","","","","","","","","",,,,,"",,,,"Resource.meta",0,1,"ele-1
","ele-1:All FHIR elements must have a @value or children {hasValue() | (children().count() > id.count())}
"
"Location.implicitRules","","","",0,1,"","Y","Y","uri {[]} {[]}
","A set of rules under which this content was created","A reference to a set of rules that were followed when the resource was constructed, and which must be understood when processing the content.","Asserting this rule set restricts the content to be only understood by a limited set of trading partners. This inherently limits the usefulness of the data in the long term. However, the existing health eco-system is highly fractured, and not yet ready to define, collect, and exchange data in a generally computable sense. Wherever possible, implementers and/or specification writers should avoid using this element.   This element is labelled as a modifier because the implicit rules may provide additional knowledge about the resource that modifies it's meaning or interpretation.","","","","","","","","",,,,,"",,,,"Resource.implicitRules",0,1,"ele-1
","ele-1:All FHIR elements must have a @value or children {hasValue() | (children().count() > id.count())}
"
"Location.language","","","",0,1,"","","","code {[]} {[]}
","Language of the resource content","The base language in which the resource is written.","Language is provided to support indexing and accessibility (typically, services such as text to speech use the language tag). The html language tag in the narrative applies  to the narrative. The language tag on the resource may be used to specify the language of other presentations generated from the data in the resource  Not all the content has to be in the base language. The Resource.language should not be assumed to apply to the narrative automatically. If a language is specified, it should it also be specified on the div element in the html (see rules in HTML5 for information about the relationship between xml:lang and the html lang attribute).","","","","","","","","",,"extensible","A human language.","http://hl7.org/fhir/ValueSet/languages","",,,,"Resource.language",0,1,"ele-1
","ele-1:All FHIR elements must have a @value or children {hasValue() | (children().count() > id.count())}
"
"Location.text","","narrative
htmlxhtmldisplay","",0,1,"","","","Narrative {[]} {[]}
","Text summary of the resource, for human interpretation","A human-readable narrative that contains a summary of the resource, and may be used to represent the content of the resource to a human. The narrative need not encode all the structured data, but is required to contain sufficient detail to make it ""clinically safe"" for a human to just read the narrative. Resource definitions may define what content should be represented in the narrative to ensure clinical safety.","Contained resources do not have narrative. Resources that are not contained SHOULD have a narrative. In some cases, a resource may only have text with little or no additional discrete data (as long as all minOccurs=1 elements are satisfied).  This may be necessary for data from legacy systems where information is captured as a ""text blob"" or where text is additionally entered raw or narrated and encoded in formation is added later.","","","","","","","","",,,,,"",,,,"DomainResource.text",0,1,"ele-1
dom-1","ele-1:All FHIR elements must have a @value or children {hasValue() | (children().count() > id.count())}
"
"Location.contained","","inline resources
anonymous resourcescontained resources","",0,*,"","","","Resource {[]} {[]}
","Contained, inline Resources","These resources do not have an independent existence apart from the resource that contains them - they cannot be identified independently, and nor can they have their own independent transaction scope.","This should never be done when the content can be identified properly, as once identification is lost, it is extremely difficult (and context dependent) to restore it again.","","","","","","","","",,,,,"",,,,"DomainResource.contained",0,*,"",""
"Location.extension","","extensions
user content","",0,*,"","","","Extension {[]} {[]}
","Additional Content defined by implementations","May be used to represent additional information that is not part of the basic definition of the resource. In order to make the use of extensions safe and manageable, there is a strict set of governance  applied to the definition and use of extensions. Though any implementer is allowed to define an extension, there is a set of requirements that SHALL be met as part of the definition of the extension.","There can be no stigma associated with the use of extensions by any application, project, or standard - regardless of the institution or jurisdiction that uses or defines the extensions.  The use of extensions is what allows the FHIR specification to retain a core level of simplicity for everyone.","","","","","","","","",,,,,"","value:url}
","Extensions are always sliced by (at least) url",,"open","DomainResource.extension",0,*,"ele-1
","ele-1:All FHIR elements must have a @value or children {hasValue() | (children().count() > id.count())}
ext-1:Must have either extensions or value[x], not both {extension.exists() != value.exists()}"
"Location.modifierExtension","","extensions
user content","",0,*,"","Y","","Extension {[]} {[]}
","Extensions that cannot be ignored","May be used to represent additional information that is not part of the basic definition of the resource, and that modifies the understanding of the element that contains it. Usually modifier elements provide negation or qualification. In order to make the use of extensions safe and manageable, there is a strict set of governance applied to the definition and use of extensions. Though any implementer is allowed to define an extension, there is a set of requirements that SHALL be met as part of the definition of the extension. Applications processing a resource are required to check for modifier extensions.","There can be no stigma associated with the use of extensions by any application, project, or standard - regardless of the institution or jurisdiction that uses or defines the extensions.  The use of extensions is what allows the FHIR specification to retain a core level of simplicity for everyone.","","","","","","","","",,,,,"","value:url}
","Extensions are always sliced by (at least) url",,"open","DomainResource.modifierExtension",0,*,"ele-1
","ele-1:All FHIR elements must have a @value or children {hasValue() | (children().count() > id.count())}
ext-1:Must have either extensions or value[x], not both {extension.exists() != value.exists()}"
"Location.identifier","","","",0,*,"","","Y","Identifier {[]} {[]}
","Unique code or number identifying the location to its users","Unique code or number identifying the location to its users.","","Organization label locations in registries, need to keep track of those.","","","","","","","",,,,,"","value:system}
","",,"openAtEnd","Location.identifier",0,*,"ele-1
","ele-1:All FHIR elements must have a @value or children {hasValue() | (children().count() > id.count())}
"
"Location.identifier.id","","","",0,1,"","","","string {[]} {[]}
","xml:id (or equivalent in JSON)","unique id for the element within a resource (for internal references). This may be any string value that does not contain spaces.","Note that FHIR strings may not exceed 1MB in size","","","","","","","","",,,,,"",,,,"Element.id",0,1,"ele-1
","ele-1:All FHIR elements must have a @value or children {hasValue() | (children().count() > id.count())}
"
"Location.identifier.extension","","extensions
user content","",0,*,"","","","Extension {[]} {[]}
","Additional Content defined by implementations","May be used to represent additional information that is not part of the basic definition of the element. In order to make the use of extensions safe and manageable, there is a strict set of governance  applied to the definition and use of extensions. Though any implementer is allowed to define an extension, there is a set of requirements that SHALL be met as part of the definition of the extension.","There can be no stigma associated with the use of extensions by any application, project, or standard - regardless of the institution or jurisdiction that uses or defines the extensions.  The use of extensions is what allows the FHIR specification to retain a core level of simplicity for everyone.","","","","","","","","",,,,,"","value:url}
","Extensions are always sliced by (at least) url",,"open","Element.extension",0,*,"ele-1
","ele-1:All FHIR elements must have a @value or children {hasValue() | (children().count() > id.count())}
ext-1:Must have either extensions or value[x], not both {extension.exists() != value.exists()}"
"Location.identifier.use","","","",0,1,"","Y","Y","code {[]} {[]}
","usual | official | temp | secondary (If known)","The purpose of this identifier.","This is labeled as ""Is Modifier"" because applications should not mistake a temporary id for a permanent one. Applications can assume that an identifier is permanent unless it explicitly says that it is temporary.","Allows the appropriate identifier for a particular context of use to be selected from among a set of identifiers.","","","","","","","",,"required","Identifies the purpose for this identifier, if known .","http://hl7.org/fhir/ValueSet/identifier-use","",,,,"Identifier.use",0,1,"ele-1
","ele-1:All FHIR elements must have a @value or children {hasValue() | (children().count() > id.count())}
"
"Location.identifier.type","","","",0,1,"","","Y","CodeableConcept {[]} {[]}
","Description of identifier","A coded type for the identifier that can be used to determine which identifier to use for a specific purpose.","This element deals only with general categories of identifiers.  It SHOULD not be used for codes that correspond 1..1 with the Identifier.system. Some identifiers may fall into multiple categories due to common usage.   Where the system is known, a type is unnecessary because the type is always part of the system definition. However systems often need to handle identifiers where the system is not known. There is not a 1:1 relationship between type and system, since many different systems have the same type.","Allows users to make use of identifiers when the identifier system is not known.","","","","","","","",,"extensible","A coded type for an identifier that can be used to determine which identifier to use for a specific purpose.","http://hl7.org/fhir/ValueSet/identifier-type","",,,,"Identifier.type",0,1,"ele-1
","ele-1:All FHIR elements must have a @value or children {hasValue() | (children().count() > id.count())}
"
"Location.identifier.system","","","",0,1,"","","Y","uri {[]} {[]}
","The namespace for the identifier value","Establishes the namespace for the value - that is, a URL that describes a set values that are unique.","see http://en.wikipedia.org/wiki/Uniform_resource_identifier","There are many sets  of identifiers.  To perform matching of two identifiers, we need to know what set we're dealing with. The system identifies a particular set of unique identifiers.","","","","","<valueUri xmlns=""http://hl7.org/fhir"" value=""http://www.acme.com/identifiers/patient or urn:ietf:rfc:3986 if the Identifier.value itself is a full uri""/>","","",,,,,"",,,,"Identifier.system",0,1,"ele-1
","ele-1:All FHIR elements must have a @value or children {hasValue() | (children().count() > id.count())}
"
"Location.identifier.value","","","",0,1,"","","Y","string {[]} {[]}
","The value that is unique","The portion of the identifier typically relevant to the user and which is unique within the context of the system.","If the value is a full URI, then the system SHALL be urn:ietf:rfc:3986.  The value's primary purpose is computational mapping.  As a result, it may be normalized for comparison purposes (e.g. removing non-significant whitespace, dashes, etc.)  A value formatted for human display can be conveyed using the [Rendered Value extension](extension-rendered-value.html).","","","","","","<valueString xmlns=""http://hl7.org/fhir"" value=""123456""/>","","",,,,,"",,,,"Identifier.value",0,1,"ele-1
","ele-1:All FHIR elements must have a @value or children {hasValue() | (children().count() > id.count())}
"
"Location.identifier.period","","","",0,1,"","","Y","Period {[]} {[]}
","Time period when id is/was valid for use","Time period during which identifier is/was valid for use.","This is not a duration - that's a measure of time (a separate type), but a duration that occurs at a fixed value of time. A Period specifies a range of time; the context of use will specify whether the entire range applies (e.g. ""the patient was an inpatient of the hospital for this time range"") or one value from the range applies (e.g. ""give to the patient between these two times""). If duration is required, specify the type as Interval|Duration.","","","","","","","","",,,,,"",,,,"Identifier.period",0,1,"ele-1
","ele-1:All FHIR elements must have a @value or children {hasValue() | (children().count() > id.count())}
per-1:If present, start SHALL have a lower value than end {start.empty() or end.empty() or (start <= end)}"
"Location.identifier.assigner","","","",0,1,"","","Y","Reference {[]} {[CanonicalType[http://hl7.org/fhir/StructureDefinition/Organization]]}
","Organization that issued id (may be just text)","Organization that issued/manages the identifier.","The Identifier.assigner may omit the .reference element and only contain a .display element reflecting the name or other textual information about the assigning organization.","","","","","","","","",,,,,"",,,,"Identifier.assigner",0,1,"ele-1
","ele-1:All FHIR elements must have a @value or children {hasValue() | (children().count() > id.count())}
ref-1:SHALL have a contained resource if a local reference is provided {reference.startsWith('#').not() or (reference.substring(1).trace('url') in %resource.contained.id.trace('ids'))}"
"Location.identifier","odsSiteCode","","",0,1,"","","Y","Identifier {[]} {[]}
","ODS Site code to identify the organisation at site level","ODS Site code to identify the organisation at site level.","","Organization label locations in registries, need to keep track of those.","","","","","","","",,,,,"",,,,"Location.identifier",0,*,"ele-1
","ele-1:All FHIR elements must have a @value or children {hasValue() | (children().count() > id.count())}
"
"Location.identifier.id","","","",0,1,"","","","string {[]} {[]}
","xml:id (or equivalent in JSON)","unique id for the element within a resource (for internal references). This may be any string value that does not contain spaces.","Note that FHIR strings may not exceed 1MB in size","","","","","","","","",,,,,"",,,,"Element.id",0,1,"ele-1
","ele-1:All FHIR elements must have a @value or children {hasValue() | (children().count() > id.count())}
"
"Location.identifier.extension","","extensions
user content","",0,*,"","","","Extension {[]} {[]}
","Additional Content defined by implementations","May be used to represent additional information that is not part of the basic definition of the element. In order to make the use of extensions safe and manageable, there is a strict set of governance  applied to the definition and use of extensions. Though any implementer is allowed to define an extension, there is a set of requirements that SHALL be met as part of the definition of the extension.","There can be no stigma associated with the use of extensions by any application, project, or standard - regardless of the institution or jurisdiction that uses or defines the extensions.  The use of extensions is what allows the FHIR specification to retain a core level of simplicity for everyone.","","","","","","","","",,,,,"","value:url}
","Extensions are always sliced by (at least) url",,"open","Element.extension",0,*,"ele-1
","ele-1:All FHIR elements must have a @value or children {hasValue() | (children().count() > id.count())}
ext-1:Must have either extensions or value[x], not both {extension.exists() != value.exists()}"
"Location.identifier.use","","","",0,1,"","Y","Y","code {[]} {[]}
","usual | official | temp | secondary (If known)","The purpose of this identifier.","This is labeled as ""Is Modifier"" because applications should not mistake a temporary id for a permanent one. Applications can assume that an identifier is permanent unless it explicitly says that it is temporary.","Allows the appropriate identifier for a particular context of use to be selected from among a set of identifiers.","","","","","","","",,"required","Identifies the purpose for this identifier, if known .","http://hl7.org/fhir/ValueSet/identifier-use","",,,,"Identifier.use",0,1,"ele-1
","ele-1:All FHIR elements must have a @value or children {hasValue() | (children().count() > id.count())}
"
"Location.identifier.type","","","",0,1,"","","Y","CodeableConcept {[]} {[]}
","Description of identifier","A coded type for the identifier that can be used to determine which identifier to use for a specific purpose.","This element deals only with general categories of identifiers.  It SHOULD not be used for codes that correspond 1..1 with the Identifier.system. Some identifiers may fall into multiple categories due to common usage.   Where the system is known, a type is unnecessary because the type is always part of the system definition. However systems often need to handle identifiers where the system is not known. There is not a 1:1 relationship between type and system, since many different systems have the same type.","Allows users to make use of identifiers when the identifier system is not known.","","","","","","","",,"extensible","A coded type for an identifier that can be used to determine which identifier to use for a specific purpose.","http://hl7.org/fhir/ValueSet/identifier-type","",,,,"Identifier.type",0,1,"ele-1
","ele-1:All FHIR elements must have a @value or children {hasValue() | (children().count() > id.count())}
"
"Location.identifier.system","","","",1,1,"","","Y","uri {[]} {[]}
","ODS Code","Establishes the namespace for the value - that is, a URL that describes a set values that are unique.","see http://en.wikipedia.org/wiki/Uniform_resource_identifier","There are many sets  of identifiers.  To perform matching of two identifiers, we need to know what set we're dealing with. The system identifies a particular set of unique identifiers.","","","<valueUri xmlns=""http://hl7.org/fhir"" value=""https://fhir.nhs.uk/Id/ods-site-code""/>","","<valueUri xmlns=""http://hl7.org/fhir"" value=""http://www.acme.com/identifiers/patient or urn:ietf:rfc:3986 if the Identifier.value itself is a full uri""/>","","",,,,,"",,,,"Identifier.system",0,1,"ele-1
","ele-1:All FHIR elements must have a @value or children {hasValue() | (children().count() > id.count())}
"
"Location.identifier.value","","","",1,1,"","","Y","string {[]} {[]}
","The ODS Site code name, to reflect the code used","The portion of the identifier typically relevant to the user and which is unique within the context of the system.","If the value is a full URI, then the system SHALL be urn:ietf:rfc:3986.  The value's primary purpose is computational mapping.  As a result, it may be normalized for comparison purposes (e.g. removing non-significant whitespace, dashes, etc.)  A value formatted for human display can be conveyed using the [Rendered Value extension](extension-rendered-value.html).","","","","","","<valueString xmlns=""http://hl7.org/fhir"" value=""123456""/>","","",,,,,"",,,,"Identifier.value",0,1,"ele-1
","ele-1:All FHIR elements must have a @value or children {hasValue() | (children().count() > id.count())}
"
"Location.identifier.period","","","",0,1,"","","Y","Period {[]} {[]}
","Time period when id is/was valid for use","Time period during which identifier is/was valid for use.","This is not a duration - that's a measure of time (a separate type), but a duration that occurs at a fixed value of time. A Period specifies a range of time; the context of use will specify whether the entire range applies (e.g. ""the patient was an inpatient of the hospital for this time range"") or one value from the range applies (e.g. ""give to the patient between these two times""). If duration is required, specify the type as Interval|Duration.","","","","","","","","",,,,,"",,,,"Identifier.period",0,1,"ele-1
","ele-1:All FHIR elements must have a @value or children {hasValue() | (children().count() > id.count())}
per-1:If present, start SHALL have a lower value than end {start.empty() or end.empty() or (start <= end)}"
"Location.identifier.assigner","","","",0,1,"","","Y","Reference {[]} {[CanonicalType[https://fhir.hl7.org.uk/STU3/StructureDefinition/CareConnect-Organization-1]]}
","Organization that issued id (may be just text)","Organization that issued/manages the identifier.","The Identifier.assigner may omit the .reference element and only contain a .display element reflecting the name or other textual information about the assigning organization.","","","","","","","","",,,,,"",,,,"Identifier.assigner",0,1,"ele-1
","ele-1:All FHIR elements must have a @value or children {hasValue() | (children().count() > id.count())}
ref-1:SHALL have a contained resource if a local reference is provided {reference.startsWith('#').not() or (reference.substring(1).trace('url') in %resource.contained.id.trace('ids'))}"
"Location.status","","","",0,1,"","Y","Y","code {[]} {[]}
","active | suspended | inactive","The status property covers the general availability of the resource, not the current value which may be covered by the operationStatus, or by a schedule/slots if they are configured for the location.","This element is labeled as a modifier because the status contains codes that mark the resource as not currently valid.","","","","","","","","",,"required","Indicates whether the location is still in use.","http://hl7.org/fhir/ValueSet/location-status","",,,,"Location.status",0,1,"ele-1
","ele-1:All FHIR elements must have a @value or children {hasValue() | (children().count() > id.count())}
"
"Location.operationalStatus","","","",0,1,"","","Y","Coding {[]} {[]}
","The Operational status of the location (typically only for a bed/room)","The Operational status covers operation values most relevant to beds (but can also apply to rooms/units/chair/etc such as an isolation unit/dialisys chair). This typically covers concepts such as contamination, housekeeping and other activities like maintenance.","Codes may be defined very casually in enumerations or code lists, up to very formal definitions such as SNOMED CT - see the HL7 v3 Core Principles for more information.","","","","","","","","",,"preferred","The operational status if the location (where typically a bed/room)","http://hl7.org/fhir/ValueSet/v2-0116","",,,,"Location.operationalStatus",0,1,"ele-1
","ele-1:All FHIR elements must have a @value or children {hasValue() | (children().count() > id.count())}
"
"Location.operationalStatus.id","","","",0,1,"","","","string {[]} {[]}
","xml:id (or equivalent in JSON)","unique id for the element within a resource (for internal references). This may be any string value that does not contain spaces.","Note that FHIR strings may not exceed 1MB in size","","","","","","","","",,,,,"",,,,"Element.id",0,1,"ele-1
","ele-1:All FHIR elements must have a @value or children {hasValue() | (children().count() > id.count())}
"
"Location.operationalStatus.extension","","extensions
user content","",0,*,"","","","Extension {[]} {[]}
","Additional Content defined by implementations","May be used to represent additional information that is not part of the basic definition of the element. In order to make the use of extensions safe and manageable, there is a strict set of governance  applied to the definition and use of extensions. Though any implementer is allowed to define an extension, there is a set of requirements that SHALL be met as part of the definition of the extension.","There can be no stigma associated with the use of extensions by any application, project, or standard - regardless of the institution or jurisdiction that uses or defines the extensions.  The use of extensions is what allows the FHIR specification to retain a core level of simplicity for everyone.","","","","","","","","",,,,,"","value:url}
","Extensions are always sliced by (at least) url",,"open","Element.extension",0,*,"ele-1
","ele-1:All FHIR elements must have a @value or children {hasValue() | (children().count() > id.count())}
ext-1:Must have either extensions or value[x], not both {extension.exists() != value.exists()}"
"Location.operationalStatus.system","","","",0,1,"","","Y","uri {[]} {[]}
","Identity of the terminology system","The identification of the code system that defines the meaning of the symbol in the code.","The URI may be an OID (urn:oid:...) or a UUID (urn:uuid:...).  OIDs and UUIDs SHALL be references to the HL7 OID registry. Otherwise, the URI should come from HL7's list of FHIR defined special URIs or it should de-reference to some definition that establish the system clearly and unambiguously.","Need to be unambiguous about the source of the definition of the symbol.","","","","","","","",,,,,"",,,,"Coding.system",0,1,"ele-1
","ele-1:All FHIR elements must have a @value or children {hasValue() | (children().count() > id.count())}
"
"Location.operationalStatus.version","","","",0,1,"","","Y","string {[]} {[]}
","Version of the system - if relevant","The version of the code system which was used when choosing this code. Note that a well-maintained code system does not need the version reported, because the meaning of codes is consistent across versions. However this cannot consistently be assured. and when the meaning is not guaranteed to be consistent, the version SHOULD be exchanged.","Where the terminology does not clearly define what string should be used to identify code system versions, the recommendation is to use the date (expressed in FHIR date format) on which that version was officially published as the version date.","","","","","","","","",,,,,"",,,,"Coding.version",0,1,"ele-1
","ele-1:All FHIR elements must have a @value or children {hasValue() | (children().count() > id.count())}
"
"Location.operationalStatus.code","","","",0,1,"","","Y","code {[]} {[]}
","Symbol in syntax defined by the system","A symbol in syntax defined by the system. The symbol may be a predefined code or an expression in a syntax defined by the coding system (e.g. post-coordination).","Note that FHIR strings may not exceed 1MB in size","Need to refer to a particular code in the system.","","","","","","","",,,,,"",,,,"Coding.code",0,1,"ele-1
","ele-1:All FHIR elements must have a @value or children {hasValue() | (children().count() > id.count())}
"
"Location.operationalStatus.display","","","",0,1,"","","Y","string {[]} {[]}
","Representation defined by the system","A representation of the meaning of the code in the system, following the rules of the system.","Note that FHIR strings may not exceed 1MB in size","Need to be able to carry a human-readable meaning of the code for readers that do not know  the system.","","","","","","","",,,,,"",,,,"Coding.display",0,1,"ele-1
","ele-1:All FHIR elements must have a @value or children {hasValue() | (children().count() > id.count())}
"
"Location.operationalStatus.userSelected","","","",0,1,"","","Y","boolean {[]} {[]}
","If this coding was chosen directly by the user","Indicates that this coding was chosen by a user directly - i.e. off a pick list of available items (codes or displays).","Amongst a set of alternatives, a directly chosen code is the most appropriate starting point for new translations. There is some ambiguity about what exactly 'directly chosen' implies, and trading partner agreement may be needed to clarify the use of this element and its consequences more completely.","This has been identified as a clinical safety criterium - that this exact system/code pair was chosen explicitly, rather than inferred by the system based on some rules or language processing.","","","","","","","",,,,,"",,,,"Coding.userSelected",0,1,"ele-1
","ele-1:All FHIR elements must have a @value or children {hasValue() | (children().count() > id.count())}
"
"Location.name","","","",0,1,"","","Y","string {[]} {[]}
","Name of the location as used by humans","Name of the location as used by humans. Does not need to be unique.","If the name of an location changes, consider putting the old name in the alias column so that it can still be located through searches.","","","","","","","","",,,,,"",,,,"Location.name",0,1,"ele-1
","ele-1:All FHIR elements must have a @value or children {hasValue() | (children().count() > id.count())}
"
"Location.alias","","","",0,*,"","","","string {[]} {[]}
","A list of alternate names that the location is known as, or was known as in the past","A list of alternate names that the location is known as, or was known as in the past.","There are no dates associated with the alias/historic names, as this is not intended to track when names were used, but to assist in searching so that older names can still result in identifying the location.","Over time locations and organizations go through many changes and can be known by different names.  For searching knowing previous names that the location was known by can be very useful.","","","","","","","",,,,,"",,,,"Location.alias",0,*,"ele-1
","ele-1:All FHIR elements must have a @value or children {hasValue() | (children().count() > id.count())}
"
"Location.description","","","",0,1,"","","Y","string {[]} {[]}
","Additional details about the location that could be displayed as further information to identify the location beyond its name","Description of the Location, which helps in finding or referencing the place.","Note that FHIR strings may not exceed 1MB in size","Humans need additional information to verify a correct location has been identified.","","","","","","","",,,,,"",,,,"Location.description",0,1,"ele-1
","ele-1:All FHIR elements must have a @value or children {hasValue() | (children().count() > id.count())}
"
"Location.mode","","","",0,1,"","Y","Y","code {[]} {[]}
","instance | kind","Indicates whether a resource instance represents a specific location or a class of locations.","This is labeled as a modifer because whether or not the location is a class of locations changes how it can be used and understood.","When using a Location resource for scheduling or orders, we need to be able to refer to a class of Locations instead of a specific Location.","","","","","","","",,"required","Indicates whether a resource instance represents a specific location or a class of locations.","http://hl7.org/fhir/ValueSet/location-mode","",,,,"Location.mode",0,1,"ele-1
","ele-1:All FHIR elements must have a @value or children {hasValue() | (children().count() > id.count())}
"
"Location.type","","","",0,1,"","","Y","CodeableConcept {[]} {[]}
","Type of function performed","Indicates the type of function performed at the location.","Not all terminology uses fit this general pattern. In some cases, models should not use CodeableConcept and use Coding directly and provide their own structure for managing text, codings, translations and the relationship between elements and pre- and post-coordination.","","","","","","","","",,"extensible","Indicates the type of function performed at the location.","http://hl7.org/fhir/ValueSet/v3-ServiceDeliveryLocationRoleType","",,,,"Location.type",0,1,"ele-1
","ele-1:All FHIR elements must have a @value or children {hasValue() | (children().count() > id.count())}
"
"Location.type.id","","","",0,1,"","","","string {[]} {[]}
","xml:id (or equivalent in JSON)","unique id for the element within a resource (for internal references). This may be any string value that does not contain spaces.","Note that FHIR strings may not exceed 1MB in size","","","","","","","","",,,,,"",,,,"Element.id",0,1,"ele-1
","ele-1:All FHIR elements must have a @value or children {hasValue() | (children().count() > id.count())}
"
"Location.type.extension","","extensions
user content","",0,*,"","","","Extension {[]} {[]}
","Additional Content defined by implementations","May be used to represent additional information that is not part of the basic definition of the element. In order to make the use of extensions safe and manageable, there is a strict set of governance  applied to the definition and use of extensions. Though any implementer is allowed to define an extension, there is a set of requirements that SHALL be met as part of the definition of the extension.","There can be no stigma associated with the use of extensions by any application, project, or standard - regardless of the institution or jurisdiction that uses or defines the extensions.  The use of extensions is what allows the FHIR specification to retain a core level of simplicity for everyone.","","","","","","","","",,,,,"","value:url}
","Extensions are always sliced by (at least) url",,"open","Element.extension",0,*,"ele-1
","ele-1:All FHIR elements must have a @value or children {hasValue() | (children().count() > id.count())}
ext-1:Must have either extensions or value[x], not both {extension.exists() != value.exists()}"
"Location.type.coding","","","",0,*,"","","Y","Coding {[]} {[]}
","Code defined by a terminology system","A reference to a code defined by a terminology system.","Codes may be defined very casually in enumerations, or code lists, up to very formal definitions such as SNOMED CT - see the HL7 v3 Core Principles for more information.  Ordering of codings is undefined and SHALL NOT be used to infer meaning. Generally, at most only one of the coding values will be labeled as UserSelected = true.","Allows for translations and alternate encodings within a code system.  Also supports communication of the same instance to systems requiring different encodings.","","","","","","","",,,,,"",,,,"CodeableConcept.coding",0,*,"ele-1
","ele-1:All FHIR elements must have a @value or children {hasValue() | (children().count() > id.count())}
"
"Location.type.coding.id","","","",0,1,"","","","string {[]} {[]}
","xml:id (or equivalent in JSON)","unique id for the element within a resource (for internal references). This may be any string value that does not contain spaces.","Note that FHIR strings may not exceed 1MB in size","","","","","","","","",,,,,"",,,,"Element.id",0,1,"ele-1
","ele-1:All FHIR elements must have a @value or children {hasValue() | (children().count() > id.count())}
"
"Location.type.coding.extension","","extensions
user content","",0,*,"","","","Extension {[]} {[]}
","Additional Content defined by implementations","May be used to represent additional information that is not part of the basic definition of the element. In order to make the use of extensions safe and manageable, there is a strict set of governance  applied to the definition and use of extensions. Though any implementer is allowed to define an extension, there is a set of requirements that SHALL be met as part of the definition of the extension.","There can be no stigma associated with the use of extensions by any application, project, or standard - regardless of the institution or jurisdiction that uses or defines the extensions.  The use of extensions is what allows the FHIR specification to retain a core level of simplicity for everyone.","","","","","","","","",,,,,"","value:url}
","Extensions are always sliced by (at least) url",,"open","Element.extension",0,*,"ele-1
","ele-1:All FHIR elements must have a @value or children {hasValue() | (children().count() > id.count())}
ext-1:Must have either extensions or value[x], not both {extension.exists() != value.exists()}"
"Location.type.coding.system","","","",0,1,"","","Y","uri {[]} {[]}
","Identity of the terminology system","The identification of the code system that defines the meaning of the symbol in the code.","The URI may be an OID (urn:oid:...) or a UUID (urn:uuid:...).  OIDs and UUIDs SHALL be references to the HL7 OID registry. Otherwise, the URI should come from HL7's list of FHIR defined special URIs or it should de-reference to some definition that establish the system clearly and unambiguously.","Need to be unambiguous about the source of the definition of the symbol.","","","","","","","",,,,,"",,,,"Coding.system",0,1,"ele-1
","ele-1:All FHIR elements must have a @value or children {hasValue() | (children().count() > id.count())}
"
"Location.type.coding.version","","","",0,1,"","","Y","string {[]} {[]}
","Version of the system - if relevant","The version of the code system which was used when choosing this code. Note that a well-maintained code system does not need the version reported, because the meaning of codes is consistent across versions. However this cannot consistently be assured. and when the meaning is not guaranteed to be consistent, the version SHOULD be exchanged.","Where the terminology does not clearly define what string should be used to identify code system versions, the recommendation is to use the date (expressed in FHIR date format) on which that version was officially published as the version date.","","","","","","","","",,,,,"",,,,"Coding.version",0,1,"ele-1
","ele-1:All FHIR elements must have a @value or children {hasValue() | (children().count() > id.count())}
"
"Location.type.coding.code","","","",0,1,"","","Y","code {[]} {[]}
","Symbol in syntax defined by the system","A symbol in syntax defined by the system. The symbol may be a predefined code or an expression in a syntax defined by the coding system (e.g. post-coordination).","Note that FHIR strings may not exceed 1MB in size","Need to refer to a particular code in the system.","","","","","","","",,,,,"",,,,"Coding.code",0,1,"ele-1
","ele-1:All FHIR elements must have a @value or children {hasValue() | (children().count() > id.count())}
"
"Location.type.coding.display","","","",0,1,"","","Y","string {[]} {[]}
","Representation defined by the system","A representation of the meaning of the code in the system, following the rules of the system.","Note that FHIR strings may not exceed 1MB in size","Need to be able to carry a human-readable meaning of the code for readers that do not know  the system.","","","","","","","",,,,,"",,,,"Coding.display",0,1,"ele-1
","ele-1:All FHIR elements must have a @value or children {hasValue() | (children().count() > id.count())}
"
"Location.type.coding.userSelected","","","",0,1,"","","Y","boolean {[]} {[]}
","If this coding was chosen directly by the user","Indicates that this coding was chosen by a user directly - i.e. off a pick list of available items (codes or displays).","Amongst a set of alternatives, a directly chosen code is the most appropriate starting point for new translations. There is some ambiguity about what exactly 'directly chosen' implies, and trading partner agreement may be needed to clarify the use of this element and its consequences more completely.","This has been identified as a clinical safety criterium - that this exact system/code pair was chosen explicitly, rather than inferred by the system based on some rules or language processing.","","","","","","","",,,,,"",,,,"Coding.userSelected",0,1,"ele-1
","ele-1:All FHIR elements must have a @value or children {hasValue() | (children().count() > id.count())}
"
"Location.type.text","","","",0,1,"","","Y","string {[]} {[]}
","Plain text representation of the concept","A human language representation of the concept as seen/selected/uttered by the user who entered the data and/or which represents the intended meaning of the user.","Very often the text is the same as a displayName of one of the codings.","The codes from the terminologies do not always capture the correct meaning with all the nuances of the human using them, or sometimes there is no appropriate code at all. In these cases, the text is used to capture the full meaning of the source.","","","","","","","",,,,,"",,,,"CodeableConcept.text",0,1,"ele-1
","ele-1:All FHIR elements must have a @value or children {hasValue() | (children().count() > id.count())}
"
"Location.telecom","","","",0,*,"","","","ContactPoint {[]} {[]}
","Contact details of the location","The contact details of communication devices available at the location. This can include phone numbers, fax numbers, mobile numbers, email addresses and web sites.","","","","","","","","","",,,,,"",,,,"Location.telecom",0,*,"ele-1
","ele-1:All FHIR elements must have a @value or children {hasValue() | (children().count() > id.count())}
cpt-2:A system is required if a value is provided. {value.empty() or system.exists()}"
"Location.telecom.id","","","",0,1,"","","","string {[]} {[]}
","xml:id (or equivalent in JSON)","unique id for the element within a resource (for internal references). This may be any string value that does not contain spaces.","Note that FHIR strings may not exceed 1MB in size","","","","","","","","",,,,,"",,,,"Element.id",0,1,"ele-1
","ele-1:All FHIR elements must have a @value or children {hasValue() | (children().count() > id.count())}
"
"Location.telecom.extension","","extensions
user content","",0,*,"","","","Extension {[]} {[]}
","Additional Content defined by implementations","May be used to represent additional information that is not part of the basic definition of the element. In order to make the use of extensions safe and manageable, there is a strict set of governance  applied to the definition and use of extensions. Though any implementer is allowed to define an extension, there is a set of requirements that SHALL be met as part of the definition of the extension.","There can be no stigma associated with the use of extensions by any application, project, or standard - regardless of the institution or jurisdiction that uses or defines the extensions.  The use of extensions is what allows the FHIR specification to retain a core level of simplicity for everyone.","","","","","","","","",,,,,"","value:url}
","Extensions are always sliced by (at least) url",,"open","Element.extension",0,*,"ele-1
","ele-1:All FHIR elements must have a @value or children {hasValue() | (children().count() > id.count())}
ext-1:Must have either extensions or value[x], not both {extension.exists() != value.exists()}"
"Location.telecom.system","","","",0,1,"","","Y","code {[]} {[]}
","phone | fax | email | pager | url | sms | other","Telecommunications form for contact point - what communications system is required to make use of the contact.","Note that FHIR strings may not exceed 1MB in size","","","","","","","","",,"required","Telecommunications form for contact point","http://hl7.org/fhir/ValueSet/contact-point-system","",,,,"ContactPoint.system",0,1,"ele-1
cpt-2","ele-1:All FHIR elements must have a @value or children {hasValue() | (children().count() > id.count())}
"
"Location.telecom.value","","","",0,1,"","","Y","string {[]} {[]}
","The actual contact point details","The actual contact point details, in a form that is meaningful to the designated communication system (i.e. phone number or email address).","Additional text data such as phone extension numbers, or notes about use of the contact are sometimes included in the value.","Need to support legacy numbers that are not in a tightly controlled format.","","","","","","","",,,,,"",,,,"ContactPoint.value",0,1,"ele-1
","ele-1:All FHIR elements must have a @value or children {hasValue() | (children().count() > id.count())}
"
"Location.telecom.use","","","",0,1,"","Y","Y","code {[]} {[]}
","home | work | temp | old | mobile - purpose of this contact point","Identifies the purpose for the contact point.","This is labeled as ""Is Modifier"" because applications should not mistake a temporary or old contact etc.for a current/permanent one. Applications can assume that a contact is current unless it explicitly says that it is temporary or old.","Need to track the way a person uses this contact, so a user can choose which is appropriate for their purpose.","","","","","","","",,"required","Use of contact point","http://hl7.org/fhir/ValueSet/contact-point-use","",,,,"ContactPoint.use",0,1,"ele-1
","ele-1:All FHIR elements must have a @value or children {hasValue() | (children().count() > id.count())}
"
"Location.telecom.rank","","","",0,1,"","","Y","positiveInt {[]} {[]}
","Specify preferred order of use (1 = highest)","Specifies a preferred order in which to use a set of contacts. Contacts are ranked with lower values coming before higher values.","Note that rank does not necessarily follow the order in which the contacts are represented in the instance.","","","","","","","","",,,,,"",,,,"ContactPoint.rank",0,1,"ele-1
","ele-1:All FHIR elements must have a @value or children {hasValue() | (children().count() > id.count())}
"
"Location.telecom.period","","","",0,1,"","","Y","Period {[]} {[]}
","Time period when the contact point was/is in use","Time period when the contact point was/is in use.","This is not a duration - that's a measure of time (a separate type), but a duration that occurs at a fixed value of time. A Period specifies a range of time; the context of use will specify whether the entire range applies (e.g. ""the patient was an inpatient of the hospital for this time range"") or one value from the range applies (e.g. ""give to the patient between these two times""). If duration is required, specify the type as Interval|Duration.","","","","","","","","",,,,,"",,,,"ContactPoint.period",0,1,"ele-1
","ele-1:All FHIR elements must have a @value or children {hasValue() | (children().count() > id.count())}
per-1:If present, start SHALL have a lower value than end {start.empty() or end.empty() or (start <= end)}"
"Location.telecom.period.id","","","",0,1,"","","","string {[]} {[]}
","xml:id (or equivalent in JSON)","unique id for the element within a resource (for internal references). This may be any string value that does not contain spaces.","Note that FHIR strings may not exceed 1MB in size","","","","","","","","",,,,,"",,,,"Element.id",0,1,"ele-1
","ele-1:All FHIR elements must have a @value or children {hasValue() | (children().count() > id.count())}
"
"Location.telecom.period.extension","","extensions
user content","",0,*,"","","","Extension {[]} {[]}
","Additional Content defined by implementations","May be used to represent additional information that is not part of the basic definition of the element. In order to make the use of extensions safe and manageable, there is a strict set of governance  applied to the definition and use of extensions. Though any implementer is allowed to define an extension, there is a set of requirements that SHALL be met as part of the definition of the extension.","There can be no stigma associated with the use of extensions by any application, project, or standard - regardless of the institution or jurisdiction that uses or defines the extensions.  The use of extensions is what allows the FHIR specification to retain a core level of simplicity for everyone.","","","","","","","","",,,,,"","value:url}
","Extensions are always sliced by (at least) url",,"open","Element.extension",0,*,"ele-1
","ele-1:All FHIR elements must have a @value or children {hasValue() | (children().count() > id.count())}
ext-1:Must have either extensions or value[x], not both {extension.exists() != value.exists()}"
"Location.telecom.period.start","","","",0,1,"","","Y","dateTime {[]} {[]}
","Starting time with inclusive boundary","The start of the period. The boundary is inclusive.","If the low element is missing, the meaning is that the low boundary is not known.","","","","","","","","",,,,,"",,,,"Period.start",0,1,"ele-1
per-1","ele-1:All FHIR elements must have a @value or children {hasValue() | (children().count() > id.count())}
"
"Location.telecom.period.end","","","",0,1,"","","Y","dateTime {[]} {[]}
","End time with inclusive boundary, if not ongoing","The end of the period. If the end of the period is missing, it means that the period is ongoing. The start may be in the past, and the end date in the future, which means that period is expected/planned to end at that time.","The high value includes any matching date/time. i.e. 2012-02-03T10:00:00 is in a period that has a end value of 2012-02-03.","","","If the end of the period is missing, it means that the period is ongoing","","","","","",,,,,"",,,,"Period.end",0,1,"ele-1
per-1","ele-1:All FHIR elements must have a @value or children {hasValue() | (children().count() > id.count())}
"
"Location.address","","","",0,1,"","","","Address {[]} {[]}
","Physical location","Physical location.","This was kept as 0..1 as there is no use property on the address, so wouldn't be able to identify different address types.","If locations can be visited, we need to keep track of their address.","","","","","","","",,,,,"",,,,"Location.address",0,1,"ele-1
","ele-1:All FHIR elements must have a @value or children {hasValue() | (children().count() > id.count())}
"
"Location.address.id","","","",0,1,"","","","string {[]} {[]}
","xml:id (or equivalent in JSON)","unique id for the element within a resource (for internal references). This may be any string value that does not contain spaces.","Note that FHIR strings may not exceed 1MB in size","","","","","","","","",,,,,"",,,,"Element.id",0,1,"ele-1
","ele-1:All FHIR elements must have a @value or children {hasValue() | (children().count() > id.count())}
"
"Location.address.extension","","extensions
user content","",0,*,"","","","Extension {[]} {[]}
","Additional Content defined by implementations","May be used to represent additional information that is not part of the basic definition of the element. In order to make the use of extensions safe and manageable, there is a strict set of governance  applied to the definition and use of extensions. Though any implementer is allowed to define an extension, there is a set of requirements that SHALL be met as part of the definition of the extension.","There can be no stigma associated with the use of extensions by any application, project, or standard - regardless of the institution or jurisdiction that uses or defines the extensions.  The use of extensions is what allows the FHIR specification to retain a core level of simplicity for everyone.","","","","","","","","",,,,,"","value:url}
","Extensions are always sliced by (at least) url",,"open","Element.extension",0,*,"ele-1
","ele-1:All FHIR elements must have a @value or children {hasValue() | (children().count() > id.count())}
ext-1:Must have either extensions or value[x], not both {extension.exists() != value.exists()}"
"Location.address.use","","","",0,1,"","Y","Y","code {[]} {[]}
","home | work | temp | old - purpose of this address","The purpose of this address.","This is labeled as ""Is Modifier"" because applications should not mistake a temporary or old address etc.for a current/permanent one. Applications can assume that an address is current unless it explicitly says that it is temporary or old.","Allows an appropriate address to be chosen from a list of many.","","","","","<valueCode xmlns=""http://hl7.org/fhir"" value=""home""/>","","",,"required","The use of an address","http://hl7.org/fhir/ValueSet/address-use","",,,,"Address.use",0,1,"ele-1
","ele-1:All FHIR elements must have a @value or children {hasValue() | (children().count() > id.count())}
"
"Location.address.type","","","",0,1,"","","Y","code {[]} {[]}
","postal | physical | both","Distinguishes between physical addresses (those you can visit) and mailing addresses (e.g. PO Boxes and care-of addresses). Most addresses are both.","Note that FHIR strings may not exceed 1MB in size","","","","","","<valueCode xmlns=""http://hl7.org/fhir"" value=""both""/>","","",,"required","The type of an address (physical / postal)","http://hl7.org/fhir/ValueSet/address-type","",,,,"Address.type",0,1,"ele-1
","ele-1:All FHIR elements must have a @value or children {hasValue() | (children().count() > id.count())}
"
"Location.address.text","","","",0,1,"","","Y","string {[]} {[]}
","Text representation of the address","A full text representation of the address.","Can provide both a text representation and parts.","A renderable, unencoded form.","","","","","<valueString xmlns=""http://hl7.org/fhir"" value=""137 Nowhere Street, Erewhon 9132""/>","","",,,,,"",,,,"Address.text",0,1,"ele-1
","ele-1:All FHIR elements must have a @value or children {hasValue() | (children().count() > id.count())}
"
"Location.address.line","","","",0,*,"","","Y","string {[]} {[]}
","Street name, number, direction & P.O. Box etc.","This component contains the house number, apartment number, street name, street direction,  P.O. Box number, delivery hints, and similar address information.","Note that FHIR strings may not exceed 1MB in size","home | work | temp | old - purpose of this address.","","","","","<valueString xmlns=""http://hl7.org/fhir"" value=""137 Nowhere Street""/>","","",,,,,"",,,,"Address.line",0,*,"ele-1
","ele-1:All FHIR elements must have a @value or children {hasValue() | (children().count() > id.count())}
"
"Location.address.city","","Municpality
","",0,1,"","","Y","string {[]} {[]}
","Name of city, town etc.","The name of the city, town, village or other community or delivery center.","Note that FHIR strings may not exceed 1MB in size","","","","","","<valueString xmlns=""http://hl7.org/fhir"" value=""Erewhon""/>","","",,,,,"",,,,"Address.city",0,1,"ele-1
","ele-1:All FHIR elements must have a @value or children {hasValue() | (children().count() > id.count())}
"
"Location.address.district","","County
","",0,1,"","","Y","string {[]} {[]}
","District name (aka county)","The name of the administrative area (county).","District is sometimes known as county, but in some regions 'county' is used in place of city (municipality), so county name should be conveyed in city instead.","","","","","","<valueString xmlns=""http://hl7.org/fhir"" value=""Madison""/>","","",,,,,"",,,,"Address.district",0,1,"ele-1
","ele-1:All FHIR elements must have a @value or children {hasValue() | (children().count() > id.count())}
"
"Location.address.state","","Province
Territory","",0,1,"","","Y","string {[]} {[]}
","Sub-unit of country (abbreviations ok)","Sub-unit of a country with limited sovereignty in a federally organized country. A code may be used if codes are in common use (i.e. US 2 letter state codes).","Note that FHIR strings may not exceed 1MB in size","","","","","","","","",,,,,"",,,,"Address.state",0,1,"ele-1
","ele-1:All FHIR elements must have a @value or children {hasValue() | (children().count() > id.count())}
"
"Location.address.postalCode","","Zip
","",0,1,"","","Y","string {[]} {[]}
","Postal code for area","A postal code designating a region defined by the postal service.","Note that FHIR strings may not exceed 1MB in size","","","","","","<valueString xmlns=""http://hl7.org/fhir"" value=""9132""/>","","",,,,,"",,,,"Address.postalCode",0,1,"ele-1
","ele-1:All FHIR elements must have a @value or children {hasValue() | (children().count() > id.count())}
"
"Location.address.country","","","",0,1,"","","Y","string {[]} {[]}
","Country (e.g. can be ISO 3166 2 or 3 letter code)","Country - a nation as commonly understood or generally accepted.","ISO 3166 3 letter codes can be used in place of a full country name.","","","","","","","","",,,,,"",,,,"Address.country",0,1,"ele-1
","ele-1:All FHIR elements must have a @value or children {hasValue() | (children().count() > id.count())}
"
"Location.address.period","","","",0,1,"","","Y","Period {[]} {[]}
","Time period when address was/is in use","Time period when address was/is in use.","This is not a duration - that's a measure of time (a separate type), but a duration that occurs at a fixed value of time. A Period specifies a range of time; the context of use will specify whether the entire range applies (e.g. ""the patient was an inpatient of the hospital for this time range"") or one value from the range applies (e.g. ""give to the patient between these two times""). If duration is required, specify the type as Interval|Duration.","Allows addresses to be placed in historical context.","","","","","<valuePeriod xmlns=""http://hl7.org/fhir"">
  <start value=""2010-03-23T00:00:00+00:00""/>
  <end value=""2010-07-01T00:00:00+01:00""/>
</valuePeriod>","","",,,,,"",,,,"Address.period",0,1,"ele-1
","ele-1:All FHIR elements must have a @value or children {hasValue() | (children().count() > id.count())}
per-1:If present, start SHALL have a lower value than end {start.empty() or end.empty() or (start <= end)}"
"Location.address.period.id","","","",0,1,"","","","string {[]} {[]}
","xml:id (or equivalent in JSON)","unique id for the element within a resource (for internal references). This may be any string value that does not contain spaces.","Note that FHIR strings may not exceed 1MB in size","","","","","","","","",,,,,"",,,,"Element.id",0,1,"ele-1
","ele-1:All FHIR elements must have a @value or children {hasValue() | (children().count() > id.count())}
"
"Location.address.period.extension","","extensions
user content","",0,*,"","","","Extension {[]} {[]}
","Additional Content defined by implementations","May be used to represent additional information that is not part of the basic definition of the element. In order to make the use of extensions safe and manageable, there is a strict set of governance  applied to the definition and use of extensions. Though any implementer is allowed to define an extension, there is a set of requirements that SHALL be met as part of the definition of the extension.","There can be no stigma associated with the use of extensions by any application, project, or standard - regardless of the institution or jurisdiction that uses or defines the extensions.  The use of extensions is what allows the FHIR specification to retain a core level of simplicity for everyone.","","","","","","","","",,,,,"","value:url}
","Extensions are always sliced by (at least) url",,"open","Element.extension",0,*,"ele-1
","ele-1:All FHIR elements must have a @value or children {hasValue() | (children().count() > id.count())}
ext-1:Must have either extensions or value[x], not both {extension.exists() != value.exists()}"
"Location.address.period.start","","","",0,1,"","","Y","dateTime {[]} {[]}
","Starting time with inclusive boundary","The start of the period. The boundary is inclusive.","If the low element is missing, the meaning is that the low boundary is not known.","","","","","","","","",,,,,"",,,,"Period.start",0,1,"ele-1
per-1","ele-1:All FHIR elements must have a @value or children {hasValue() | (children().count() > id.count())}
"
"Location.address.period.end","","","",0,1,"","","Y","dateTime {[]} {[]}
","End time with inclusive boundary, if not ongoing","The end of the period. If the end of the period is missing, it means that the period is ongoing. The start may be in the past, and the end date in the future, which means that period is expected/planned to end at that time.","The high value includes any matching date/time. i.e. 2012-02-03T10:00:00 is in a period that has a end value of 2012-02-03.","","","If the end of the period is missing, it means that the period is ongoing","","","","","",,,,,"",,,,"Period.end",0,1,"ele-1
per-1","ele-1:All FHIR elements must have a @value or children {hasValue() | (children().count() > id.count())}
"
"Location.physicalType","","","",0,1,"","","Y","CodeableConcept {[]} {[]}
","Physical form of the location","Physical form of the location, e.g. building, room, vehicle, road.","Not all terminology uses fit this general pattern. In some cases, models should not use CodeableConcept and use Coding directly and provide their own structure for managing text, codings, translations and the relationship between elements and pre- and post-coordination.","For purposes of showing relevant locations in queries, we need to categorize locations.","","","","","","","",,"example","Physical form of the location","http://hl7.org/fhir/ValueSet/location-physical-type","",,,,"Location.physicalType",0,1,"ele-1
","ele-1:All FHIR elements must have a @value or children {hasValue() | (children().count() > id.count())}
"
"Location.physicalType.id","","","",0,1,"","","","string {[]} {[]}
","xml:id (or equivalent in JSON)","unique id for the element within a resource (for internal references). This may be any string value that does not contain spaces.","Note that FHIR strings may not exceed 1MB in size","","","","","","","","",,,,,"",,,,"Element.id",0,1,"ele-1
","ele-1:All FHIR elements must have a @value or children {hasValue() | (children().count() > id.count())}
"
"Location.physicalType.extension","","extensions
user content","",0,*,"","","","Extension {[]} {[]}
","Additional Content defined by implementations","May be used to represent additional information that is not part of the basic definition of the element. In order to make the use of extensions safe and manageable, there is a strict set of governance  applied to the definition and use of extensions. Though any implementer is allowed to define an extension, there is a set of requirements that SHALL be met as part of the definition of the extension.","There can be no stigma associated with the use of extensions by any application, project, or standard - regardless of the institution or jurisdiction that uses or defines the extensions.  The use of extensions is what allows the FHIR specification to retain a core level of simplicity for everyone.","","","","","","","","",,,,,"","value:url}
","Extensions are always sliced by (at least) url",,"open","Element.extension",0,*,"ele-1
","ele-1:All FHIR elements must have a @value or children {hasValue() | (children().count() > id.count())}
ext-1:Must have either extensions or value[x], not both {extension.exists() != value.exists()}"
"Location.physicalType.coding","","","",0,*,"","","Y","Coding {[]} {[]}
","Code defined by a terminology system","A reference to a code defined by a terminology system.","Codes may be defined very casually in enumerations, or code lists, up to very formal definitions such as SNOMED CT - see the HL7 v3 Core Principles for more information.  Ordering of codings is undefined and SHALL NOT be used to infer meaning. Generally, at most only one of the coding values will be labeled as UserSelected = true.","Allows for translations and alternate encodings within a code system.  Also supports communication of the same instance to systems requiring different encodings.","","","","","","","",,,,,"",,,,"CodeableConcept.coding",0,*,"ele-1
","ele-1:All FHIR elements must have a @value or children {hasValue() | (children().count() > id.count())}
"
"Location.physicalType.coding.id","","","",0,1,"","","","string {[]} {[]}
","xml:id (or equivalent in JSON)","unique id for the element within a resource (for internal references). This may be any string value that does not contain spaces.","Note that FHIR strings may not exceed 1MB in size","","","","","","","","",,,,,"",,,,"Element.id",0,1,"ele-1
","ele-1:All FHIR elements must have a @value or children {hasValue() | (children().count() > id.count())}
"
"Location.physicalType.coding.extension","","extensions
user content","",0,*,"","","","Extension {[]} {[]}
","Additional Content defined by implementations","May be used to represent additional information that is not part of the basic definition of the element. In order to make the use of extensions safe and manageable, there is a strict set of governance  applied to the definition and use of extensions. Though any implementer is allowed to define an extension, there is a set of requirements that SHALL be met as part of the definition of the extension.","There can be no stigma associated with the use of extensions by any application, project, or standard - regardless of the institution or jurisdiction that uses or defines the extensions.  The use of extensions is what allows the FHIR specification to retain a core level of simplicity for everyone.","","","","","","","","",,,,,"","value:url}
","Extensions are always sliced by (at least) url",,"open","Element.extension",0,*,"ele-1
","ele-1:All FHIR elements must have a @value or children {hasValue() | (children().count() > id.count())}
ext-1:Must have either extensions or value[x], not both {extension.exists() != value.exists()}"
"Location.physicalType.coding.system","","","",0,1,"","","Y","uri {[]} {[]}
","Identity of the terminology system","The identification of the code system that defines the meaning of the symbol in the code.","The URI may be an OID (urn:oid:...) or a UUID (urn:uuid:...).  OIDs and UUIDs SHALL be references to the HL7 OID registry. Otherwise, the URI should come from HL7's list of FHIR defined special URIs or it should de-reference to some definition that establish the system clearly and unambiguously.","Need to be unambiguous about the source of the definition of the symbol.","","","","","","","",,,,,"",,,,"Coding.system",0,1,"ele-1
","ele-1:All FHIR elements must have a @value or children {hasValue() | (children().count() > id.count())}
"
"Location.physicalType.coding.version","","","",0,1,"","","Y","string {[]} {[]}
","Version of the system - if relevant","The version of the code system which was used when choosing this code. Note that a well-maintained code system does not need the version reported, because the meaning of codes is consistent across versions. However this cannot consistently be assured. and when the meaning is not guaranteed to be consistent, the version SHOULD be exchanged.","Where the terminology does not clearly define what string should be used to identify code system versions, the recommendation is to use the date (expressed in FHIR date format) on which that version was officially published as the version date.","","","","","","","","",,,,,"",,,,"Coding.version",0,1,"ele-1
","ele-1:All FHIR elements must have a @value or children {hasValue() | (children().count() > id.count())}
"
"Location.physicalType.coding.code","","","",0,1,"","","Y","code {[]} {[]}
","Symbol in syntax defined by the system","A symbol in syntax defined by the system. The symbol may be a predefined code or an expression in a syntax defined by the coding system (e.g. post-coordination).","Note that FHIR strings may not exceed 1MB in size","Need to refer to a particular code in the system.","","","","","","","",,,,,"",,,,"Coding.code",0,1,"ele-1
","ele-1:All FHIR elements must have a @value or children {hasValue() | (children().count() > id.count())}
"
"Location.physicalType.coding.display","","","",0,1,"","","Y","string {[]} {[]}
","Representation defined by the system","A representation of the meaning of the code in the system, following the rules of the system.","Note that FHIR strings may not exceed 1MB in size","Need to be able to carry a human-readable meaning of the code for readers that do not know  the system.","","","","","","","",,,,,"",,,,"Coding.display",0,1,"ele-1
","ele-1:All FHIR elements must have a @value or children {hasValue() | (children().count() > id.count())}
"
"Location.physicalType.coding.userSelected","","","",0,1,"","","Y","boolean {[]} {[]}
","If this coding was chosen directly by the user","Indicates that this coding was chosen by a user directly - i.e. off a pick list of available items (codes or displays).","Amongst a set of alternatives, a directly chosen code is the most appropriate starting point for new translations. There is some ambiguity about what exactly 'directly chosen' implies, and trading partner agreement may be needed to clarify the use of this element and its consequences more completely.","This has been identified as a clinical safety criterium - that this exact system/code pair was chosen explicitly, rather than inferred by the system based on some rules or language processing.","","","","","","","",,,,,"",,,,"Coding.userSelected",0,1,"ele-1
","ele-1:All FHIR elements must have a @value or children {hasValue() | (children().count() > id.count())}
"
"Location.physicalType.text","","","",0,1,"","","Y","string {[]} {[]}
","Plain text representation of the concept","A human language representation of the concept as seen/selected/uttered by the user who entered the data and/or which represents the intended meaning of the user.","Very often the text is the same as a displayName of one of the codings.","The codes from the terminologies do not always capture the correct meaning with all the nuances of the human using them, or sometimes there is no appropriate code at all. In these cases, the text is used to capture the full meaning of the source.","","","","","","","",,,,,"",,,,"CodeableConcept.text",0,1,"ele-1
","ele-1:All FHIR elements must have a @value or children {hasValue() | (children().count() > id.count())}
"
"Location.position","","","",0,1,"","","","BackboneElement {[]} {[]}
","The absolute geographic location","The absolute geographic location of the Location, expressed using the WGS84 datum (This is the same co-ordinate system used in KML).","","For mobile applications and automated route-finding knowing the exact location of the Location is required.","","","","","","","",,,,,"",,,,"Location.position",0,1,"ele-1
","ele-1:All FHIR elements must have a @value or children {hasValue() | (children().count() > id.count())}
"
"Location.position.id","","","",0,1,"","","","string {[]} {[]}
","xml:id (or equivalent in JSON)","unique id for the element within a resource (for internal references). This may be any string value that does not contain spaces.","Note that FHIR strings may not exceed 1MB in size","","","","","","","","",,,,,"",,,,"Element.id",0,1,"ele-1
","ele-1:All FHIR elements must have a @value or children {hasValue() | (children().count() > id.count())}
"
"Location.position.extension","","extensions
user content","",0,*,"","","","Extension {[]} {[]}
","Additional Content defined by implementations","May be used to represent additional information that is not part of the basic definition of the element. In order to make the use of extensions safe and manageable, there is a strict set of governance  applied to the definition and use of extensions. Though any implementer is allowed to define an extension, there is a set of requirements that SHALL be met as part of the definition of the extension.","There can be no stigma associated with the use of extensions by any application, project, or standard - regardless of the institution or jurisdiction that uses or defines the extensions.  The use of extensions is what allows the FHIR specification to retain a core level of simplicity for everyone.","","","","","","","","",,,,,"","value:url}
","Extensions are always sliced by (at least) url",,"open","Element.extension",0,*,"ele-1
","ele-1:All FHIR elements must have a @value or children {hasValue() | (children().count() > id.count())}
ext-1:Must have either extensions or value[x], not both {extension.exists() != value.exists()}"
"Location.position.modifierExtension","","extensions
user contentmodifiers","",0,*,"","Y","Y","Extension {[]} {[]}
","Extensions that cannot be ignored","May be used to represent additional information that is not part of the basic definition of the element, and that modifies the understanding of the element that contains it. Usually modifier elements provide negation or qualification. In order to make the use of extensions safe and manageable, there is a strict set of governance applied to the definition and use of extensions. Though any implementer is allowed to define an extension, there is a set of requirements that SHALL be met as part of the definition of the extension. Applications processing a resource are required to check for modifier extensions.","There can be no stigma associated with the use of extensions by any application, project, or standard - regardless of the institution or jurisdiction that uses or defines the extensions.  The use of extensions is what allows the FHIR specification to retain a core level of simplicity for everyone.","","","","","","","","",,,,,"",,,,"BackboneElement.modifierExtension",0,*,"ele-1
","ele-1:All FHIR elements must have a @value or children {hasValue() | (children().count() > id.count())}
ext-1:Must have either extensions or value[x], not both {extension.exists() != value.exists()}"
"Location.position.longitude","","","",1,1,"","","","decimal {[]} {[]}
","Longitude with WGS84 datum","Longitude. The value domain and the interpretation are the same as for the text of the longitude element in KML (see notes below).","Do not use a IEEE type floating point type, instead use something that works like a true decimal, with inbuilt precision (e.g. Java BigInteger)","","","","","","","","",,,,,"",,,,"Location.position.longitude",1,1,"ele-1
","ele-1:All FHIR elements must have a @value or children {hasValue() | (children().count() > id.count())}
"
"Location.position.latitude","","","",1,1,"","","","decimal {[]} {[]}
","Latitude with WGS84 datum","Latitude. The value domain and the interpretation are the same as for the text of the latitude element in KML (see notes below).","Do not use a IEEE type floating point type, instead use something that works like a true decimal, with inbuilt precision (e.g. Java BigInteger)","","","","","","","","",,,,,"",,,,"Location.position.latitude",1,1,"ele-1
","ele-1:All FHIR elements must have a @value or children {hasValue() | (children().count() > id.count())}
"
"Location.position.altitude","","","",0,1,"","","","decimal {[]} {[]}
","Altitude with WGS84 datum","Altitude. The value domain and the interpretation are the same as for the text of the altitude element in KML (see notes below).","Do not use a IEEE type floating point type, instead use something that works like a true decimal, with inbuilt precision (e.g. Java BigInteger)","","","","","","","","",,,,,"",,,,"Location.position.altitude",0,1,"ele-1
","ele-1:All FHIR elements must have a @value or children {hasValue() | (children().count() > id.count())}
"
"Location.managingOrganization","","","",0,1,"","","Y","Reference {[]} {[CanonicalType[https://fhir.hl7.org.uk/STU3/StructureDefinition/CareConnect-Organization-1]]}
","Organization responsible for provisioning and upkeep","The organization responsible for the provisioning and upkeep of the location.","This can also be used as the part of the organization hierarchy where this location provides services. These services can be defined through the HealthcareService resource.","Need to know who manages the location.","","","","","","","",,,,,"",,,,"Location.managingOrganization",0,1,"ele-1
","ele-1:All FHIR elements must have a @value or children {hasValue() | (children().count() > id.count())}
ref-1:SHALL have a contained resource if a local reference is provided {reference.startsWith('#').not() or (reference.substring(1).trace('url') in %resource.contained.id.trace('ids'))}"
"Location.managingOrganization.id","","","",0,1,"","","","string {[]} {[]}
","xml:id (or equivalent in JSON)","unique id for the element within a resource (for internal references). This may be any string value that does not contain spaces.","Note that FHIR strings may not exceed 1MB in size","","","","","","","","",,,,,"",,,,"Element.id",0,1,"ele-1
","ele-1:All FHIR elements must have a @value or children {hasValue() | (children().count() > id.count())}
"
"Location.managingOrganization.extension","","extensions
user content","",0,*,"","","","Extension {[]} {[]}
","Additional Content defined by implementations","May be used to represent additional information that is not part of the basic definition of the element. In order to make the use of extensions safe and manageable, there is a strict set of governance  applied to the definition and use of extensions. Though any implementer is allowed to define an extension, there is a set of requirements that SHALL be met as part of the definition of the extension.","There can be no stigma associated with the use of extensions by any application, project, or standard - regardless of the institution or jurisdiction that uses or defines the extensions.  The use of extensions is what allows the FHIR specification to retain a core level of simplicity for everyone.","","","","","","","","",,,,,"","value:url}
","Extensions are always sliced by (at least) url",,"open","Element.extension",0,*,"ele-1
","ele-1:All FHIR elements must have a @value or children {hasValue() | (children().count() > id.count())}
ext-1:Must have either extensions or value[x], not both {extension.exists() != value.exists()}"
"Location.managingOrganization.reference","","","",0,1,"","","Y","string {[]} {[]}
","Literal reference, Relative, internal or absolute URL","A reference to a location at which the other resource is found. The reference may be a relative reference, in which case it is relative to the service base URL, or an absolute URL that resolves to the location where the resource is found. The reference may be version specific or not. If the reference is not to a FHIR RESTful server, then it should be assumed to be version specific. Internal fragment references (start with '#') refer to contained resources.","Using absolute URLs provides a stable scalable approach suitable for a cloud/web context, while using relative/logical references provides a flexible approach suitable for use when trading across closed eco-system boundaries.   Absolute URLs do not need to point to a FHIR RESTful server, though this is the preferred approach. If the URL conforms to the structure ""/[type]/[id]"" then it should be assumed that the reference is to a FHIR RESTful server.","","","","","","","","",,,,,"",,,,"Reference.reference",0,1,"ele-1
ref-1","ele-1:All FHIR elements must have a @value or children {hasValue() | (children().count() > id.count())}
"
"Location.managingOrganization.identifier","","","",0,1,"","","Y","Identifier {[]} {[]}
","Logical reference, when literal reference is not known","An identifier for the other resource. This is used when there is no way to reference the other resource directly, either because the entity is not available through a FHIR server, or because there is no way for the author of the resource to convert a known identifier to an actual location. There is no requirement that a Reference.identifier point to something that is actually exposed as a FHIR instance, but it SHALL point to a business concept that would be expected to be exposed as a FHIR instance, and that instance would need to be of a FHIR resource type allowed by the reference.","When an identifier is provided in place of a reference, any system processing the reference will only be able to resolve the identifier to a reference if it understands the business context in which the identifier is used. Sometimes this is global (e.g. a national identifier) but often it is not. For this reason, none of the useful mechanisms described for working with references (e.g. chaining, includes) are possible, nor should servers be expected to be able resolve the reference. Servers may accept an identifier based reference untouched, resolve it, and/or reject it - see CapabilityStatement.rest.resource.referencePolicy.   When both an identifier and a literal reference are provided, the literal reference is preferred. Applications processing the resource are allowed - but not required - to check that the identifier matches the literal reference  Applications converting a logical reference to a literal reference may choose to leave the logical reference present, or remove it.","","","","","","","","",,,,,"",,,,"Reference.identifier",0,1,"ele-1
","ele-1:All FHIR elements must have a @value or children {hasValue() | (children().count() > id.count())}
"
"Location.managingOrganization.display","","","",0,1,"","","Y","string {[]} {[]}
","Text alternative for the resource","Plain text narrative that identifies the resource in addition to the resource reference.","This is generally not the same as the Resource.text of the referenced resource.  The purpose is to identify what's being referenced, not to fully describe it.","","","","","","","","",,,,,"",,,,"Reference.display",0,1,"ele-1
","ele-1:All FHIR elements must have a @value or children {hasValue() | (children().count() > id.count())}
"
"Location.partOf","","","",0,1,"","","","Reference {[]} {[CanonicalType[https://fhir.hl7.org.uk/STU3/StructureDefinition/CareConnect-Location-1]]}
","Another Location this one is physically part of","Another Location which this Location is physically part of.","References SHALL be a reference to an actual FHIR resource, and SHALL be resolveable (allowing for access control, temporary unavailability, etc). Resolution can be either by retrieval from the URL, or, where applicable by resource type, by treating an absolute reference as a canonical URL and looking it up in a local registry/repository.","For purposes of location, display and identification, knowing which locations are located within other locations is important.","","","","","","","",,,,,"",,,,"Location.partOf",0,1,"ele-1
","ele-1:All FHIR elements must have a @value or children {hasValue() | (children().count() > id.count())}
ref-1:SHALL have a contained resource if a local reference is provided {reference.startsWith('#').not() or (reference.substring(1).trace('url') in %resource.contained.id.trace('ids'))}"
"Location.partOf.id","","","",0,1,"","","","string {[]} {[]}
","xml:id (or equivalent in JSON)","unique id for the element within a resource (for internal references). This may be any string value that does not contain spaces.","Note that FHIR strings may not exceed 1MB in size","","","","","","","","",,,,,"",,,,"Element.id",0,1,"ele-1
","ele-1:All FHIR elements must have a @value or children {hasValue() | (children().count() > id.count())}
"
"Location.partOf.extension","","extensions
user content","",0,*,"","","","Extension {[]} {[]}
","Additional Content defined by implementations","May be used to represent additional information that is not part of the basic definition of the element. In order to make the use of extensions safe and manageable, there is a strict set of governance  applied to the definition and use of extensions. Though any implementer is allowed to define an extension, there is a set of requirements that SHALL be met as part of the definition of the extension.","There can be no stigma associated with the use of extensions by any application, project, or standard - regardless of the institution or jurisdiction that uses or defines the extensions.  The use of extensions is what allows the FHIR specification to retain a core level of simplicity for everyone.","","","","","","","","",,,,,"","value:url}
","Extensions are always sliced by (at least) url",,"open","Element.extension",0,*,"ele-1
","ele-1:All FHIR elements must have a @value or children {hasValue() | (children().count() > id.count())}
ext-1:Must have either extensions or value[x], not both {extension.exists() != value.exists()}"
"Location.partOf.reference","","","",0,1,"","","Y","string {[]} {[]}
","Literal reference, Relative, internal or absolute URL","A reference to a location at which the other resource is found. The reference may be a relative reference, in which case it is relative to the service base URL, or an absolute URL that resolves to the location where the resource is found. The reference may be version specific or not. If the reference is not to a FHIR RESTful server, then it should be assumed to be version specific. Internal fragment references (start with '#') refer to contained resources.","Using absolute URLs provides a stable scalable approach suitable for a cloud/web context, while using relative/logical references provides a flexible approach suitable for use when trading across closed eco-system boundaries.   Absolute URLs do not need to point to a FHIR RESTful server, though this is the preferred approach. If the URL conforms to the structure ""/[type]/[id]"" then it should be assumed that the reference is to a FHIR RESTful server.","","","","","","","","",,,,,"",,,,"Reference.reference",0,1,"ele-1
ref-1","ele-1:All FHIR elements must have a @value or children {hasValue() | (children().count() > id.count())}
"
"Location.partOf.identifier","","","",0,1,"","","Y","Identifier {[]} {[]}
","Logical reference, when literal reference is not known","An identifier for the other resource. This is used when there is no way to reference the other resource directly, either because the entity is not available through a FHIR server, or because there is no way for the author of the resource to convert a known identifier to an actual location. There is no requirement that a Reference.identifier point to something that is actually exposed as a FHIR instance, but it SHALL point to a business concept that would be expected to be exposed as a FHIR instance, and that instance would need to be of a FHIR resource type allowed by the reference.","When an identifier is provided in place of a reference, any system processing the reference will only be able to resolve the identifier to a reference if it understands the business context in which the identifier is used. Sometimes this is global (e.g. a national identifier) but often it is not. For this reason, none of the useful mechanisms described for working with references (e.g. chaining, includes) are possible, nor should servers be expected to be able resolve the reference. Servers may accept an identifier based reference untouched, resolve it, and/or reject it - see CapabilityStatement.rest.resource.referencePolicy.   When both an identifier and a literal reference are provided, the literal reference is preferred. Applications processing the resource are allowed - but not required - to check that the identifier matches the literal reference  Applications converting a logical reference to a literal reference may choose to leave the logical reference present, or remove it.","","","","","","","","",,,,,"",,,,"Reference.identifier",0,1,"ele-1
","ele-1:All FHIR elements must have a @value or children {hasValue() | (children().count() > id.count())}
"
"Location.partOf.display","","","",0,1,"","","Y","string {[]} {[]}
","Text alternative for the resource","Plain text narrative that identifies the resource in addition to the resource reference.","This is generally not the same as the Resource.text of the referenced resource.  The purpose is to identify what's being referenced, not to fully describe it.","","","","","","","","",,,,,"",,,,"Reference.display",0,1,"ele-1
","ele-1:All FHIR elements must have a @value or children {hasValue() | (children().count() > id.count())}
"
"Location.endpoint","","","",0,*,"","","","Reference {[]} {[CanonicalType[http://hl7.org/fhir/StructureDefinition/Endpoint]]}
","Technical endpoints providing access to services operated for the location","Technical endpoints providing access to services operated for the location.","References SHALL be a reference to an actual FHIR resource, and SHALL be resolveable (allowing for access control, temporary unavailability, etc). Resolution can be either by retrieval from the URL, or, where applicable by resource type, by treating an absolute reference as a canonical URL and looking it up in a local registry/repository.","Organizations may have different systems at different locations that provide various services and need to be able to define the technical connection details for how to connect to them, and for what purpose.","","","","","","","",,,,,"",,,,"Location.endpoint",0,*,"ele-1
","ele-1:All FHIR elements must have a @value or children {hasValue() | (children().count() > id.count())}
ref-1:SHALL have a contained resource if a local reference is provided {reference.startsWith('#').not() or (reference.substring(1).trace('url') in %resource.contained.id.trace('ids'))}"
"Location.endpoint.id","","","",0,1,"","","","string {[]} {[]}
","xml:id (or equivalent in JSON)","unique id for the element within a resource (for internal references). This may be any string value that does not contain spaces.","Note that FHIR strings may not exceed 1MB in size","","","","","","","","",,,,,"",,,,"Element.id",0,1,"ele-1
","ele-1:All FHIR elements must have a @value or children {hasValue() | (children().count() > id.count())}
"
"Location.endpoint.extension","","extensions
user content","",0,*,"","","","Extension {[]} {[]}
","Additional Content defined by implementations","May be used to represent additional information that is not part of the basic definition of the element. In order to make the use of extensions safe and manageable, there is a strict set of governance  applied to the definition and use of extensions. Though any implementer is allowed to define an extension, there is a set of requirements that SHALL be met as part of the definition of the extension.","There can be no stigma associated with the use of extensions by any application, project, or standard - regardless of the institution or jurisdiction that uses or defines the extensions.  The use of extensions is what allows the FHIR specification to retain a core level of simplicity for everyone.","","","","","","","","",,,,,"","value:url}
","Extensions are always sliced by (at least) url",,"open","Element.extension",0,*,"ele-1
","ele-1:All FHIR elements must have a @value or children {hasValue() | (children().count() > id.count())}
ext-1:Must have either extensions or value[x], not both {extension.exists() != value.exists()}"
"Location.endpoint.reference","","","",0,1,"","","Y","string {[]} {[]}
","Literal reference, Relative, internal or absolute URL","A reference to a location at which the other resource is found. The reference may be a relative reference, in which case it is relative to the service base URL, or an absolute URL that resolves to the location where the resource is found. The reference may be version specific or not. If the reference is not to a FHIR RESTful server, then it should be assumed to be version specific. Internal fragment references (start with '#') refer to contained resources.","Using absolute URLs provides a stable scalable approach suitable for a cloud/web context, while using relative/logical references provides a flexible approach suitable for use when trading across closed eco-system boundaries.   Absolute URLs do not need to point to a FHIR RESTful server, though this is the preferred approach. If the URL conforms to the structure ""/[type]/[id]"" then it should be assumed that the reference is to a FHIR RESTful server.","","","","","","","","",,,,,"",,,,"Reference.reference",0,1,"ele-1
ref-1","ele-1:All FHIR elements must have a @value or children {hasValue() | (children().count() > id.count())}
"
"Location.endpoint.identifier","","","",0,1,"","","Y","Identifier {[]} {[]}
","Logical reference, when literal reference is not known","An identifier for the other resource. This is used when there is no way to reference the other resource directly, either because the entity is not available through a FHIR server, or because there is no way for the author of the resource to convert a known identifier to an actual location. There is no requirement that a Reference.identifier point to something that is actually exposed as a FHIR instance, but it SHALL point to a business concept that would be expected to be exposed as a FHIR instance, and that instance would need to be of a FHIR resource type allowed by the reference.","When an identifier is provided in place of a reference, any system processing the reference will only be able to resolve the identifier to a reference if it understands the business context in which the identifier is used. Sometimes this is global (e.g. a national identifier) but often it is not. For this reason, none of the useful mechanisms described for working with references (e.g. chaining, includes) are possible, nor should servers be expected to be able resolve the reference. Servers may accept an identifier based reference untouched, resolve it, and/or reject it - see CapabilityStatement.rest.resource.referencePolicy.   When both an identifier and a literal reference are provided, the literal reference is preferred. Applications processing the resource are allowed - but not required - to check that the identifier matches the literal reference  Applications converting a logical reference to a literal reference may choose to leave the logical reference present, or remove it.","","","","","","","","",,,,,"",,,,"Reference.identifier",0,1,"ele-1
","ele-1:All FHIR elements must have a @value or children {hasValue() | (children().count() > id.count())}
"
"Location.endpoint.display","","","",0,1,"","","Y","string {[]} {[]}
","Text alternative for the resource","Plain text narrative that identifies the resource in addition to the resource reference.","This is generally not the same as the Resource.text of the referenced resource.  The purpose is to identify what's being referenced, not to fully describe it.","","","","","","","","",,,,,"",,,,"Reference.display",0,1,"ele-1
","ele-1:All FHIR elements must have a @value or children {hasValue() | (children().count() > id.count())}
"
