{
  "resourceType": "CodeSystem",
  "id": "CareConnect-MedicationFlag-1",
  "text": {
    "status": "generated",
    "div": "<div xmlns=\"http://www.w3.org/1999/xhtml\"><h2>Care Connect Medication Flag</h2><div><p>A CodeSystem to identify detail codes for flagged medication issues.</p>\n</div><p><b>Copyright Statement:</b> Copyright © 2016 HL7 UK</p><p>This code system https://fhir.hl7.org.uk/STU3/CodeSystem/CareConnect-MedicationFlag-1 defines the following codes:</p><table class=\"codes\"><tr><td style=\"white-space:nowrap\"><b>Code</b></td><td><b>Display</b></td><td><b>Definition</b></td></tr><tr><td style=\"white-space:nowrap\">do-not-discontinue<a name=\"CareConnect-MedicationFlag-1-do-not-discontinue\"> </a></td><td>Do Not discontinue Medication</td><td/></tr><tr><td style=\"white-space:nowrap\">continue-indefinitely<a name=\"CareConnect-MedicationFlag-1-continue-indefinitely\"> </a></td><td>Continue Indefinitely</td><td/></tr></table></div>"
  },
  "url": "https://fhir.hl7.org.uk/STU3/CodeSystem/CareConnect-MedicationFlag-1",
  "version": "3.0.0",
  "name": "Care Connect Medication Flag",
  "status": "draft",
  "date": "2017-08-01T01:00:00+01:00",
  "publisher": "HL7 UK",
  "contact": [
    {
      "telecom": [
        {
          "system": "other",
          "value": "http://hl7.org/Special/committees/[something]"
        }
      ]
    }
  ],
  "description": "A CodeSystem to identify detail codes for flagged medication issues.",
  "jurisdiction": [
    {
      "coding": [
        {
          "system": "http://unstats.un.org/unsd/methods/m49/m49.htm",
          "code": "826"
        }
      ]
    }
  ],
  "copyright": "Copyright © 2016 HL7 UK",
  "caseSensitive": true,
  "content": "complete",
  "concept": [
    {
      "code": "do-not-discontinue",
      "display": "Do Not discontinue Medication"
    },
    {
      "code": "continue-indefinitely",
      "display": "Continue Indefinitely"
    }
  ]
}