{
  "resourceType": "CodeSystem",
  "id": "CareConnect-MedicationSupplyType-1",
  "text": {
    "status": "generated",
    "div": "<div xmlns=\"http://www.w3.org/1999/xhtml\"><h2>Care Connect Medication Supply Type</h2><div><p>A CodeSystem to identify the type of medication supply.</p>\n</div><p><b>Copyright Statement:</b> Copyright © 2016 HL7 UK</p><p>This code system https://fhir.hl7.org.uk/STU3/CodeSystem/CareConnect-MedicationSupplyType-1 defines the following codes:</p><table class=\"codes\"><tr><td style=\"white-space:nowrap\"><b>Code</b></td><td><b>Display</b></td><td><b>Definition</b></td></tr><tr><td style=\"white-space:nowrap\">over-the-counter<a name=\"CareConnect-MedicationSupplyType-1-over-the-counter\"> </a></td><td>Over the counter</td><td/></tr><tr><td style=\"white-space:nowrap\">emergency-supply<a name=\"CareConnect-MedicationSupplyType-1-emergency-supply\"> </a></td><td>Emergency supply</td><td/></tr><tr><td style=\"white-space:nowrap\">patient-group-direction<a name=\"CareConnect-MedicationSupplyType-1-patient-group-direction\"> </a></td><td>Patient group direction</td><td/></tr><tr><td style=\"white-space:nowrap\">minor-ailments-scheme<a name=\"CareConnect-MedicationSupplyType-1-minor-ailments-scheme\"> </a></td><td>Minor ailments scheme</td><td/></tr><tr><td style=\"white-space:nowrap\">prescription-dispensing<a name=\"CareConnect-MedicationSupplyType-1-prescription-dispensing\"> </a></td><td>Prescription dispensing</td><td/></tr><tr><td style=\"white-space:nowrap\">private-prescription-dispensing<a name=\"CareConnect-MedicationSupplyType-1-private-prescription-dispensing\"> </a></td><td>Private prescription dispensing</td><td/></tr><tr><td style=\"white-space:nowrap\">self-declared<a name=\"CareConnect-MedicationSupplyType-1-self-declared\"> </a></td><td>Self declared</td><td/></tr></table></div>"
  },
  "url": "https://fhir.hl7.org.uk/STU3/CodeSystem/CareConnect-MedicationSupplyType-1",
  "version": "3.0.0",
  "name": "Care Connect Medication Supply Type",
  "status": "draft",
  "date": "2018-07-11T01:00:00+01:00",
  "publisher": "HL7 UK",
  "contact": [
    {
      "telecom": [
        {
          "system": "other",
          "value": "http://hl7.org/Special/committees/[something]"
        }
      ]
    }
  ],
  "description": "A CodeSystem to identify the type of medication supply.",
  "jurisdiction": [
    {
      "coding": [
        {
          "system": "http://unstats.un.org/unsd/methods/m49/m49.htm",
          "code": "826"
        }
      ]
    }
  ],
  "copyright": "Copyright © 2016 HL7 UK",
  "caseSensitive": true,
  "content": "complete",
  "concept": [
    {
      "code": "over-the-counter",
      "display": "Over the counter"
    },
    {
      "code": "emergency-supply",
      "display": "Emergency supply"
    },
    {
      "code": "patient-group-direction",
      "display": "Patient group direction"
    },
    {
      "code": "minor-ailments-scheme",
      "display": "Minor ailments scheme"
    },
    {
      "code": "prescription-dispensing",
      "display": "Prescription dispensing"
    },
    {
      "code": "private-prescription-dispensing",
      "display": "Private prescription dispensing"
    },
    {
      "code": "self-declared",
      "display": "Self declared"
    }
  ]
}