{
  "resourceType": "CodeSystem",
  "id": "CareConnect-DeathNotificationStatus-1",
  "text": {
    "status": "generated",
    "div": "<div xmlns=\"http://www.w3.org/1999/xhtml\"><h2>Care Connect Death Notification Status</h2><div><p>A CodeSystem to identify the type of death notice as held on Personal Demographics Service (PDS).</p>\n</div><p><b>Copyright Statement:</b> Copyright © 2016 HL7 UK</p><p>This code system https://fhir.hl7.org.uk/STU3/CodeSystem/CareConnect-DeathNotificationStatus-1 defines the following codes:</p><table class=\"codes\"><tr><td style=\"white-space:nowrap\"><b>Code</b></td><td><b>Display</b></td><td><b>Definition</b></td></tr><tr><td style=\"white-space:nowrap\">1<a name=\"CareConnect-DeathNotificationStatus-1-1\"> </a></td><td>Informal - death notice received via an update from a local NHS Organisation such as GP or Trust</td><td/></tr><tr><td style=\"white-space:nowrap\">2<a name=\"CareConnect-DeathNotificationStatus-1-2\"> </a></td><td>Formal - death notice received from Registrar of Deaths</td><td/></tr><tr><td style=\"white-space:nowrap\">U<a name=\"CareConnect-DeathNotificationStatus-1-U\"> </a></td><td>Removed</td><td/></tr></table></div>"
  },
  "url": "https://fhir.hl7.org.uk/STU3/CodeSystem/CareConnect-DeathNotificationStatus-1",
  "version": "3.0.0",
  "name": "Care Connect Death Notification Status",
  "status": "draft",
  "date": "2018-11-12T00:00:00+00:00",
  "publisher": "INTEROpen",
  "contact": [
    {
      "telecom": [
        {
          "system": "other",
          "value": "https://interopen.ryver.com/"
        }
      ]
    }
  ],
  "description": "A CodeSystem to identify the type of death notice as held on Personal Demographics Service (PDS).",
  "jurisdiction": [
    {
      "coding": [
        {
          "system": "http://unstats.un.org/unsd/methods/m49/m49.htm",
          "code": "826"
        }
      ]
    }
  ],
  "copyright": "Copyright © 2016 HL7 UK",
  "caseSensitive": true,
  "content": "complete",
  "concept": [
    {
      "code": "1",
      "display": "Informal - death notice received via an update from a local NHS Organisation such as GP or Trust"
    },
    {
      "code": "2",
      "display": "Formal - death notice received from Registrar of Deaths"
    },
    {
      "code": "U",
      "display": "Removed"
    }
  ]
}