{
  "resourceType" : "Bundle",
  "id" : "af87c683-c0e3-45c9-919e-eefa7512dc9a",
  "meta" : {
    "lastUpdated" : "2019-11-25T12:06:45.925+00:00"
  },
  "type" : "collection",
  "entry" : [{
    "fullUrl" : "https://fhir.hl7.org.uk/STU3/ValueSet/CareConnect-NameUse-1",
    "resource" : {
      "resourceType" : "ValueSet",
      "id" : "CareConnect-NameUse-1",
      "text" : {
        "status" : "generated",
        "div" : "<div xmlns=\"http://www.w3.org/1999/xhtml\"><p>This value set contains 7 concepts</p><p style=\"border: black 1px dotted; background-color: #EEEEEE; padding: 8px\">Expansion based on http://hl7.org/fhir/name-use version 3.0.2</p><p>All codes from system <a href=\"http://hl7.org/fhir/STU3/codesystem-name-use.html\"><code>http://hl7.org/fhir/name-use</code></a></p><table class=\"codes\"><tr><td style=\"white-space:nowrap\"><b>Code</b></td><td><b>Display</b></td><td><b>Definition</b></td></tr><tr><td style=\"white-space:nowrap\"><a name=\"http---hl7.org-fhir-name-use-usual\"> </a><a href=\"http://hl7.org/fhir/STU3/codesystem-name-use.html#name-use-usual\">usual</a></td><td>Usual</td><td>Known as/conventional/the one you normally use</td></tr><tr><td style=\"white-space:nowrap\"><a name=\"http---hl7.org-fhir-name-use-official\"> </a><a href=\"http://hl7.org/fhir/STU3/codesystem-name-use.html#name-use-official\">official</a></td><td>Official</td><td>The formal name as registered in an official (government) registry, but which name might not be commonly used. May be called &quot;legal name&quot;.</td></tr><tr><td style=\"white-space:nowrap\"><a name=\"http---hl7.org-fhir-name-use-temp\"> </a><a href=\"http://hl7.org/fhir/STU3/codesystem-name-use.html#name-use-temp\">temp</a></td><td>Temp</td><td>A temporary name. Name.period can provide more detailed information. This may also be used for temporary names assigned at birth or in emergency situations.</td></tr><tr><td style=\"white-space:nowrap\"><a name=\"http---hl7.org-fhir-name-use-nickname\"> </a><a href=\"http://hl7.org/fhir/STU3/codesystem-name-use.html#name-use-nickname\">nickname</a></td><td>Nickname</td><td>A name that is used to address the person in an informal manner, but is not part of their formal or usual name</td></tr><tr><td style=\"white-space:nowrap\"><a name=\"http---hl7.org-fhir-name-use-anonymous\"> </a><a href=\"http://hl7.org/fhir/STU3/codesystem-name-use.html#name-use-anonymous\">anonymous</a></td><td>Anonymous</td><td>Anonymous assigned name, alias, or pseudonym (used to protect a person's identity for privacy reasons)</td></tr><tr><td style=\"white-space:nowrap\"><a name=\"http---hl7.org-fhir-name-use-old\"> </a><a href=\"http://hl7.org/fhir/STU3/codesystem-name-use.html#name-use-old\">old</a></td><td>Old</td><td>This name is no longer in use (or was never correct, but retained for records)</td></tr><tr><td style=\"white-space:nowrap\"><a name=\"http---hl7.org-fhir-name-use-maiden\"> </a><a href=\"http://hl7.org/fhir/STU3/codesystem-name-use.html#name-use-maiden\">maiden</a></td><td>Name changed for Marraige</td><td>A name used prior to changing name because of marriage. This name use is for use by applications that collect and store names that were used prior to a marriage. Marriage naming customs vary greatly around the world, and are constantly changing. This term is not gender specific. The use of this term does not imply any particular history for a person's name</td></tr></table></div>"
      },
      "extension" : [{
        "url" : "http://hl7.org/fhir/StructureDefinition/valueset-map",
        "valueCanonical" : "https://fhir.hl7.org.uk/STU3/ConceptMap/CareConnect-PersonNameType-1"
      },
      {
        "url" : "http://hl7.org/fhir/StructureDefinition/valueset-sourceReference",
        "valueUri" : "http://hl7.org/fhir/ValueSet/name-use"
      },
      {
        "url" : "http://hl7.org/fhir/StructureDefinition/structuredefinition-wg",
        "valueCode" : "fhir"
      },
      {
        "url" : "http://hl7.org/fhir/StructureDefinition/structuredefinition-fmm",
        "valueInteger" : 0
      },
      {
        "url" : "http://hl7.org/fhir/StructureDefinition/structuredefinition-ballot-status",
        "valueString" : "Informative"
      }],
      "url" : "https://fhir.hl7.org.uk/STU3/ValueSet/CareConnect-NameUse-1",
      "identifier" : [{
        "system" : "urn:ietf:rfc:3986",
        "value" : "urn:oid:2.16.840.1.113883.4.642.3.58"
      }],
      "version" : "3.0.1",
      "name" : "NameUse",
      "status" : "draft",
      "date" : "2017-04-18T22:44:47+01:00",
      "publisher" : "HL7 West Riding - Example",
      "contact" : [{
        "telecom" : [{
          "system" : "other",
          "value" : "http://hl7.org/Special/committees/[something]"
        }]
      }],
      "description" : "The use of a human name",
      "jurisdiction" : [{
        "coding" : [{
          "system" : "http://unstats.un.org/unsd/methods/m49/m49.htm",
          "code" : "001"
        }]
      }],
      "copyright" : "Copyright © HL7.org 2011+",
      "expansion" : {
        "identifier" : "urn:uuid:940c8229-542f-4d9a-95e3-862877d7bb85",
        "timestamp" : "2019-11-25T12:07:18+00:00",
        "total" : 7,
        "parameter" : [{
          "name" : "excludeNested",
          "valueBoolean" : false
        },
        {
          "name" : "version",
          "valueUri" : "http://hl7.org/fhir/name-use|3.0.2"
        }],
        "contains" : [{
          "system" : "http://hl7.org/fhir/name-use",
          "code" : "usual",
          "display" : "Usual"
        },
        {
          "system" : "http://hl7.org/fhir/name-use",
          "code" : "official",
          "display" : "Official"
        },
        {
          "system" : "http://hl7.org/fhir/name-use",
          "code" : "temp",
          "display" : "Temp"
        },
        {
          "system" : "http://hl7.org/fhir/name-use",
          "code" : "nickname",
          "display" : "Nickname"
        },
        {
          "system" : "http://hl7.org/fhir/name-use",
          "code" : "anonymous",
          "display" : "Anonymous"
        },
        {
          "system" : "http://hl7.org/fhir/name-use",
          "code" : "old",
          "display" : "Old"
        },
        {
          "system" : "http://hl7.org/fhir/name-use",
          "code" : "maiden",
          "display" : "Name changed for Marraige"
        }]
      }
    }
  },
  {
    "fullUrl" : "https://fhir.hl7.org.uk/STU3/ValueSet/CareConnect-AdministrativeGender-1",
    "resource" : {
      "resourceType" : "ValueSet",
      "id" : "CareConnect-AdministrativeGender-1",
      "text" : {
        "status" : "generated",
        "div" : "<div xmlns=\"http://www.w3.org/1999/xhtml\"><p>This value set contains 4 concepts</p><p style=\"border: black 1px dotted; background-color: #EEEEEE; padding: 8px\">Expansion based on http://hl7.org/fhir/administrative-gender version 3.0.2</p><p>All codes from system <a href=\"http://hl7.org/fhir/STU3/codesystem-administrative-gender.html\"><code>http://hl7.org/fhir/administrative-gender</code></a></p><table class=\"codes\"><tr><td style=\"white-space:nowrap\"><b>Code</b></td><td><b>Display</b></td><td><b>Definition</b></td></tr><tr><td style=\"white-space:nowrap\"><a name=\"http---hl7.org-fhir-administrative-gender-male\"> </a><a href=\"http://hl7.org/fhir/STU3/codesystem-administrative-gender.html#administrative-gender-male\">male</a></td><td>Male</td><td>Male</td></tr><tr><td style=\"white-space:nowrap\"><a name=\"http---hl7.org-fhir-administrative-gender-female\"> </a><a href=\"http://hl7.org/fhir/STU3/codesystem-administrative-gender.html#administrative-gender-female\">female</a></td><td>Female</td><td>Female</td></tr><tr><td style=\"white-space:nowrap\"><a name=\"http---hl7.org-fhir-administrative-gender-other\"> </a><a href=\"http://hl7.org/fhir/STU3/codesystem-administrative-gender.html#administrative-gender-other\">other</a></td><td>Other</td><td>Other</td></tr><tr><td style=\"white-space:nowrap\"><a name=\"http---hl7.org-fhir-administrative-gender-unknown\"> </a><a href=\"http://hl7.org/fhir/STU3/codesystem-administrative-gender.html#administrative-gender-unknown\">unknown</a></td><td>Unknown</td><td>Unknown</td></tr></table></div>"
      },
      "extension" : [{
        "url" : "http://hl7.org/fhir/StructureDefinition/valueset-map",
        "valueCanonical" : "https://fhir.hl7.org.uk/STU3/ConceptMap/AdministrativeGender-1"
      },
      {
        "url" : "http://hl7.org/fhir/StructureDefinition/valueset-sourceReference",
        "valueUri" : "http://hl7.org/fhir/ValueSet/administrative-gender"
      },
      {
        "url" : "http://hl7.org/fhir/StructureDefinition/structuredefinition-wg",
        "valueCode" : "pc"
      },
      {
        "url" : "http://hl7.org/fhir/StructureDefinition/structuredefinition-fmm",
        "valueInteger" : 5
      },
      {
        "url" : "http://hl7.org/fhir/StructureDefinition/structuredefinition-ballot-status",
        "valueString" : "Informative"
      }],
      "url" : "https://fhir.hl7.org.uk/STU3/ValueSet/CareConnect-AdministrativeGender-1",
      "identifier" : [{
        "system" : "urn:ietf:rfc:3986",
        "value" : "urn:oid:2.16.840.1.113883.4.642.3.1"
      }],
      "version" : "3.0.1",
      "name" : "Administrative Gender",
      "status" : "draft",
      "date" : "2017-04-18T22:46:00+01:00",
      "publisher" : "HL7 West Riding - Example",
      "contact" : [{
        "telecom" : [{
          "system" : "other",
          "value" : "http://hl7.org/Special/committees/[something]"
        }]
      }],
      "description" : "The gender of a person used for administrative purposes.",
      "jurisdiction" : [{
        "coding" : [{
          "system" : "http://unstats.un.org/unsd/methods/m49/m49.htm",
          "code" : "001"
        }]
      }],
      "copyright" : "Copyright © HL7.org 2011+",
      "expansion" : {
        "identifier" : "urn:uuid:1c7bed10-f943-40dd-ad90-640ad1e7e0a0",
        "timestamp" : "2019-11-25T12:07:18+00:00",
        "total" : 4,
        "parameter" : [{
          "name" : "excludeNested",
          "valueBoolean" : false
        },
        {
          "name" : "version",
          "valueUri" : "http://hl7.org/fhir/administrative-gender|3.0.2"
        }],
        "contains" : [{
          "system" : "http://hl7.org/fhir/administrative-gender",
          "code" : "male",
          "display" : "Male"
        },
        {
          "system" : "http://hl7.org/fhir/administrative-gender",
          "code" : "female",
          "display" : "Female"
        },
        {
          "system" : "http://hl7.org/fhir/administrative-gender",
          "code" : "other",
          "display" : "Other"
        },
        {
          "system" : "http://hl7.org/fhir/administrative-gender",
          "code" : "unknown",
          "display" : "Unknown"
        }]
      }
    }
  },
  {
    "fullUrl" : "https://fhir.hl7.org.uk/STU3/ValueSet/CareConnect-MaritalStatus-1",
    "resource" : {
      "resourceType" : "ValueSet",
      "id" : "CareConnect-MaritalStatus-1",
      "text" : {
        "status" : "generated",
        "div" : "<div xmlns=\"http://www.w3.org/1999/xhtml\"><p>This value set contains 11 concepts</p><p style=\"border: black 1px dotted; background-color: #EEEEEE; padding: 8px\">Expansion based on http://hl7.org/fhir/v3/NullFlavor version 2016-11-11, http://hl7.org/fhir/v3/MaritalStatus version 2016-11-11</p><table class=\"codes\"><tr><td style=\"white-space:nowrap\"><b>Code</b></td><td><b>System</b></td><td><b>Display</b></td><td><b>Definition</b></td></tr><tr><td style=\"white-space:nowrap\"><a name=\"http---hl7.org-fhir-v3-MaritalStatus-A\"> </a><a href=\"http://hl7.org/fhir/STU3/v3/MaritalStatus/cs.html#v3-MaritalStatus-A\">A</a></td><td>http://hl7.org/fhir/v3/MaritalStatus</td><td>Annulled</td><td>Marriage contract has been declared null and to not have existed</td></tr><tr><td style=\"white-space:nowrap\"><a name=\"http---hl7.org-fhir-v3-MaritalStatus-D\"> </a><a href=\"http://hl7.org/fhir/STU3/v3/MaritalStatus/cs.html#v3-MaritalStatus-D\">D</a></td><td>http://hl7.org/fhir/v3/MaritalStatus</td><td>Divorced</td><td>Marriage contract has been declared dissolved and inactive</td></tr><tr><td style=\"white-space:nowrap\"><a name=\"http---hl7.org-fhir-v3-MaritalStatus-I\"> </a><a href=\"http://hl7.org/fhir/STU3/v3/MaritalStatus/cs.html#v3-MaritalStatus-I\">I</a></td><td>http://hl7.org/fhir/v3/MaritalStatus</td><td>Interlocutory</td><td>Subject to an Interlocutory Decree.</td></tr><tr><td style=\"white-space:nowrap\"><a name=\"http---hl7.org-fhir-v3-MaritalStatus-L\"> </a><a href=\"http://hl7.org/fhir/STU3/v3/MaritalStatus/cs.html#v3-MaritalStatus-L\">L</a></td><td>http://hl7.org/fhir/v3/MaritalStatus</td><td>Legally Separated</td><td>Legally Separated</td></tr><tr><td style=\"white-space:nowrap\"><a name=\"http---hl7.org-fhir-v3-MaritalStatus-M\"> </a><a href=\"http://hl7.org/fhir/STU3/v3/MaritalStatus/cs.html#v3-MaritalStatus-M\">M</a></td><td>http://hl7.org/fhir/v3/MaritalStatus</td><td>Married</td><td>A current marriage contract is active</td></tr><tr><td style=\"white-space:nowrap\"><a name=\"http---hl7.org-fhir-v3-MaritalStatus-P\"> </a><a href=\"http://hl7.org/fhir/STU3/v3/MaritalStatus/cs.html#v3-MaritalStatus-P\">P</a></td><td>http://hl7.org/fhir/v3/MaritalStatus</td><td>Polygamous</td><td>More than 1 current spouse</td></tr><tr><td style=\"white-space:nowrap\"><a name=\"http---hl7.org-fhir-v3-MaritalStatus-S\"> </a><a href=\"http://hl7.org/fhir/STU3/v3/MaritalStatus/cs.html#v3-MaritalStatus-S\">S</a></td><td>http://hl7.org/fhir/v3/MaritalStatus</td><td>Never Married</td><td>No marriage contract has ever been entered</td></tr><tr><td style=\"white-space:nowrap\"><a name=\"http---hl7.org-fhir-v3-MaritalStatus-T\"> </a><a href=\"http://hl7.org/fhir/STU3/v3/MaritalStatus/cs.html#v3-MaritalStatus-T\">T</a></td><td>http://hl7.org/fhir/v3/MaritalStatus</td><td>Domestic partner</td><td>Person declares that a domestic partner relationship exists.</td></tr><tr><td style=\"white-space:nowrap\"><a name=\"http---hl7.org-fhir-v3-MaritalStatus-U\"> </a><a href=\"http://hl7.org/fhir/STU3/v3/MaritalStatus/cs.html#v3-MaritalStatus-U\">U</a></td><td>http://hl7.org/fhir/v3/MaritalStatus</td><td>unmaried</td><td>Currently not in a marriage contract.</td></tr><tr><td style=\"white-space:nowrap\"><a name=\"http---hl7.org-fhir-v3-MaritalStatus-W\"> </a><a href=\"http://hl7.org/fhir/STU3/v3/MaritalStatus/cs.html#v3-MaritalStatus-W\">W</a></td><td>http://hl7.org/fhir/v3/MaritalStatus</td><td>Widowed</td><td>The spouse has died</td></tr><tr><td style=\"white-space:nowrap\"><a name=\"http---hl7.org-fhir-v3-NullFlavor-UNK\"> </a><a href=\"http://hl7.org/fhir/STU3/v3/NullFlavor/cs.html#v3-NullFlavor-UNK\">UNK</a></td><td>http://hl7.org/fhir/v3/NullFlavor</td><td>unknown</td><td>Description:A proper value is applicable, but not known.\r\n\n                        \n                           Usage Notes: This means the actual value is not known.  If the only thing that is unknown is how to properly express the value in the necessary constraints (value set, datatype, etc.), then the OTH or UNC flavor should be used.  No properties should be included for a datatype with this property unless:\r\n\n                        \n                           Those properties themselves directly translate to a semantic of &quot;unknown&quot;.  (E.g. a local code sent as a translation that conveys 'unknown')\n                           Those properties further qualify the nature of what is unknown.  (E.g. specifying a use code of &quot;H&quot; and a URL prefix of &quot;tel:&quot; to convey that it is the home phone number that is unknown.)</td></tr></table></div>"
      },
      "extension" : [{
        "url" : "http://hl7.org/fhir/StructureDefinition/valueset-map",
        "valueCanonical" : "https://fhir.hl7.org.uk/STU3/ConceptMap/CareConnect-MaritalStatus-1"
      },
      {
        "url" : "http://hl7.org/fhir/StructureDefinition/valueset-sourceReference",
        "valueUri" : "http://hl7.org/fhir/ValueSet/marital-status"
      },
      {
        "url" : "http://hl7.org/fhir/StructureDefinition/structuredefinition-wg",
        "valueCode" : "pa"
      },
      {
        "url" : "http://hl7.org/fhir/StructureDefinition/structuredefinition-fmm",
        "valueInteger" : 5
      },
      {
        "url" : "http://hl7.org/fhir/StructureDefinition/structuredefinition-ballot-status",
        "valueString" : "Informative"
      },
      {
        "url" : "http://hl7.org/fhir/StructureDefinition/valueset-extensible",
        "valueBoolean" : true
      }],
      "url" : "https://fhir.hl7.org.uk/STU3/ValueSet/CareConnect-MaritalStatus-1",
      "identifier" : [{
        "system" : "urn:ietf:rfc:3986",
        "value" : "urn:oid:2.16.840.1.113883.4.642.3.28"
      }],
      "version" : "3.0.1",
      "name" : "Marital Status Codes",
      "status" : "draft",
      "date" : "2017-04-18T22:44:47+01:00",
      "publisher" : "HL7 West Riding - Example",
      "contact" : [{
        "telecom" : [{
          "system" : "other",
          "value" : "http://hl7.org/Special/committees/[something]"
        }]
      }],
      "description" : "This value set defines the set of codes that can be used to indicate the marital status of a person.",
      "jurisdiction" : [{
        "coding" : [{
          "system" : "http://unstats.un.org/unsd/methods/m49/m49.htm",
          "code" : "001"
        }]
      }],
      "copyright" : "Copyright © HL7.org 2011+",
      "expansion" : {
        "identifier" : "urn:uuid:dcd61822-42d1-4c67-8659-352625acf051",
        "timestamp" : "2019-11-25T12:07:18+00:00",
        "total" : 11,
        "parameter" : [{
          "name" : "excludeNested",
          "valueBoolean" : false
        },
        {
          "name" : "version",
          "valueUri" : "http://hl7.org/fhir/v3/MaritalStatus|2016-11-11"
        },
        {
          "name" : "version",
          "valueUri" : "http://hl7.org/fhir/v3/NullFlavor|2016-11-11"
        }],
        "contains" : [{
          "system" : "http://hl7.org/fhir/v3/MaritalStatus",
          "code" : "A",
          "display" : "Annulled"
        },
        {
          "system" : "http://hl7.org/fhir/v3/MaritalStatus",
          "code" : "D",
          "display" : "Divorced"
        },
        {
          "system" : "http://hl7.org/fhir/v3/MaritalStatus",
          "code" : "I",
          "display" : "Interlocutory"
        },
        {
          "system" : "http://hl7.org/fhir/v3/MaritalStatus",
          "code" : "L",
          "display" : "Legally Separated"
        },
        {
          "system" : "http://hl7.org/fhir/v3/MaritalStatus",
          "code" : "M",
          "display" : "Married"
        },
        {
          "system" : "http://hl7.org/fhir/v3/MaritalStatus",
          "code" : "P",
          "display" : "Polygamous"
        },
        {
          "system" : "http://hl7.org/fhir/v3/MaritalStatus",
          "code" : "S",
          "display" : "Never Married"
        },
        {
          "system" : "http://hl7.org/fhir/v3/MaritalStatus",
          "code" : "T",
          "display" : "Domestic partner"
        },
        {
          "system" : "http://hl7.org/fhir/v3/MaritalStatus",
          "code" : "U",
          "display" : "unmaried"
        },
        {
          "system" : "http://hl7.org/fhir/v3/MaritalStatus",
          "code" : "W",
          "display" : "Widowed"
        },
        {
          "system" : "http://hl7.org/fhir/v3/NullFlavor",
          "code" : "UNK",
          "display" : "unknown"
        }]
      }
    }
  },
  {
    "fullUrl" : "https://fhir.hl7.org.uk/STU3/ValueSet/CareConnect-EthnicCategory-1",
    "resource" : {
      "resourceType" : "ValueSet",
      "id" : "CareConnect-EthnicCategory-1",
      "text" : {
        "status" : "generated",
        "div" : "<div xmlns=\"http://www.w3.org/1999/xhtml\"><p>This value set contains 68 concepts</p><p style=\"border: black 1px dotted; background-color: #EEEEEE; padding: 8px\">Expansion based on https://fhir.hl7.org.uk/STU3/CodeSystem/CareConnect-EthnicCategory-1 version 1.1.0</p><p>All codes from system <a href=\"CareConnect-EthnicCategory-1.html\"><code>https://fhir.hl7.org.uk/STU3/CodeSystem/CareConnect-EthnicCategory-1</code></a></p><table class=\"codes\"><tr><td style=\"white-space:nowrap\"><b>Code</b></td><td><b>Display</b></td><td><b>Definition</b></td></tr><tr><td style=\"white-space:nowrap\"><a name=\"https---fhir.hl7.org.uk-STU3-CodeSystem-CareConnect-EthnicCategory-1-A\"> </a><a href=\"CareConnect-EthnicCategory-1.html#CareConnect-EthnicCategory-1-A\">A</a></td><td>British, Mixed British</td><td/></tr><tr><td style=\"white-space:nowrap\"><a name=\"https---fhir.hl7.org.uk-STU3-CodeSystem-CareConnect-EthnicCategory-1-B\"> </a><a href=\"CareConnect-EthnicCategory-1.html#CareConnect-EthnicCategory-1-B\">B</a></td><td>Irish</td><td/></tr><tr><td style=\"white-space:nowrap\"><a name=\"https---fhir.hl7.org.uk-STU3-CodeSystem-CareConnect-EthnicCategory-1-C\"> </a><a href=\"CareConnect-EthnicCategory-1.html#CareConnect-EthnicCategory-1-C\">C</a></td><td>Any other White background</td><td/></tr><tr><td style=\"white-space:nowrap\"><a name=\"https---fhir.hl7.org.uk-STU3-CodeSystem-CareConnect-EthnicCategory-1-C2\"> </a><a href=\"CareConnect-EthnicCategory-1.html#CareConnect-EthnicCategory-1-C2\">C2</a></td><td>Northern Irish</td><td/></tr><tr><td style=\"white-space:nowrap\"><a name=\"https---fhir.hl7.org.uk-STU3-CodeSystem-CareConnect-EthnicCategory-1-C3\"> </a><a href=\"CareConnect-EthnicCategory-1.html#CareConnect-EthnicCategory-1-C3\">C3</a></td><td>Other white, white unspecified</td><td/></tr><tr><td style=\"white-space:nowrap\"><a name=\"https---fhir.hl7.org.uk-STU3-CodeSystem-CareConnect-EthnicCategory-1-CA\"> </a><a href=\"CareConnect-EthnicCategory-1.html#CareConnect-EthnicCategory-1-CA\">CA</a></td><td>English</td><td/></tr><tr><td style=\"white-space:nowrap\"><a name=\"https---fhir.hl7.org.uk-STU3-CodeSystem-CareConnect-EthnicCategory-1-CB\"> </a><a href=\"CareConnect-EthnicCategory-1.html#CareConnect-EthnicCategory-1-CB\">CB</a></td><td>Scottish</td><td/></tr><tr><td style=\"white-space:nowrap\"><a name=\"https---fhir.hl7.org.uk-STU3-CodeSystem-CareConnect-EthnicCategory-1-CC\"> </a><a href=\"CareConnect-EthnicCategory-1.html#CareConnect-EthnicCategory-1-CC\">CC</a></td><td>Welsh</td><td/></tr><tr><td style=\"white-space:nowrap\"><a name=\"https---fhir.hl7.org.uk-STU3-CodeSystem-CareConnect-EthnicCategory-1-CD\"> </a><a href=\"CareConnect-EthnicCategory-1.html#CareConnect-EthnicCategory-1-CD\">CD</a></td><td>Cornish</td><td/></tr><tr><td style=\"white-space:nowrap\"><a name=\"https---fhir.hl7.org.uk-STU3-CodeSystem-CareConnect-EthnicCategory-1-CE\"> </a><a href=\"CareConnect-EthnicCategory-1.html#CareConnect-EthnicCategory-1-CE\">CE</a></td><td>Cypriot (part not stated)</td><td/></tr><tr><td style=\"white-space:nowrap\"><a name=\"https---fhir.hl7.org.uk-STU3-CodeSystem-CareConnect-EthnicCategory-1-CF\"> </a><a href=\"CareConnect-EthnicCategory-1.html#CareConnect-EthnicCategory-1-CF\">CF</a></td><td>Greek</td><td/></tr><tr><td style=\"white-space:nowrap\"><a name=\"https---fhir.hl7.org.uk-STU3-CodeSystem-CareConnect-EthnicCategory-1-CG\"> </a><a href=\"CareConnect-EthnicCategory-1.html#CareConnect-EthnicCategory-1-CG\">CG</a></td><td>Greek Cypriot</td><td/></tr><tr><td style=\"white-space:nowrap\"><a name=\"https---fhir.hl7.org.uk-STU3-CodeSystem-CareConnect-EthnicCategory-1-CH\"> </a><a href=\"CareConnect-EthnicCategory-1.html#CareConnect-EthnicCategory-1-CH\">CH</a></td><td>Turkish</td><td/></tr><tr><td style=\"white-space:nowrap\"><a name=\"https---fhir.hl7.org.uk-STU3-CodeSystem-CareConnect-EthnicCategory-1-CJ\"> </a><a href=\"CareConnect-EthnicCategory-1.html#CareConnect-EthnicCategory-1-CJ\">CJ</a></td><td>Turkish Cypriot</td><td/></tr><tr><td style=\"white-space:nowrap\"><a name=\"https---fhir.hl7.org.uk-STU3-CodeSystem-CareConnect-EthnicCategory-1-CK\"> </a><a href=\"CareConnect-EthnicCategory-1.html#CareConnect-EthnicCategory-1-CK\">CK</a></td><td>Italian</td><td/></tr><tr><td style=\"white-space:nowrap\"><a name=\"https---fhir.hl7.org.uk-STU3-CodeSystem-CareConnect-EthnicCategory-1-CL\"> </a><a href=\"CareConnect-EthnicCategory-1.html#CareConnect-EthnicCategory-1-CL\">CL</a></td><td>Irish Traveller</td><td/></tr><tr><td style=\"white-space:nowrap\"><a name=\"https---fhir.hl7.org.uk-STU3-CodeSystem-CareConnect-EthnicCategory-1-CM\"> </a><a href=\"CareConnect-EthnicCategory-1.html#CareConnect-EthnicCategory-1-CM\">CM</a></td><td>Traveller</td><td/></tr><tr><td style=\"white-space:nowrap\"><a name=\"https---fhir.hl7.org.uk-STU3-CodeSystem-CareConnect-EthnicCategory-1-CN\"> </a><a href=\"CareConnect-EthnicCategory-1.html#CareConnect-EthnicCategory-1-CN\">CN</a></td><td>Gypsy/Romany</td><td/></tr><tr><td style=\"white-space:nowrap\"><a name=\"https---fhir.hl7.org.uk-STU3-CodeSystem-CareConnect-EthnicCategory-1-CP\"> </a><a href=\"CareConnect-EthnicCategory-1.html#CareConnect-EthnicCategory-1-CP\">CP</a></td><td>Polish</td><td/></tr><tr><td style=\"white-space:nowrap\"><a name=\"https---fhir.hl7.org.uk-STU3-CodeSystem-CareConnect-EthnicCategory-1-CQ\"> </a><a href=\"CareConnect-EthnicCategory-1.html#CareConnect-EthnicCategory-1-CQ\">CQ</a></td><td>All republics which made up the former USSR</td><td/></tr><tr><td style=\"white-space:nowrap\"><a name=\"https---fhir.hl7.org.uk-STU3-CodeSystem-CareConnect-EthnicCategory-1-CR\"> </a><a href=\"CareConnect-EthnicCategory-1.html#CareConnect-EthnicCategory-1-CR\">CR</a></td><td>Kosovan</td><td/></tr><tr><td style=\"white-space:nowrap\"><a name=\"https---fhir.hl7.org.uk-STU3-CodeSystem-CareConnect-EthnicCategory-1-CS\"> </a><a href=\"CareConnect-EthnicCategory-1.html#CareConnect-EthnicCategory-1-CS\">CS</a></td><td>Albanian</td><td/></tr><tr><td style=\"white-space:nowrap\"><a name=\"https---fhir.hl7.org.uk-STU3-CodeSystem-CareConnect-EthnicCategory-1-CT\"> </a><a href=\"CareConnect-EthnicCategory-1.html#CareConnect-EthnicCategory-1-CT\">CT</a></td><td>Bosnian</td><td/></tr><tr><td style=\"white-space:nowrap\"><a name=\"https---fhir.hl7.org.uk-STU3-CodeSystem-CareConnect-EthnicCategory-1-CU\"> </a><a href=\"CareConnect-EthnicCategory-1.html#CareConnect-EthnicCategory-1-CU\">CU</a></td><td>Croatian</td><td/></tr><tr><td style=\"white-space:nowrap\"><a name=\"https---fhir.hl7.org.uk-STU3-CodeSystem-CareConnect-EthnicCategory-1-CV\"> </a><a href=\"CareConnect-EthnicCategory-1.html#CareConnect-EthnicCategory-1-CV\">CV</a></td><td>Serbian</td><td/></tr><tr><td style=\"white-space:nowrap\"><a name=\"https---fhir.hl7.org.uk-STU3-CodeSystem-CareConnect-EthnicCategory-1-CW\"> </a><a href=\"CareConnect-EthnicCategory-1.html#CareConnect-EthnicCategory-1-CW\">CW</a></td><td>Other republics which made up the former Yugoslavia</td><td/></tr><tr><td style=\"white-space:nowrap\"><a name=\"https---fhir.hl7.org.uk-STU3-CodeSystem-CareConnect-EthnicCategory-1-CX\"> </a><a href=\"CareConnect-EthnicCategory-1.html#CareConnect-EthnicCategory-1-CX\">CX</a></td><td>Mixed white</td><td/></tr><tr><td style=\"white-space:nowrap\"><a name=\"https---fhir.hl7.org.uk-STU3-CodeSystem-CareConnect-EthnicCategory-1-CY\"> </a><a href=\"CareConnect-EthnicCategory-1.html#CareConnect-EthnicCategory-1-CY\">CY</a></td><td>Other white European, European unspecified, European mixed</td><td/></tr><tr><td style=\"white-space:nowrap\"><a name=\"https---fhir.hl7.org.uk-STU3-CodeSystem-CareConnect-EthnicCategory-1-D\"> </a><a href=\"CareConnect-EthnicCategory-1.html#CareConnect-EthnicCategory-1-D\">D</a></td><td>White and Black Caribbean</td><td/></tr><tr><td style=\"white-space:nowrap\"><a name=\"https---fhir.hl7.org.uk-STU3-CodeSystem-CareConnect-EthnicCategory-1-E\"> </a><a href=\"CareConnect-EthnicCategory-1.html#CareConnect-EthnicCategory-1-E\">E</a></td><td>White and Black African</td><td/></tr><tr><td style=\"white-space:nowrap\"><a name=\"https---fhir.hl7.org.uk-STU3-CodeSystem-CareConnect-EthnicCategory-1-F\"> </a><a href=\"CareConnect-EthnicCategory-1.html#CareConnect-EthnicCategory-1-F\">F</a></td><td>White and Asian</td><td/></tr><tr><td style=\"white-space:nowrap\"><a name=\"https---fhir.hl7.org.uk-STU3-CodeSystem-CareConnect-EthnicCategory-1-G\"> </a><a href=\"CareConnect-EthnicCategory-1.html#CareConnect-EthnicCategory-1-G\">G</a></td><td>Any other mixed background</td><td/></tr><tr><td style=\"white-space:nowrap\"><a name=\"https---fhir.hl7.org.uk-STU3-CodeSystem-CareConnect-EthnicCategory-1-GA\"> </a><a href=\"CareConnect-EthnicCategory-1.html#CareConnect-EthnicCategory-1-GA\">GA</a></td><td>Black and Asian</td><td/></tr><tr><td style=\"white-space:nowrap\"><a name=\"https---fhir.hl7.org.uk-STU3-CodeSystem-CareConnect-EthnicCategory-1-GB\"> </a><a href=\"CareConnect-EthnicCategory-1.html#CareConnect-EthnicCategory-1-GB\">GB</a></td><td>Black and Chinese</td><td/></tr><tr><td style=\"white-space:nowrap\"><a name=\"https---fhir.hl7.org.uk-STU3-CodeSystem-CareConnect-EthnicCategory-1-GC\"> </a><a href=\"CareConnect-EthnicCategory-1.html#CareConnect-EthnicCategory-1-GC\">GC</a></td><td>Black and White</td><td/></tr><tr><td style=\"white-space:nowrap\"><a name=\"https---fhir.hl7.org.uk-STU3-CodeSystem-CareConnect-EthnicCategory-1-GD\"> </a><a href=\"CareConnect-EthnicCategory-1.html#CareConnect-EthnicCategory-1-GD\">GD</a></td><td>Chinese and White</td><td/></tr><tr><td style=\"white-space:nowrap\"><a name=\"https---fhir.hl7.org.uk-STU3-CodeSystem-CareConnect-EthnicCategory-1-GE\"> </a><a href=\"CareConnect-EthnicCategory-1.html#CareConnect-EthnicCategory-1-GE\">GE</a></td><td>Asian and Chinese</td><td/></tr><tr><td style=\"white-space:nowrap\"><a name=\"https---fhir.hl7.org.uk-STU3-CodeSystem-CareConnect-EthnicCategory-1-GF\"> </a><a href=\"CareConnect-EthnicCategory-1.html#CareConnect-EthnicCategory-1-GF\">GF</a></td><td>Other Mixed, Mixed Unspecified</td><td/></tr><tr><td style=\"white-space:nowrap\"><a name=\"https---fhir.hl7.org.uk-STU3-CodeSystem-CareConnect-EthnicCategory-1-H\"> </a><a href=\"CareConnect-EthnicCategory-1.html#CareConnect-EthnicCategory-1-H\">H</a></td><td>Indian or British Indian</td><td/></tr><tr><td style=\"white-space:nowrap\"><a name=\"https---fhir.hl7.org.uk-STU3-CodeSystem-CareConnect-EthnicCategory-1-J\"> </a><a href=\"CareConnect-EthnicCategory-1.html#CareConnect-EthnicCategory-1-J\">J</a></td><td>Pakistani or British Pakistani</td><td/></tr><tr><td style=\"white-space:nowrap\"><a name=\"https---fhir.hl7.org.uk-STU3-CodeSystem-CareConnect-EthnicCategory-1-K\"> </a><a href=\"CareConnect-EthnicCategory-1.html#CareConnect-EthnicCategory-1-K\">K</a></td><td>Bangladeshi or British Bangladeshi</td><td/></tr><tr><td style=\"white-space:nowrap\"><a name=\"https---fhir.hl7.org.uk-STU3-CodeSystem-CareConnect-EthnicCategory-1-L\"> </a><a href=\"CareConnect-EthnicCategory-1.html#CareConnect-EthnicCategory-1-L\">L</a></td><td>Any other Asian background</td><td/></tr><tr><td style=\"white-space:nowrap\"><a name=\"https---fhir.hl7.org.uk-STU3-CodeSystem-CareConnect-EthnicCategory-1-LA\"> </a><a href=\"CareConnect-EthnicCategory-1.html#CareConnect-EthnicCategory-1-LA\">LA</a></td><td>Mixed Asian</td><td/></tr><tr><td style=\"white-space:nowrap\"><a name=\"https---fhir.hl7.org.uk-STU3-CodeSystem-CareConnect-EthnicCategory-1-LB\"> </a><a href=\"CareConnect-EthnicCategory-1.html#CareConnect-EthnicCategory-1-LB\">LB</a></td><td>Punjabi</td><td/></tr><tr><td style=\"white-space:nowrap\"><a name=\"https---fhir.hl7.org.uk-STU3-CodeSystem-CareConnect-EthnicCategory-1-LC\"> </a><a href=\"CareConnect-EthnicCategory-1.html#CareConnect-EthnicCategory-1-LC\">LC</a></td><td>Kashmiri</td><td/></tr><tr><td style=\"white-space:nowrap\"><a name=\"https---fhir.hl7.org.uk-STU3-CodeSystem-CareConnect-EthnicCategory-1-LD\"> </a><a href=\"CareConnect-EthnicCategory-1.html#CareConnect-EthnicCategory-1-LD\">LD</a></td><td>East African Asian</td><td/></tr><tr><td style=\"white-space:nowrap\"><a name=\"https---fhir.hl7.org.uk-STU3-CodeSystem-CareConnect-EthnicCategory-1-LE\"> </a><a href=\"CareConnect-EthnicCategory-1.html#CareConnect-EthnicCategory-1-LE\">LE</a></td><td>Sri Lanka</td><td/></tr><tr><td style=\"white-space:nowrap\"><a name=\"https---fhir.hl7.org.uk-STU3-CodeSystem-CareConnect-EthnicCategory-1-LF\"> </a><a href=\"CareConnect-EthnicCategory-1.html#CareConnect-EthnicCategory-1-LF\">LF</a></td><td>Tamil</td><td/></tr><tr><td style=\"white-space:nowrap\"><a name=\"https---fhir.hl7.org.uk-STU3-CodeSystem-CareConnect-EthnicCategory-1-LG\"> </a><a href=\"CareConnect-EthnicCategory-1.html#CareConnect-EthnicCategory-1-LG\">LG</a></td><td>Sinhalese</td><td/></tr><tr><td style=\"white-space:nowrap\"><a name=\"https---fhir.hl7.org.uk-STU3-CodeSystem-CareConnect-EthnicCategory-1-LH\"> </a><a href=\"CareConnect-EthnicCategory-1.html#CareConnect-EthnicCategory-1-LH\">LH</a></td><td>British Asian</td><td/></tr><tr><td style=\"white-space:nowrap\"><a name=\"https---fhir.hl7.org.uk-STU3-CodeSystem-CareConnect-EthnicCategory-1-LJ\"> </a><a href=\"CareConnect-EthnicCategory-1.html#CareConnect-EthnicCategory-1-LJ\">LJ</a></td><td>Caribbean Asian</td><td/></tr><tr><td style=\"white-space:nowrap\"><a name=\"https---fhir.hl7.org.uk-STU3-CodeSystem-CareConnect-EthnicCategory-1-LK\"> </a><a href=\"CareConnect-EthnicCategory-1.html#CareConnect-EthnicCategory-1-LK\">LK</a></td><td>Other Asian, Asian unspecified</td><td/></tr><tr><td style=\"white-space:nowrap\"><a name=\"https---fhir.hl7.org.uk-STU3-CodeSystem-CareConnect-EthnicCategory-1-M\"> </a><a href=\"CareConnect-EthnicCategory-1.html#CareConnect-EthnicCategory-1-M\">M</a></td><td>Caribbean</td><td/></tr><tr><td style=\"white-space:nowrap\"><a name=\"https---fhir.hl7.org.uk-STU3-CodeSystem-CareConnect-EthnicCategory-1-N\"> </a><a href=\"CareConnect-EthnicCategory-1.html#CareConnect-EthnicCategory-1-N\">N</a></td><td>African</td><td/></tr><tr><td style=\"white-space:nowrap\"><a name=\"https---fhir.hl7.org.uk-STU3-CodeSystem-CareConnect-EthnicCategory-1-P\"> </a><a href=\"CareConnect-EthnicCategory-1.html#CareConnect-EthnicCategory-1-P\">P</a></td><td>Any other Black background</td><td/></tr><tr><td style=\"white-space:nowrap\"><a name=\"https---fhir.hl7.org.uk-STU3-CodeSystem-CareConnect-EthnicCategory-1-PA\"> </a><a href=\"CareConnect-EthnicCategory-1.html#CareConnect-EthnicCategory-1-PA\">PA</a></td><td>Somali</td><td/></tr><tr><td style=\"white-space:nowrap\"><a name=\"https---fhir.hl7.org.uk-STU3-CodeSystem-CareConnect-EthnicCategory-1-PB\"> </a><a href=\"CareConnect-EthnicCategory-1.html#CareConnect-EthnicCategory-1-PB\">PB</a></td><td>Mixed Black</td><td/></tr><tr><td style=\"white-space:nowrap\"><a name=\"https---fhir.hl7.org.uk-STU3-CodeSystem-CareConnect-EthnicCategory-1-PC\"> </a><a href=\"CareConnect-EthnicCategory-1.html#CareConnect-EthnicCategory-1-PC\">PC</a></td><td>Nigerian</td><td/></tr><tr><td style=\"white-space:nowrap\"><a name=\"https---fhir.hl7.org.uk-STU3-CodeSystem-CareConnect-EthnicCategory-1-PD\"> </a><a href=\"CareConnect-EthnicCategory-1.html#CareConnect-EthnicCategory-1-PD\">PD</a></td><td>Black British</td><td/></tr><tr><td style=\"white-space:nowrap\"><a name=\"https---fhir.hl7.org.uk-STU3-CodeSystem-CareConnect-EthnicCategory-1-PE\"> </a><a href=\"CareConnect-EthnicCategory-1.html#CareConnect-EthnicCategory-1-PE\">PE</a></td><td>Other Black, Black unspecified</td><td/></tr><tr><td style=\"white-space:nowrap\"><a name=\"https---fhir.hl7.org.uk-STU3-CodeSystem-CareConnect-EthnicCategory-1-R\"> </a><a href=\"CareConnect-EthnicCategory-1.html#CareConnect-EthnicCategory-1-R\">R</a></td><td>Chinese</td><td/></tr><tr><td style=\"white-space:nowrap\"><a name=\"https---fhir.hl7.org.uk-STU3-CodeSystem-CareConnect-EthnicCategory-1-S\"> </a><a href=\"CareConnect-EthnicCategory-1.html#CareConnect-EthnicCategory-1-S\">S</a></td><td>Any other ethnic group</td><td/></tr><tr><td style=\"white-space:nowrap\"><a name=\"https---fhir.hl7.org.uk-STU3-CodeSystem-CareConnect-EthnicCategory-1-SA\"> </a><a href=\"CareConnect-EthnicCategory-1.html#CareConnect-EthnicCategory-1-SA\">SA</a></td><td>Vietnamese</td><td/></tr><tr><td style=\"white-space:nowrap\"><a name=\"https---fhir.hl7.org.uk-STU3-CodeSystem-CareConnect-EthnicCategory-1-SB\"> </a><a href=\"CareConnect-EthnicCategory-1.html#CareConnect-EthnicCategory-1-SB\">SB</a></td><td>Japanese</td><td/></tr><tr><td style=\"white-space:nowrap\"><a name=\"https---fhir.hl7.org.uk-STU3-CodeSystem-CareConnect-EthnicCategory-1-SC\"> </a><a href=\"CareConnect-EthnicCategory-1.html#CareConnect-EthnicCategory-1-SC\">SC</a></td><td>Filipino</td><td/></tr><tr><td style=\"white-space:nowrap\"><a name=\"https---fhir.hl7.org.uk-STU3-CodeSystem-CareConnect-EthnicCategory-1-SD\"> </a><a href=\"CareConnect-EthnicCategory-1.html#CareConnect-EthnicCategory-1-SD\">SD</a></td><td>Malaysian</td><td/></tr><tr><td style=\"white-space:nowrap\"><a name=\"https---fhir.hl7.org.uk-STU3-CodeSystem-CareConnect-EthnicCategory-1-SE\"> </a><a href=\"CareConnect-EthnicCategory-1.html#CareConnect-EthnicCategory-1-SE\">SE</a></td><td>Any Other Group</td><td/></tr><tr><td style=\"white-space:nowrap\"><a name=\"https---fhir.hl7.org.uk-STU3-CodeSystem-CareConnect-EthnicCategory-1-Z\"> </a><a href=\"CareConnect-EthnicCategory-1.html#CareConnect-EthnicCategory-1-Z\">Z</a></td><td>Not stated</td><td/></tr></table></div>"
      },
      "extension" : [{
        "url" : "http://hl7.org/fhir/StructureDefinition/valueset-sourceReference",
        "valueUri" : "http://www.datadictionary.nhs.uk/data_dictionary/data_field_notes/p/pds/pds_ethnic_category_code_de.asp?shownav=0"
      }],
      "url" : "https://fhir.hl7.org.uk/STU3/ValueSet/CareConnect-EthnicCategory-1",
      "identifier" : [{
        "system" : "urn:ietf:rfc:3986",
        "value" : "urn:oid:2.16.840.1.113883.2.1.3.2.4.16.6"
      }],
      "version" : "1.1.0",
      "name" : "Care Connect Ethnic Category",
      "status" : "draft",
      "date" : "2018-11-02T00:00:00+00:00",
      "publisher" : "HL7 West Riding - Example",
      "contact" : [{
        "telecom" : [{
          "system" : "other",
          "value" : "http://hl7.org/Special/committees/[something]"
        }]
      }],
      "description" : "A ValueSet to identify the ethnicity of a Person, as specified by the Person. This vocabulary describes a persons ethnic category, it is an extension of the Ethnic Category Code described in the NHS Data Model and Dictionary.",
      "jurisdiction" : [{
        "coding" : [{
          "system" : "http://unstats.un.org/unsd/methods/m49/m49.htm",
          "code" : "001"
        }]
      }],
      "copyright" : "Copyright © 2016 HL7 UK",
      "expansion" : {
        "identifier" : "urn:uuid:0dd436d5-8dbd-4132-866b-51d9be729ecb",
        "timestamp" : "2019-11-25T12:07:18+00:00",
        "total" : 68,
        "parameter" : [{
          "name" : "excludeNested",
          "valueBoolean" : false
        },
        {
          "name" : "version",
          "valueUri" : "https://fhir.hl7.org.uk/STU3/CodeSystem/CareConnect-EthnicCategory-1|1.1.0"
        }],
        "contains" : [{
          "system" : "https://fhir.hl7.org.uk/STU3/CodeSystem/CareConnect-EthnicCategory-1",
          "code" : "A",
          "display" : "British, Mixed British"
        },
        {
          "system" : "https://fhir.hl7.org.uk/STU3/CodeSystem/CareConnect-EthnicCategory-1",
          "code" : "B",
          "display" : "Irish"
        },
        {
          "system" : "https://fhir.hl7.org.uk/STU3/CodeSystem/CareConnect-EthnicCategory-1",
          "code" : "C",
          "display" : "Any other White background"
        },
        {
          "system" : "https://fhir.hl7.org.uk/STU3/CodeSystem/CareConnect-EthnicCategory-1",
          "code" : "C2",
          "display" : "Northern Irish"
        },
        {
          "system" : "https://fhir.hl7.org.uk/STU3/CodeSystem/CareConnect-EthnicCategory-1",
          "code" : "C3",
          "display" : "Other white, white unspecified"
        },
        {
          "system" : "https://fhir.hl7.org.uk/STU3/CodeSystem/CareConnect-EthnicCategory-1",
          "code" : "CA",
          "display" : "English"
        },
        {
          "system" : "https://fhir.hl7.org.uk/STU3/CodeSystem/CareConnect-EthnicCategory-1",
          "code" : "CB",
          "display" : "Scottish"
        },
        {
          "system" : "https://fhir.hl7.org.uk/STU3/CodeSystem/CareConnect-EthnicCategory-1",
          "code" : "CC",
          "display" : "Welsh"
        },
        {
          "system" : "https://fhir.hl7.org.uk/STU3/CodeSystem/CareConnect-EthnicCategory-1",
          "code" : "CD",
          "display" : "Cornish"
        },
        {
          "system" : "https://fhir.hl7.org.uk/STU3/CodeSystem/CareConnect-EthnicCategory-1",
          "code" : "CE",
          "display" : "Cypriot (part not stated)"
        },
        {
          "system" : "https://fhir.hl7.org.uk/STU3/CodeSystem/CareConnect-EthnicCategory-1",
          "code" : "CF",
          "display" : "Greek"
        },
        {
          "system" : "https://fhir.hl7.org.uk/STU3/CodeSystem/CareConnect-EthnicCategory-1",
          "code" : "CG",
          "display" : "Greek Cypriot"
        },
        {
          "system" : "https://fhir.hl7.org.uk/STU3/CodeSystem/CareConnect-EthnicCategory-1",
          "code" : "CH",
          "display" : "Turkish"
        },
        {
          "system" : "https://fhir.hl7.org.uk/STU3/CodeSystem/CareConnect-EthnicCategory-1",
          "code" : "CJ",
          "display" : "Turkish Cypriot"
        },
        {
          "system" : "https://fhir.hl7.org.uk/STU3/CodeSystem/CareConnect-EthnicCategory-1",
          "code" : "CK",
          "display" : "Italian"
        },
        {
          "system" : "https://fhir.hl7.org.uk/STU3/CodeSystem/CareConnect-EthnicCategory-1",
          "code" : "CL",
          "display" : "Irish Traveller"
        },
        {
          "system" : "https://fhir.hl7.org.uk/STU3/CodeSystem/CareConnect-EthnicCategory-1",
          "code" : "CM",
          "display" : "Traveller"
        },
        {
          "system" : "https://fhir.hl7.org.uk/STU3/CodeSystem/CareConnect-EthnicCategory-1",
          "code" : "CN",
          "display" : "Gypsy/Romany"
        },
        {
          "system" : "https://fhir.hl7.org.uk/STU3/CodeSystem/CareConnect-EthnicCategory-1",
          "code" : "CP",
          "display" : "Polish"
        },
        {
          "system" : "https://fhir.hl7.org.uk/STU3/CodeSystem/CareConnect-EthnicCategory-1",
          "code" : "CQ",
          "display" : "All republics which made up the former USSR"
        },
        {
          "system" : "https://fhir.hl7.org.uk/STU3/CodeSystem/CareConnect-EthnicCategory-1",
          "code" : "CR",
          "display" : "Kosovan"
        },
        {
          "system" : "https://fhir.hl7.org.uk/STU3/CodeSystem/CareConnect-EthnicCategory-1",
          "code" : "CS",
          "display" : "Albanian"
        },
        {
          "system" : "https://fhir.hl7.org.uk/STU3/CodeSystem/CareConnect-EthnicCategory-1",
          "code" : "CT",
          "display" : "Bosnian"
        },
        {
          "system" : "https://fhir.hl7.org.uk/STU3/CodeSystem/CareConnect-EthnicCategory-1",
          "code" : "CU",
          "display" : "Croatian"
        },
        {
          "system" : "https://fhir.hl7.org.uk/STU3/CodeSystem/CareConnect-EthnicCategory-1",
          "code" : "CV",
          "display" : "Serbian"
        },
        {
          "system" : "https://fhir.hl7.org.uk/STU3/CodeSystem/CareConnect-EthnicCategory-1",
          "code" : "CW",
          "display" : "Other republics which made up the former Yugoslavia"
        },
        {
          "system" : "https://fhir.hl7.org.uk/STU3/CodeSystem/CareConnect-EthnicCategory-1",
          "code" : "CX",
          "display" : "Mixed white"
        },
        {
          "system" : "https://fhir.hl7.org.uk/STU3/CodeSystem/CareConnect-EthnicCategory-1",
          "code" : "CY",
          "display" : "Other white European, European unspecified, European mixed"
        },
        {
          "system" : "https://fhir.hl7.org.uk/STU3/CodeSystem/CareConnect-EthnicCategory-1",
          "code" : "D",
          "display" : "White and Black Caribbean"
        },
        {
          "system" : "https://fhir.hl7.org.uk/STU3/CodeSystem/CareConnect-EthnicCategory-1",
          "code" : "E",
          "display" : "White and Black African"
        },
        {
          "system" : "https://fhir.hl7.org.uk/STU3/CodeSystem/CareConnect-EthnicCategory-1",
          "code" : "F",
          "display" : "White and Asian"
        },
        {
          "system" : "https://fhir.hl7.org.uk/STU3/CodeSystem/CareConnect-EthnicCategory-1",
          "code" : "G",
          "display" : "Any other mixed background"
        },
        {
          "system" : "https://fhir.hl7.org.uk/STU3/CodeSystem/CareConnect-EthnicCategory-1",
          "code" : "GA",
          "display" : "Black and Asian"
        },
        {
          "system" : "https://fhir.hl7.org.uk/STU3/CodeSystem/CareConnect-EthnicCategory-1",
          "code" : "GB",
          "display" : "Black and Chinese"
        },
        {
          "system" : "https://fhir.hl7.org.uk/STU3/CodeSystem/CareConnect-EthnicCategory-1",
          "code" : "GC",
          "display" : "Black and White"
        },
        {
          "system" : "https://fhir.hl7.org.uk/STU3/CodeSystem/CareConnect-EthnicCategory-1",
          "code" : "GD",
          "display" : "Chinese and White"
        },
        {
          "system" : "https://fhir.hl7.org.uk/STU3/CodeSystem/CareConnect-EthnicCategory-1",
          "code" : "GE",
          "display" : "Asian and Chinese"
        },
        {
          "system" : "https://fhir.hl7.org.uk/STU3/CodeSystem/CareConnect-EthnicCategory-1",
          "code" : "GF",
          "display" : "Other Mixed, Mixed Unspecified"
        },
        {
          "system" : "https://fhir.hl7.org.uk/STU3/CodeSystem/CareConnect-EthnicCategory-1",
          "code" : "H",
          "display" : "Indian or British Indian"
        },
        {
          "system" : "https://fhir.hl7.org.uk/STU3/CodeSystem/CareConnect-EthnicCategory-1",
          "code" : "J",
          "display" : "Pakistani or British Pakistani"
        },
        {
          "system" : "https://fhir.hl7.org.uk/STU3/CodeSystem/CareConnect-EthnicCategory-1",
          "code" : "K",
          "display" : "Bangladeshi or British Bangladeshi"
        },
        {
          "system" : "https://fhir.hl7.org.uk/STU3/CodeSystem/CareConnect-EthnicCategory-1",
          "code" : "L",
          "display" : "Any other Asian background"
        },
        {
          "system" : "https://fhir.hl7.org.uk/STU3/CodeSystem/CareConnect-EthnicCategory-1",
          "code" : "LA",
          "display" : "Mixed Asian"
        },
        {
          "system" : "https://fhir.hl7.org.uk/STU3/CodeSystem/CareConnect-EthnicCategory-1",
          "code" : "LB",
          "display" : "Punjabi"
        },
        {
          "system" : "https://fhir.hl7.org.uk/STU3/CodeSystem/CareConnect-EthnicCategory-1",
          "code" : "LC",
          "display" : "Kashmiri"
        },
        {
          "system" : "https://fhir.hl7.org.uk/STU3/CodeSystem/CareConnect-EthnicCategory-1",
          "code" : "LD",
          "display" : "East African Asian"
        },
        {
          "system" : "https://fhir.hl7.org.uk/STU3/CodeSystem/CareConnect-EthnicCategory-1",
          "code" : "LE",
          "display" : "Sri Lanka"
        },
        {
          "system" : "https://fhir.hl7.org.uk/STU3/CodeSystem/CareConnect-EthnicCategory-1",
          "code" : "LF",
          "display" : "Tamil"
        },
        {
          "system" : "https://fhir.hl7.org.uk/STU3/CodeSystem/CareConnect-EthnicCategory-1",
          "code" : "LG",
          "display" : "Sinhalese"
        },
        {
          "system" : "https://fhir.hl7.org.uk/STU3/CodeSystem/CareConnect-EthnicCategory-1",
          "code" : "LH",
          "display" : "British Asian"
        },
        {
          "system" : "https://fhir.hl7.org.uk/STU3/CodeSystem/CareConnect-EthnicCategory-1",
          "code" : "LJ",
          "display" : "Caribbean Asian"
        },
        {
          "system" : "https://fhir.hl7.org.uk/STU3/CodeSystem/CareConnect-EthnicCategory-1",
          "code" : "LK",
          "display" : "Other Asian, Asian unspecified"
        },
        {
          "system" : "https://fhir.hl7.org.uk/STU3/CodeSystem/CareConnect-EthnicCategory-1",
          "code" : "M",
          "display" : "Caribbean"
        },
        {
          "system" : "https://fhir.hl7.org.uk/STU3/CodeSystem/CareConnect-EthnicCategory-1",
          "code" : "N",
          "display" : "African"
        },
        {
          "system" : "https://fhir.hl7.org.uk/STU3/CodeSystem/CareConnect-EthnicCategory-1",
          "code" : "P",
          "display" : "Any other Black background"
        },
        {
          "system" : "https://fhir.hl7.org.uk/STU3/CodeSystem/CareConnect-EthnicCategory-1",
          "code" : "PA",
          "display" : "Somali"
        },
        {
          "system" : "https://fhir.hl7.org.uk/STU3/CodeSystem/CareConnect-EthnicCategory-1",
          "code" : "PB",
          "display" : "Mixed Black"
        },
        {
          "system" : "https://fhir.hl7.org.uk/STU3/CodeSystem/CareConnect-EthnicCategory-1",
          "code" : "PC",
          "display" : "Nigerian"
        },
        {
          "system" : "https://fhir.hl7.org.uk/STU3/CodeSystem/CareConnect-EthnicCategory-1",
          "code" : "PD",
          "display" : "Black British"
        },
        {
          "system" : "https://fhir.hl7.org.uk/STU3/CodeSystem/CareConnect-EthnicCategory-1",
          "code" : "PE",
          "display" : "Other Black, Black unspecified"
        },
        {
          "system" : "https://fhir.hl7.org.uk/STU3/CodeSystem/CareConnect-EthnicCategory-1",
          "code" : "R",
          "display" : "Chinese"
        },
        {
          "system" : "https://fhir.hl7.org.uk/STU3/CodeSystem/CareConnect-EthnicCategory-1",
          "code" : "S",
          "display" : "Any other ethnic group"
        },
        {
          "system" : "https://fhir.hl7.org.uk/STU3/CodeSystem/CareConnect-EthnicCategory-1",
          "code" : "SA",
          "display" : "Vietnamese"
        },
        {
          "system" : "https://fhir.hl7.org.uk/STU3/CodeSystem/CareConnect-EthnicCategory-1",
          "code" : "SB",
          "display" : "Japanese"
        },
        {
          "system" : "https://fhir.hl7.org.uk/STU3/CodeSystem/CareConnect-EthnicCategory-1",
          "code" : "SC",
          "display" : "Filipino"
        },
        {
          "system" : "https://fhir.hl7.org.uk/STU3/CodeSystem/CareConnect-EthnicCategory-1",
          "code" : "SD",
          "display" : "Malaysian"
        },
        {
          "system" : "https://fhir.hl7.org.uk/STU3/CodeSystem/CareConnect-EthnicCategory-1",
          "code" : "SE",
          "display" : "Any Other Group"
        },
        {
          "system" : "https://fhir.hl7.org.uk/STU3/CodeSystem/CareConnect-EthnicCategory-1",
          "code" : "Z",
          "display" : "Not stated"
        }]
      }
    }
  },
  {
    "fullUrl" : "https://fhir.hl7.org.uk/STU3/ValueSet/CareConnect-SourceOfAdmission-1",
    "resource" : {
      "resourceType" : "ValueSet",
      "id" : "CareConnect-SourceOfAdmission-1",
      "text" : {
        "status" : "generated",
        "div" : "<div xmlns=\"http://www.w3.org/1999/xhtml\"><p>This value set contains 14 concepts</p><p style=\"border: black 1px dotted; background-color: #EEEEEE; padding: 8px\">Expansion based on https://fhir.hl7.org.uk/STU3/CodeSystem/CareConnect-SourceOfAdmission-1 version 1.1.0</p><p>All codes from system <a href=\"CareConnect-SourceOfAdmission-1.html\"><code>https://fhir.hl7.org.uk/STU3/CodeSystem/CareConnect-SourceOfAdmission-1</code></a></p><table class=\"codes\"><tr><td style=\"white-space:nowrap\"><b>Code</b></td><td><b>Display</b></td><td><b>Definition</b></td></tr><tr><td style=\"white-space:nowrap\"><a name=\"https---fhir.hl7.org.uk-STU3-CodeSystem-CareConnect-SourceOfAdmission-1-19\"> </a><a href=\"CareConnect-SourceOfAdmission-1.html#CareConnect-SourceOfAdmission-1-19\">19</a></td><td>Usual place of residence unless listed below, for example, a private dwelling whether owner occupied or owned by Local Authority, housing association or other landlord. This includes wardened accommodation but not residential accommodation where health care is provided. It also includes Patients with no fixed abode.</td><td/></tr><tr><td style=\"white-space:nowrap\"><a name=\"https---fhir.hl7.org.uk-STU3-CodeSystem-CareConnect-SourceOfAdmission-1-29\"> </a><a href=\"CareConnect-SourceOfAdmission-1.html#CareConnect-SourceOfAdmission-1-29\">29</a></td><td>Temporary place of residence when usually resident elsewhere (e.g. hotels, residential Educational Establishments)</td><td/></tr><tr><td style=\"white-space:nowrap\"><a name=\"https---fhir.hl7.org.uk-STU3-CodeSystem-CareConnect-SourceOfAdmission-1-39\"> </a><a href=\"CareConnect-SourceOfAdmission-1.html#CareConnect-SourceOfAdmission-1-39\">39</a></td><td>Penal establishment, Court, or Police Station / Police Custody Suite</td><td/></tr><tr><td style=\"white-space:nowrap\"><a name=\"https---fhir.hl7.org.uk-STU3-CodeSystem-CareConnect-SourceOfAdmission-1-49\"> </a><a href=\"CareConnect-SourceOfAdmission-1.html#CareConnect-SourceOfAdmission-1-49\">49</a></td><td>NHS other Hospital Provider - high security psychiatric accommodation in an NHS Hospital Provider (NHS Trust or NHS Foundation Trust)</td><td/></tr><tr><td style=\"white-space:nowrap\"><a name=\"https---fhir.hl7.org.uk-STU3-CodeSystem-CareConnect-SourceOfAdmission-1-51\"> </a><a href=\"CareConnect-SourceOfAdmission-1.html#CareConnect-SourceOfAdmission-1-51\">51</a></td><td>NHS other Hospital Provider - Ward for general Patients or the younger physically disabled or A and E department</td><td>National Code 51 'NHS other hospital provider - Ward for general Patients or the younger physically disabled or A and E department' should not be used if the Patient arrives at an Accident and Emergency Department and is admitted to the same Hospital Provider.</td></tr><tr><td style=\"white-space:nowrap\"><a name=\"https---fhir.hl7.org.uk-STU3-CodeSystem-CareConnect-SourceOfAdmission-1-52\"> </a><a href=\"CareConnect-SourceOfAdmission-1.html#CareConnect-SourceOfAdmission-1-52\">52</a></td><td>NHS other Hospital Provider - Ward for maternity Patients or Neonates</td><td/></tr><tr><td style=\"white-space:nowrap\"><a name=\"https---fhir.hl7.org.uk-STU3-CodeSystem-CareConnect-SourceOfAdmission-1-53\"> </a><a href=\"CareConnect-SourceOfAdmission-1.html#CareConnect-SourceOfAdmission-1-53\">53</a></td><td>NHS other Hospital Provider - Ward for Patients who are mentally ill or have Learning Disabilities</td><td/></tr><tr><td style=\"white-space:nowrap\"><a name=\"https---fhir.hl7.org.uk-STU3-CodeSystem-CareConnect-SourceOfAdmission-1-54\"> </a><a href=\"CareConnect-SourceOfAdmission-1.html#CareConnect-SourceOfAdmission-1-54\">54</a></td><td>NHS run Care Home</td><td/></tr><tr><td style=\"white-space:nowrap\"><a name=\"https---fhir.hl7.org.uk-STU3-CodeSystem-CareConnect-SourceOfAdmission-1-65\"> </a><a href=\"CareConnect-SourceOfAdmission-1.html#CareConnect-SourceOfAdmission-1-65\">65</a></td><td>Local Authority residential accommodation i.e. where care is provided</td><td/></tr><tr><td style=\"white-space:nowrap\"><a name=\"https---fhir.hl7.org.uk-STU3-CodeSystem-CareConnect-SourceOfAdmission-1-66\"> </a><a href=\"CareConnect-SourceOfAdmission-1.html#CareConnect-SourceOfAdmission-1-66\">66</a></td><td>Local Authority foster care</td><td/></tr><tr><td style=\"white-space:nowrap\"><a name=\"https---fhir.hl7.org.uk-STU3-CodeSystem-CareConnect-SourceOfAdmission-1-79\"> </a><a href=\"CareConnect-SourceOfAdmission-1.html#CareConnect-SourceOfAdmission-1-79\">79</a></td><td>Babies born in or on the way to hospital</td><td/></tr><tr><td style=\"white-space:nowrap\"><a name=\"https---fhir.hl7.org.uk-STU3-CodeSystem-CareConnect-SourceOfAdmission-1-85\"> </a><a href=\"CareConnect-SourceOfAdmission-1.html#CareConnect-SourceOfAdmission-1-85\">85</a></td><td>Non-NHS (other than Local Authority) run Care Home</td><td/></tr><tr><td style=\"white-space:nowrap\"><a name=\"https---fhir.hl7.org.uk-STU3-CodeSystem-CareConnect-SourceOfAdmission-1-87\"> </a><a href=\"CareConnect-SourceOfAdmission-1.html#CareConnect-SourceOfAdmission-1-87\">87</a></td><td>Non NHS run hospital</td><td/></tr><tr><td style=\"white-space:nowrap\"><a name=\"https---fhir.hl7.org.uk-STU3-CodeSystem-CareConnect-SourceOfAdmission-1-88\"> </a><a href=\"CareConnect-SourceOfAdmission-1.html#CareConnect-SourceOfAdmission-1-88\">88</a></td><td>Non-NHS (other than Local Authority) run Hospice</td><td/></tr></table></div>"
      },
      "extension" : [{
        "url" : "http://hl7.org/fhir/StructureDefinition/valueset-sourceReference",
        "valueUri" : "http://www.datadictionary.nhs.uk/data_dictionary/attributes/s/smo/source_of_admission_de.asp?shownav=1"
      }],
      "url" : "https://fhir.hl7.org.uk/STU3/ValueSet/CareConnect-SourceOfAdmission-1",
      "version" : "1.1.0",
      "name" : "NHS Data Model and Dictionary Source Of Admission",
      "status" : "draft",
      "date" : "2018-11-14T00:00:00+00:00",
      "publisher" : "HL7 West Riding - Example",
      "contact" : [{
        "telecom" : [{
          "system" : "other",
          "value" : "http://hl7.org/Special/committees/[something]"
        }]
      }],
      "description" : "The source of admission to a Hospital Provider Spell or a Nursing Episode when the Patient is in a Hospital Site or a Care Home.",
      "jurisdiction" : [{
        "coding" : [{
          "system" : "http://unstats.un.org/unsd/methods/m49/m49.htm",
          "code" : "001"
        }]
      }],
      "copyright" : "Copyright © 2016 HL7 UK",
      "expansion" : {
        "identifier" : "urn:uuid:756d4b96-cdd7-44e3-8bf3-1c8d6c597d6e",
        "timestamp" : "2019-11-25T12:07:18+00:00",
        "total" : 14,
        "parameter" : [{
          "name" : "excludeNested",
          "valueBoolean" : false
        },
        {
          "name" : "version",
          "valueUri" : "https://fhir.hl7.org.uk/STU3/CodeSystem/CareConnect-SourceOfAdmission-1|1.1.0"
        }],
        "contains" : [{
          "system" : "https://fhir.hl7.org.uk/STU3/CodeSystem/CareConnect-SourceOfAdmission-1",
          "code" : "19",
          "display" : "Usual place of residence unless listed below, for example, a private dwelling whether owner occupied or owned by Local Authority, housing association or other landlord. This includes wardened accommodation but not residential accommodation where health care is provided. It also includes Patients with no fixed abode."
        },
        {
          "system" : "https://fhir.hl7.org.uk/STU3/CodeSystem/CareConnect-SourceOfAdmission-1",
          "code" : "29",
          "display" : "Temporary place of residence when usually resident elsewhere (e.g. hotels, residential Educational Establishments)"
        },
        {
          "system" : "https://fhir.hl7.org.uk/STU3/CodeSystem/CareConnect-SourceOfAdmission-1",
          "code" : "39",
          "display" : "Penal establishment, Court, or Police Station / Police Custody Suite"
        },
        {
          "system" : "https://fhir.hl7.org.uk/STU3/CodeSystem/CareConnect-SourceOfAdmission-1",
          "code" : "49",
          "display" : "NHS other Hospital Provider - high security psychiatric accommodation in an NHS Hospital Provider (NHS Trust or NHS Foundation Trust)"
        },
        {
          "system" : "https://fhir.hl7.org.uk/STU3/CodeSystem/CareConnect-SourceOfAdmission-1",
          "code" : "51",
          "display" : "NHS other Hospital Provider - Ward for general Patients or the younger physically disabled or A and E department"
        },
        {
          "system" : "https://fhir.hl7.org.uk/STU3/CodeSystem/CareConnect-SourceOfAdmission-1",
          "code" : "52",
          "display" : "NHS other Hospital Provider - Ward for maternity Patients or Neonates"
        },
        {
          "system" : "https://fhir.hl7.org.uk/STU3/CodeSystem/CareConnect-SourceOfAdmission-1",
          "code" : "53",
          "display" : "NHS other Hospital Provider - Ward for Patients who are mentally ill or have Learning Disabilities"
        },
        {
          "system" : "https://fhir.hl7.org.uk/STU3/CodeSystem/CareConnect-SourceOfAdmission-1",
          "code" : "54",
          "display" : "NHS run Care Home"
        },
        {
          "system" : "https://fhir.hl7.org.uk/STU3/CodeSystem/CareConnect-SourceOfAdmission-1",
          "code" : "65",
          "display" : "Local Authority residential accommodation i.e. where care is provided"
        },
        {
          "system" : "https://fhir.hl7.org.uk/STU3/CodeSystem/CareConnect-SourceOfAdmission-1",
          "code" : "66",
          "display" : "Local Authority foster care"
        },
        {
          "system" : "https://fhir.hl7.org.uk/STU3/CodeSystem/CareConnect-SourceOfAdmission-1",
          "code" : "79",
          "display" : "Babies born in or on the way to hospital"
        },
        {
          "system" : "https://fhir.hl7.org.uk/STU3/CodeSystem/CareConnect-SourceOfAdmission-1",
          "code" : "85",
          "display" : "Non-NHS (other than Local Authority) run Care Home"
        },
        {
          "system" : "https://fhir.hl7.org.uk/STU3/CodeSystem/CareConnect-SourceOfAdmission-1",
          "code" : "87",
          "display" : "Non NHS run hospital"
        },
        {
          "system" : "https://fhir.hl7.org.uk/STU3/CodeSystem/CareConnect-SourceOfAdmission-1",
          "code" : "88",
          "display" : "Non-NHS (other than Local Authority) run Hospice"
        }]
      }
    }
  },
  {
    "fullUrl" : "https://fhir.hl7.org.uk/STU3/ValueSet/CareConnect-NHSNumberVerificationStatus-1",
    "resource" : {
      "resourceType" : "ValueSet",
      "id" : "CareConnect-NHSNumberVerificationStatus-1",
      "text" : {
        "status" : "generated",
        "div" : "<div xmlns=\"http://www.w3.org/1999/xhtml\"><p>This value set contains 8 concepts</p><p style=\"border: black 1px dotted; background-color: #EEEEEE; padding: 8px\">Expansion based on https://fhir.hl7.org.uk/STU3/CodeSystem/CareConnect-NHSNumberVerificationStatus-1 version 1.1.0</p><p>All codes from system <a href=\"CareConnect-NHSNumberVerificationStatus-1.html\"><code>https://fhir.hl7.org.uk/STU3/CodeSystem/CareConnect-NHSNumberVerificationStatus-1</code></a></p><table class=\"codes\"><tr><td style=\"white-space:nowrap\"><b>Code</b></td><td><b>Display</b></td><td><b>Definition</b></td></tr><tr><td style=\"white-space:nowrap\"><a name=\"https---fhir.hl7.org.uk-STU3-CodeSystem-CareConnect-NHSNumberVerificationStatus-1-01\"> </a><a href=\"CareConnect-NHSNumberVerificationStatus-1.html#CareConnect-NHSNumberVerificationStatus-1-01\">01</a></td><td>Number present and verified</td><td/></tr><tr><td style=\"white-space:nowrap\"><a name=\"https---fhir.hl7.org.uk-STU3-CodeSystem-CareConnect-NHSNumberVerificationStatus-1-02\"> </a><a href=\"CareConnect-NHSNumberVerificationStatus-1.html#CareConnect-NHSNumberVerificationStatus-1-02\">02</a></td><td>Number present but not traced</td><td/></tr><tr><td style=\"white-space:nowrap\"><a name=\"https---fhir.hl7.org.uk-STU3-CodeSystem-CareConnect-NHSNumberVerificationStatus-1-03\"> </a><a href=\"CareConnect-NHSNumberVerificationStatus-1.html#CareConnect-NHSNumberVerificationStatus-1-03\">03</a></td><td>Trace required</td><td/></tr><tr><td style=\"white-space:nowrap\"><a name=\"https---fhir.hl7.org.uk-STU3-CodeSystem-CareConnect-NHSNumberVerificationStatus-1-04\"> </a><a href=\"CareConnect-NHSNumberVerificationStatus-1.html#CareConnect-NHSNumberVerificationStatus-1-04\">04</a></td><td>Trace attempted - No match or multiple match found</td><td/></tr><tr><td style=\"white-space:nowrap\"><a name=\"https---fhir.hl7.org.uk-STU3-CodeSystem-CareConnect-NHSNumberVerificationStatus-1-05\"> </a><a href=\"CareConnect-NHSNumberVerificationStatus-1.html#CareConnect-NHSNumberVerificationStatus-1-05\">05</a></td><td>Trace needs to be resolved - (NHS number or patient detail conflict)</td><td/></tr><tr><td style=\"white-space:nowrap\"><a name=\"https---fhir.hl7.org.uk-STU3-CodeSystem-CareConnect-NHSNumberVerificationStatus-1-06\"> </a><a href=\"CareConnect-NHSNumberVerificationStatus-1.html#CareConnect-NHSNumberVerificationStatus-1-06\">06</a></td><td>Trace in progress</td><td/></tr><tr><td style=\"white-space:nowrap\"><a name=\"https---fhir.hl7.org.uk-STU3-CodeSystem-CareConnect-NHSNumberVerificationStatus-1-07\"> </a><a href=\"CareConnect-NHSNumberVerificationStatus-1.html#CareConnect-NHSNumberVerificationStatus-1-07\">07</a></td><td>Number not present and trace not required</td><td/></tr><tr><td style=\"white-space:nowrap\"><a name=\"https---fhir.hl7.org.uk-STU3-CodeSystem-CareConnect-NHSNumberVerificationStatus-1-08\"> </a><a href=\"CareConnect-NHSNumberVerificationStatus-1.html#CareConnect-NHSNumberVerificationStatus-1-08\">08</a></td><td>Trace postponed (baby under six weeks old)</td><td/></tr></table></div>"
      },
      "extension" : [{
        "url" : "http://hl7.org/fhir/StructureDefinition/valueset-sourceReference",
        "valueUri" : "http://www.datadictionary.nhs.uk/data_dictionary/data_field_notes/n/nhs/nhs_number_status_indicator_code_de.asp?shownav=1"
      }],
      "url" : "https://fhir.hl7.org.uk/STU3/ValueSet/CareConnect-NHSNumberVerificationStatus-1",
      "identifier" : [{
        "system" : "urn:ietf:rfc:3986",
        "value" : "urn:oid:2.16.840.1.113883.2.1.3.2.4.17.70"
      }],
      "version" : "1.1.0",
      "name" : "Care Connect NHS Number Verification Status",
      "status" : "draft",
      "date" : "2018-11-02T00:00:00+00:00",
      "publisher" : "HL7 West Riding - Example",
      "contact" : [{
        "telecom" : [{
          "system" : "other",
          "value" : "http://hl7.org/Special/committees/[something]"
        }]
      }],
      "description" : "A ValueSet that identifies the trace status of the NHS number.  The CodeSystem is comprised of codes from the NHS Data Model and Dictionary: NHS Number Status Indicator Code.",
      "jurisdiction" : [{
        "coding" : [{
          "system" : "http://unstats.un.org/unsd/methods/m49/m49.htm",
          "code" : "001"
        }]
      }],
      "copyright" : "Copyright © 2016 HL7 UK",
      "expansion" : {
        "identifier" : "urn:uuid:cd87a569-db54-4136-ad36-a9e6d1e736c8",
        "timestamp" : "2019-11-25T12:07:18+00:00",
        "total" : 8,
        "parameter" : [{
          "name" : "excludeNested",
          "valueBoolean" : false
        },
        {
          "name" : "version",
          "valueUri" : "https://fhir.hl7.org.uk/STU3/CodeSystem/CareConnect-NHSNumberVerificationStatus-1|1.1.0"
        }],
        "contains" : [{
          "system" : "https://fhir.hl7.org.uk/STU3/CodeSystem/CareConnect-NHSNumberVerificationStatus-1",
          "code" : "01",
          "display" : "Number present and verified"
        },
        {
          "system" : "https://fhir.hl7.org.uk/STU3/CodeSystem/CareConnect-NHSNumberVerificationStatus-1",
          "code" : "02",
          "display" : "Number present but not traced"
        },
        {
          "system" : "https://fhir.hl7.org.uk/STU3/CodeSystem/CareConnect-NHSNumberVerificationStatus-1",
          "code" : "03",
          "display" : "Trace required"
        },
        {
          "system" : "https://fhir.hl7.org.uk/STU3/CodeSystem/CareConnect-NHSNumberVerificationStatus-1",
          "code" : "04",
          "display" : "Trace attempted - No match or multiple match found"
        },
        {
          "system" : "https://fhir.hl7.org.uk/STU3/CodeSystem/CareConnect-NHSNumberVerificationStatus-1",
          "code" : "05",
          "display" : "Trace needs to be resolved - (NHS number or patient detail conflict)"
        },
        {
          "system" : "https://fhir.hl7.org.uk/STU3/CodeSystem/CareConnect-NHSNumberVerificationStatus-1",
          "code" : "06",
          "display" : "Trace in progress"
        },
        {
          "system" : "https://fhir.hl7.org.uk/STU3/CodeSystem/CareConnect-NHSNumberVerificationStatus-1",
          "code" : "07",
          "display" : "Number not present and trace not required"
        },
        {
          "system" : "https://fhir.hl7.org.uk/STU3/CodeSystem/CareConnect-NHSNumberVerificationStatus-1",
          "code" : "08",
          "display" : "Trace postponed (baby under six weeks old)"
        }]
      }
    }
  },
  {
    "fullUrl" : "https://fhir.hl7.org.uk/STU3/ValueSet/CareConnect-DischargeDestination-1",
    "resource" : {
      "resourceType" : "ValueSet",
      "id" : "CareConnect-DischargeDestination-1",
      "text" : {
        "status" : "generated",
        "div" : "<div xmlns=\"http://www.w3.org/1999/xhtml\"><p>This value set contains 19 concepts</p><p style=\"border: black 1px dotted; background-color: #EEEEEE; padding: 8px\">Expansion based on https://fhir.hl7.org.uk/STU3/CodeSystem/CareConnect-DischargeDestination-1 version 1.1.0</p><p>All codes from system <a href=\"CareConnect-DischargeDestination-1.html\"><code>https://fhir.hl7.org.uk/STU3/CodeSystem/CareConnect-DischargeDestination-1</code></a></p><table class=\"codes\"><tr><td style=\"white-space:nowrap\"><b>Code</b></td><td><b>Display</b></td><td><b>Definition</b></td></tr><tr><td style=\"white-space:nowrap\"><a name=\"https---fhir.hl7.org.uk-STU3-CodeSystem-CareConnect-DischargeDestination-1-19\"> </a><a href=\"CareConnect-DischargeDestination-1.html#CareConnect-DischargeDestination-1-19\">19</a></td><td>Usual place of residence unless listed below, for example, a private dwelling whether owner occupied or owned by Local Authority, housing association or other landlord. This includes wardened accommodation but not residential accommodation where health care is provided. It also includes Patients with no fixed abode.</td><td/></tr><tr><td style=\"white-space:nowrap\"><a name=\"https---fhir.hl7.org.uk-STU3-CodeSystem-CareConnect-DischargeDestination-1-29\"> </a><a href=\"CareConnect-DischargeDestination-1.html#CareConnect-DischargeDestination-1-29\">29</a></td><td>Temporary place of residence when usually resident elsewhere (e.g. hotels, residential Educational Establishment)</td><td/></tr><tr><td style=\"white-space:nowrap\"><a name=\"https---fhir.hl7.org.uk-STU3-CodeSystem-CareConnect-DischargeDestination-1-30\"> </a><a href=\"CareConnect-DischargeDestination-1.html#CareConnect-DischargeDestination-1-30\">30</a></td><td>Repatriation from high security psychiatric accommodation in an NHS Hospital Provider (NHS Trust or NHS Foundation Trust)</td><td/></tr><tr><td style=\"white-space:nowrap\"><a name=\"https---fhir.hl7.org.uk-STU3-CodeSystem-CareConnect-DischargeDestination-1-37\"> </a><a href=\"CareConnect-DischargeDestination-1.html#CareConnect-DischargeDestination-1-37\">37</a></td><td>Court</td><td/></tr><tr><td style=\"white-space:nowrap\"><a name=\"https---fhir.hl7.org.uk-STU3-CodeSystem-CareConnect-DischargeDestination-1-38\"> </a><a href=\"CareConnect-DischargeDestination-1.html#CareConnect-DischargeDestination-1-38\">38</a></td><td>Penal establishment or police station</td><td/></tr><tr><td style=\"white-space:nowrap\"><a name=\"https---fhir.hl7.org.uk-STU3-CodeSystem-CareConnect-DischargeDestination-1-48\"> </a><a href=\"CareConnect-DischargeDestination-1.html#CareConnect-DischargeDestination-1-48\">48</a></td><td>High Security Psychiatric Hospital, Scotland</td><td/></tr><tr><td style=\"white-space:nowrap\"><a name=\"https---fhir.hl7.org.uk-STU3-CodeSystem-CareConnect-DischargeDestination-1-49\"> </a><a href=\"CareConnect-DischargeDestination-1.html#CareConnect-DischargeDestination-1-49\">49</a></td><td>NHS other Hospital Provider - high security psychiatric accommodation</td><td/></tr><tr><td style=\"white-space:nowrap\"><a name=\"https---fhir.hl7.org.uk-STU3-CodeSystem-CareConnect-DischargeDestination-1-50\"> </a><a href=\"CareConnect-DischargeDestination-1.html#CareConnect-DischargeDestination-1-50\">50</a></td><td>NHS other Hospital Provider - medium secure unit</td><td/></tr><tr><td style=\"white-space:nowrap\"><a name=\"https---fhir.hl7.org.uk-STU3-CodeSystem-CareConnect-DischargeDestination-1-51\"> </a><a href=\"CareConnect-DischargeDestination-1.html#CareConnect-DischargeDestination-1-51\">51</a></td><td>NHS other Hospital Provider - Ward for general Patients or the younger physically disabled</td><td/></tr><tr><td style=\"white-space:nowrap\"><a name=\"https---fhir.hl7.org.uk-STU3-CodeSystem-CareConnect-DischargeDestination-1-52\"> </a><a href=\"CareConnect-DischargeDestination-1.html#CareConnect-DischargeDestination-1-52\">52</a></td><td>NHS other Hospital Provider - Ward for maternity Patients or Neonates</td><td/></tr><tr><td style=\"white-space:nowrap\"><a name=\"https---fhir.hl7.org.uk-STU3-CodeSystem-CareConnect-DischargeDestination-1-53\"> </a><a href=\"CareConnect-DischargeDestination-1.html#CareConnect-DischargeDestination-1-53\">53</a></td><td>NHS other Hospital Provider - Ward for Patients who are mentally ill or have Learning Disabilities</td><td/></tr><tr><td style=\"white-space:nowrap\"><a name=\"https---fhir.hl7.org.uk-STU3-CodeSystem-CareConnect-DischargeDestination-1-54\"> </a><a href=\"CareConnect-DischargeDestination-1.html#CareConnect-DischargeDestination-1-54\">54</a></td><td>NHS run Care Home</td><td/></tr><tr><td style=\"white-space:nowrap\"><a name=\"https---fhir.hl7.org.uk-STU3-CodeSystem-CareConnect-DischargeDestination-1-65\"> </a><a href=\"CareConnect-DischargeDestination-1.html#CareConnect-DischargeDestination-1-65\">65</a></td><td>Local Authority residential accommodation i.e. where care is provided</td><td/></tr><tr><td style=\"white-space:nowrap\"><a name=\"https---fhir.hl7.org.uk-STU3-CodeSystem-CareConnect-DischargeDestination-1-66\"> </a><a href=\"CareConnect-DischargeDestination-1.html#CareConnect-DischargeDestination-1-66\">66</a></td><td>Local Authority foster care</td><td/></tr><tr><td style=\"white-space:nowrap\"><a name=\"https---fhir.hl7.org.uk-STU3-CodeSystem-CareConnect-DischargeDestination-1-79\"> </a><a href=\"CareConnect-DischargeDestination-1.html#CareConnect-DischargeDestination-1-79\">79</a></td><td>Not applicable - Patient died or still birth</td><td/></tr><tr><td style=\"white-space:nowrap\"><a name=\"https---fhir.hl7.org.uk-STU3-CodeSystem-CareConnect-DischargeDestination-1-84\"> </a><a href=\"CareConnect-DischargeDestination-1.html#CareConnect-DischargeDestination-1-84\">84</a></td><td>Non-NHS run hospital - medium secure unit</td><td/></tr><tr><td style=\"white-space:nowrap\"><a name=\"https---fhir.hl7.org.uk-STU3-CodeSystem-CareConnect-DischargeDestination-1-85\"> </a><a href=\"CareConnect-DischargeDestination-1.html#CareConnect-DischargeDestination-1-85\">85</a></td><td>Non-NHS (other than Local Authority) run Care Home</td><td/></tr><tr><td style=\"white-space:nowrap\"><a name=\"https---fhir.hl7.org.uk-STU3-CodeSystem-CareConnect-DischargeDestination-1-87\"> </a><a href=\"CareConnect-DischargeDestination-1.html#CareConnect-DischargeDestination-1-87\">87</a></td><td>Non NHS run hospital</td><td/></tr><tr><td style=\"white-space:nowrap\"><a name=\"https---fhir.hl7.org.uk-STU3-CodeSystem-CareConnect-DischargeDestination-1-88\"> </a><a href=\"CareConnect-DischargeDestination-1.html#CareConnect-DischargeDestination-1-88\">88</a></td><td>Non-NHS (other than Local Authority) run Hospice</td><td/></tr></table></div>"
      },
      "extension" : [{
        "url" : "http://hl7.org/fhir/StructureDefinition/valueset-sourceReference",
        "valueUri" : "http://www.datadictionary.nhs.uk/data_dictionary/attributes/d/disc/discharge_destination_de.asp?shownav=1"
      }],
      "url" : "https://fhir.hl7.org.uk/STU3/ValueSet/CareConnect-DischargeDestination-1",
      "version" : "1.1.0",
      "name" : "NHS Data Model and Dictionary Discharge Destination",
      "status" : "draft",
      "date" : "2018-11-14T00:00:00+00:00",
      "publisher" : "HL7 West Riding - Example",
      "contact" : [{
        "telecom" : [{
          "system" : "other",
          "value" : "http://hl7.org/Special/committees/[something]"
        }]
      }],
      "description" : "The destination of a Patient on completion of a Hospital Provider Spell, or a note that the Patient died or was a still birth.",
      "jurisdiction" : [{
        "coding" : [{
          "system" : "http://unstats.un.org/unsd/methods/m49/m49.htm",
          "code" : "001"
        }]
      }],
      "copyright" : "Copyright © 2016 HL7 UK",
      "expansion" : {
        "identifier" : "urn:uuid:18131e3a-b7ab-41d3-bf71-c6d54fdc2b25",
        "timestamp" : "2019-11-25T12:07:18+00:00",
        "total" : 19,
        "parameter" : [{
          "name" : "excludeNested",
          "valueBoolean" : false
        },
        {
          "name" : "version",
          "valueUri" : "https://fhir.hl7.org.uk/STU3/CodeSystem/CareConnect-DischargeDestination-1|1.1.0"
        }],
        "contains" : [{
          "system" : "https://fhir.hl7.org.uk/STU3/CodeSystem/CareConnect-DischargeDestination-1",
          "code" : "19",
          "display" : "Usual place of residence unless listed below, for example, a private dwelling whether owner occupied or owned by Local Authority, housing association or other landlord. This includes wardened accommodation but not residential accommodation where health care is provided. It also includes Patients with no fixed abode."
        },
        {
          "system" : "https://fhir.hl7.org.uk/STU3/CodeSystem/CareConnect-DischargeDestination-1",
          "code" : "29",
          "display" : "Temporary place of residence when usually resident elsewhere (e.g. hotels, residential Educational Establishment)"
        },
        {
          "system" : "https://fhir.hl7.org.uk/STU3/CodeSystem/CareConnect-DischargeDestination-1",
          "code" : "30",
          "display" : "Repatriation from high security psychiatric accommodation in an NHS Hospital Provider (NHS Trust or NHS Foundation Trust)"
        },
        {
          "system" : "https://fhir.hl7.org.uk/STU3/CodeSystem/CareConnect-DischargeDestination-1",
          "code" : "37",
          "display" : "Court"
        },
        {
          "system" : "https://fhir.hl7.org.uk/STU3/CodeSystem/CareConnect-DischargeDestination-1",
          "code" : "38",
          "display" : "Penal establishment or police station"
        },
        {
          "system" : "https://fhir.hl7.org.uk/STU3/CodeSystem/CareConnect-DischargeDestination-1",
          "code" : "48",
          "display" : "High Security Psychiatric Hospital, Scotland"
        },
        {
          "system" : "https://fhir.hl7.org.uk/STU3/CodeSystem/CareConnect-DischargeDestination-1",
          "code" : "49",
          "display" : "NHS other Hospital Provider - high security psychiatric accommodation"
        },
        {
          "system" : "https://fhir.hl7.org.uk/STU3/CodeSystem/CareConnect-DischargeDestination-1",
          "code" : "50",
          "display" : "NHS other Hospital Provider - medium secure unit"
        },
        {
          "system" : "https://fhir.hl7.org.uk/STU3/CodeSystem/CareConnect-DischargeDestination-1",
          "code" : "51",
          "display" : "NHS other Hospital Provider - Ward for general Patients or the younger physically disabled"
        },
        {
          "system" : "https://fhir.hl7.org.uk/STU3/CodeSystem/CareConnect-DischargeDestination-1",
          "code" : "52",
          "display" : "NHS other Hospital Provider - Ward for maternity Patients or Neonates"
        },
        {
          "system" : "https://fhir.hl7.org.uk/STU3/CodeSystem/CareConnect-DischargeDestination-1",
          "code" : "53",
          "display" : "NHS other Hospital Provider - Ward for Patients who are mentally ill or have Learning Disabilities"
        },
        {
          "system" : "https://fhir.hl7.org.uk/STU3/CodeSystem/CareConnect-DischargeDestination-1",
          "code" : "54",
          "display" : "NHS run Care Home"
        },
        {
          "system" : "https://fhir.hl7.org.uk/STU3/CodeSystem/CareConnect-DischargeDestination-1",
          "code" : "65",
          "display" : "Local Authority residential accommodation i.e. where care is provided"
        },
        {
          "system" : "https://fhir.hl7.org.uk/STU3/CodeSystem/CareConnect-DischargeDestination-1",
          "code" : "66",
          "display" : "Local Authority foster care"
        },
        {
          "system" : "https://fhir.hl7.org.uk/STU3/CodeSystem/CareConnect-DischargeDestination-1",
          "code" : "79",
          "display" : "Not applicable - Patient died or still birth"
        },
        {
          "system" : "https://fhir.hl7.org.uk/STU3/CodeSystem/CareConnect-DischargeDestination-1",
          "code" : "84",
          "display" : "Non-NHS run hospital - medium secure unit"
        },
        {
          "system" : "https://fhir.hl7.org.uk/STU3/CodeSystem/CareConnect-DischargeDestination-1",
          "code" : "85",
          "display" : "Non-NHS (other than Local Authority) run Care Home"
        },
        {
          "system" : "https://fhir.hl7.org.uk/STU3/CodeSystem/CareConnect-DischargeDestination-1",
          "code" : "87",
          "display" : "Non NHS run hospital"
        },
        {
          "system" : "https://fhir.hl7.org.uk/STU3/CodeSystem/CareConnect-DischargeDestination-1",
          "code" : "88",
          "display" : "Non-NHS (other than Local Authority) run Hospice"
        }]
      }
    }
  }]
}