<?xml version="1.0" encoding="UTF-8"?>

<Organization xmlns="http://hl7.org/fhir">
  <id value="3"/>
  <meta>
    <lastUpdated value="2019-06-25T08:39:39.391+00:00"/>
    <profile value="https://fhir.hl7.org.uk/STU3/StructureDefinition/CareConnect-Organization-1"/>
  </meta>
  <text>
    <status value="generated"/><div xmlns="http://www.w3.org/1999/xhtml"><p><b>Generated Narrative with Details</b></p><p><b>id</b>: 3</p><p><b>meta</b>: </p><p><b>identifier</b>: 03X</p><p><b>active</b>: true</p><p><b>name</b>: Nhs Erewash Ccg</p><p><b>address</b>: Toll Bar House 1 Derby Road Ilkeston DE7 5FH (WORK)</p></div>
  </text>
  <identifier>
    <system value="https://fhir.nhs.uk/Id/ods-organization-code"/>
    <value value="03X"/>
  </identifier>
  <active value="true"/>
  <name value="Nhs Erewash Ccg"/>
  <address>
    <use value="work"/>
    <type value="both"/>
    <line value="Toll Bar House"/>
    <line value="1 Derby Road"/>
    <city value="Ilkeston"/>
    <district value="Derbyshire"/>
    <postalCode value="DE7 5FH"/>
  </address>
</Organization>