{
 "package-id" : "hl7.uk.base",
 "title" : "HL7 UK Base",
 "canonical" : "https://fhir.hl7.org.uk/STU3",
 "introduction" : "HL7 UK Base",
 "list" : [{
  "version" : "current",
  "fhirversion" : "3.0.2",
  "desc" : "Continuous Integration Build (latest in version control)",
  "path" : "http://hl7.org/fhir/ig/HL7/uk",
  "status" : "ci-build",
  "current" : true
 },{
  "version" : "3.0.0",
  "fhirversion" : "3.0.2",
  "date" : "2019-12-05",
  "desc" : "Initial Draft (Dec 2019 Ballot)",
  "path" : "https://fhir.hl7.org.uk/STU3",
  "status" : "draft",
  "sequence" : "STU3"
 }]
}