{
  "resourceType": "StructureDefinition",
  "id": "CareConnect-HealthcareService-1",
  "text": {
    "status": "generated",
    "div": "<div xmlns=\"http://www.w3.org/1999/xhtml\"><table border=\"0\" cellpadding=\"0\" cellspacing=\"0\" style=\"border: 0px #F0F0F0 solid; font-size: 11px; font-family: verdana; vertical-align: top;\"><tr style=\"border: 1px #F0F0F0 solid; font-size: 11px; font-family: verdana; vertical-align: top;\"><th style=\"vertical-align: top; text-align : left; background-color: white; border: 0px #F0F0F0 solid; padding:0px 4px 0px 4px\" class=\"hierarchy\"><a href=\"http://hl7.org/fhir/STU3/formats.html#table\" title=\"The logical name of the element\">Name</a></th><th style=\"vertical-align: top; text-align : left; background-color: white; border: 0px #F0F0F0 solid; padding:0px 4px 0px 4px\" class=\"hierarchy\"><a href=\"http://hl7.org/fhir/STU3/formats.html#table\" title=\"Information about the use of the element\">Flags</a></th><th style=\"vertical-align: top; text-align : left; background-color: white; border: 0px #F0F0F0 solid; padding:0px 4px 0px 4px\" class=\"hierarchy\"><a href=\"http://hl7.org/fhir/STU3/formats.html#table\" title=\"Minimum and Maximum # of times the the element can appear in the instance\">Card.</a></th><th style=\"width: 100px\" class=\"hierarchy\"><a href=\"http://hl7.org/fhir/STU3/formats.html#table\" title=\"Reference to the type of the element\">Type</a></th><th style=\"vertical-align: top; text-align : left; background-color: white; border: 0px #F0F0F0 solid; padding:0px 4px 0px 4px\" class=\"hierarchy\"><a href=\"http://hl7.org/fhir/STU3/formats.html#table\" title=\"Additional information about the element\">Description &amp; Constraints</a><span style=\"float: right\"><a href=\"http://hl7.org/fhir/STU3/formats.html#table\" title=\"Legend for this format\"><img src=\"http://hl7.org/fhir/STU3/help16.png\" alt=\"doco\" style=\"background-color: inherit\"/></a></span></th></tr><tr style=\"border: 0px #F0F0F0 solid; padding:0px; vertical-align: top; background-color: white;\"><td style=\"vertical-align: top; text-align : left; background-color: white; border: 0px #F0F0F0 solid; padding:0px 4px 0px 4px; white-space: nowrap; background-image: url(tbl_bck1.png)\" class=\"hierarchy\"><img src=\"tbl_spacer.png\" alt=\".\" style=\"background-color: inherit\" class=\"hierarchy\"/><img src=\"icon_resource.png\" alt=\".\" style=\"background-color: white; background-color: inherit\" title=\"Resource\" class=\"hierarchy\"/> <a href=\"{{[type]}}-{{[id]}}-definitions.html#HealthcareService\">HealthcareService</a><a name=\"HealthcareService\"> </a></td><td style=\"vertical-align: top; text-align : left; background-color: white; border: 0px #F0F0F0 solid; padding:0px 4px 0px 4px\" class=\"hierarchy\"/><td style=\"vertical-align: top; text-align : left; background-color: white; border: 0px #F0F0F0 solid; padding:0px 4px 0px 4px\" class=\"hierarchy\"><span style=\"opacity: 0.4\">0</span><span style=\"opacity: 0.5\">..</span><span style=\"opacity: 0.4\">*</span></td><td style=\"vertical-align: top; text-align : left; background-color: white; border: 0px #F0F0F0 solid; padding:0px 4px 0px 4px\" class=\"hierarchy\"><a href=\"http://hl7.org/fhir/STU3/healthcareservice.html\">HealthcareService</a></td><td style=\"vertical-align: top; text-align : left; background-color: white; border: 0px #F0F0F0 solid; padding:0px 4px 0px 4px\" class=\"hierarchy\"/></tr>\r\n<tr style=\"border: 0px #F0F0F0 solid; padding:0px; vertical-align: top; background-color: #F7F7F7;\"><td style=\"vertical-align: top; text-align : left; background-color: #F7F7F7; border: 0px #F0F0F0 solid; padding:0px 4px 0px 4px; white-space: nowrap; background-image: url(tbl_bck00.png)\" class=\"hierarchy\"><img src=\"tbl_spacer.png\" alt=\".\" style=\"background-color: inherit\" class=\"hierarchy\"/><img src=\"tbl_vjoin_end.png\" alt=\".\" style=\"background-color: inherit\" class=\"hierarchy\"/><img src=\"icon_element.gif\" alt=\".\" style=\"background-color: #F7F7F7; background-color: inherit\" title=\"Element\" class=\"hierarchy\"/> <a href=\"{{[type]}}-{{[id]}}-definitions.html#HealthcareService.identifier\">identifier</a><a name=\"HealthcareService.identifier\"> </a></td><td style=\"vertical-align: top; text-align : left; background-color: #F7F7F7; border: 0px #F0F0F0 solid; padding:0px 4px 0px 4px\" class=\"hierarchy\"/><td style=\"vertical-align: top; text-align : left; background-color: #F7F7F7; border: 0px #F0F0F0 solid; padding:0px 4px 0px 4px\" class=\"hierarchy\">1..1</td><td style=\"vertical-align: top; text-align : left; background-color: #F7F7F7; border: 0px #F0F0F0 solid; padding:0px 4px 0px 4px\" class=\"hierarchy\"><a style=\"opacity: 0.4\" href=\"http://hl7.org/fhir/STU3/datatypes.html#Identifier\">Identifier</a></td><td style=\"vertical-align: top; text-align : left; background-color: #F7F7F7; border: 0px #F0F0F0 solid; padding:0px 4px 0px 4px\" class=\"hierarchy\"/></tr>\r\n<tr><td colspan=\"5\" class=\"hierarchy\"><br/><a href=\"http://hl7.org/fhir/STU3/formats.html#table\" title=\"Legend for this format\"><img src=\"http://hl7.org/fhir/STU3/help16.png\" alt=\"doco\" style=\"background-color: inherit\"/> Documentation for this format</a></td></tr></table></div>"
  },
  "url": "https://fhir.hl7.org.uk/STU3/StructureDefinition/CareConnect-HealthcareService-1",
  "version": "3.0.0",
  "name": "CareConnect-HealthcareService-1",
  "status": "draft",
  "date": "2018-09-27T15:19:04+01:00",
  "publisher": "INTEROpen",
  "contact": [
    {
      "telecom": [
        {
          "system": "other",
          "value": "https://interopen.ryver.com/"
        }
      ]
    }
  ],
  "description": "CareConnect HealthCareService Profile",
  "jurisdiction": [
    {
      "coding": [
        {
          "system": "http://unstats.un.org/unsd/methods/m49/m49.htm",
          "code": "826"
        }
      ]
    }
  ],
  "purpose": "NOT CURATED BY INTEROPen see: http://www.interopen.org/careconnect-curation-methodology/",
  "copyright": "Copyright © 2018 NHS Digital",
  "fhirVersion": "3.0.2",
  "mapping": [
    {
      "identity": "rim",
      "uri": "http://hl7.org/v3",
      "name": "RIM Mapping"
    },
    {
      "identity": "w5",
      "uri": "http://hl7.org/fhir/w5",
      "name": "W5 Mapping"
    }
  ],
  "kind": "resource",
  "abstract": false,
  "type": "HealthcareService",
  "baseDefinition": "http://hl7.org/fhir/StructureDefinition/HealthcareService",
  "derivation": "constraint",
  "snapshot": {
    "element": [
      {
        "id": "HealthcareService",
        "path": "HealthcareService",
        "short": "The details of a healthcare service available at a location",
        "definition": "The details of a healthcare service available at a location.",
        "min": 0,
        "max": "*",
        "base": {
          "path": "HealthcareService",
          "min": 0,
          "max": "*"
        },
        "constraint": [
          {
            "key": "dom-2",
            "severity": "error",
            "human": "If the resource is contained in another resource, it SHALL NOT contain nested Resources",
            "expression": "contained.contained.empty()",
            "xpath": "not(parent::f:contained and f:contained)",
            "source": "DomainResource"
          },
          {
            "key": "dom-1",
            "severity": "error",
            "human": "If the resource is contained in another resource, it SHALL NOT contain any narrative",
            "expression": "contained.text.empty()",
            "xpath": "not(parent::f:contained and f:text)",
            "source": "DomainResource"
          },
          {
            "key": "dom-4",
            "severity": "error",
            "human": "If a resource is contained in another resource, it SHALL NOT have a meta.versionId or a meta.lastUpdated",
            "expression": "contained.meta.versionId.empty() and contained.meta.lastUpdated.empty()",
            "xpath": "not(exists(f:contained/*/f:meta/f:versionId)) and not(exists(f:contained/*/f:meta/f:lastUpdated))",
            "source": "DomainResource"
          },
          {
            "key": "dom-3",
            "severity": "error",
            "human": "If the resource is contained in another resource, it SHALL be referred to from elsewhere in the resource",
            "expression": "contained.where(('#'+id in %resource.descendants().reference).not()).empty()",
            "xpath": "not(exists(for $id in f:contained/*/@id return $id[not(ancestor::f:contained/parent::*/descendant::f:reference/@value=concat('#', $id))]))",
            "source": "DomainResource"
          }
        ],
        "mapping": [
          {
            "identity": "rim",
            "map": "Entity. Role, or Act"
          },
          {
            "identity": "rim",
            "map": "act[classCode=ACT][moodCode=DEF]"
          },
          {
            "identity": "w5",
            "map": "administrative.group"
          }
        ]
      },
      {
        "id": "HealthcareService.id",
        "path": "HealthcareService.id",
        "short": "Logical id of this artifact",
        "definition": "The logical id of the resource, as used in the URL for the resource. Once assigned, this value never changes.",
        "comment": "The only time that a resource does not have an id is when it is being submitted to the server using a create operation.",
        "min": 0,
        "max": "1",
        "base": {
          "path": "Resource.id",
          "min": 0,
          "max": "1"
        },
        "type": [
          {
            "code": "id"
          }
        ],
        "isSummary": true
      },
      {
        "id": "HealthcareService.meta",
        "path": "HealthcareService.meta",
        "short": "Metadata about the resource",
        "definition": "The metadata about the resource. This is content that is maintained by the infrastructure. Changes to the content may not always be associated with version changes to the resource.",
        "min": 0,
        "max": "1",
        "base": {
          "path": "Resource.meta",
          "min": 0,
          "max": "1"
        },
        "type": [
          {
            "code": "Meta"
          }
        ],
        "isSummary": true
      },
      {
        "id": "HealthcareService.implicitRules",
        "path": "HealthcareService.implicitRules",
        "short": "A set of rules under which this content was created",
        "definition": "A reference to a set of rules that were followed when the resource was constructed, and which must be understood when processing the content.",
        "comment": "Asserting this rule set restricts the content to be only understood by a limited set of trading partners. This inherently limits the usefulness of the data in the long term. However, the existing health eco-system is highly fractured, and not yet ready to define, collect, and exchange data in a generally computable sense. Wherever possible, implementers and/or specification writers should avoid using this element. \n\nThis element is labelled as a modifier because the implicit rules may provide additional knowledge about the resource that modifies it's meaning or interpretation.",
        "min": 0,
        "max": "1",
        "base": {
          "path": "Resource.implicitRules",
          "min": 0,
          "max": "1"
        },
        "type": [
          {
            "code": "uri"
          }
        ],
        "isModifier": true,
        "isSummary": true
      },
      {
        "id": "HealthcareService.language",
        "path": "HealthcareService.language",
        "short": "Language of the resource content",
        "definition": "The base language in which the resource is written.",
        "comment": "Language is provided to support indexing and accessibility (typically, services such as text to speech use the language tag). The html language tag in the narrative applies  to the narrative. The language tag on the resource may be used to specify the language of other presentations generated from the data in the resource  Not all the content has to be in the base language. The Resource.language should not be assumed to apply to the narrative automatically. If a language is specified, it should it also be specified on the div element in the html (see rules in HTML5 for information about the relationship between xml:lang and the html lang attribute).",
        "min": 0,
        "max": "1",
        "base": {
          "path": "Resource.language",
          "min": 0,
          "max": "1"
        },
        "type": [
          {
            "code": "code"
          }
        ],
        "binding": {
          "extension": [
            {
              "url": "http://hl7.org/fhir/StructureDefinition/elementdefinition-maxValueSet",
              "valueReference": {
                "reference": "http://hl7.org/fhir/ValueSet/all-languages"
              }
            },
            {
              "url": "http://hl7.org/fhir/StructureDefinition/elementdefinition-bindingName",
              "valueString": "Language"
            },
            {
              "url": "http://hl7.org/fhir/StructureDefinition/elementdefinition-isCommonBinding",
              "valueBoolean": true
            }
          ],
          "strength": "extensible",
          "description": "A human language.",
          "valueSetReference": {
            "reference": "http://hl7.org/fhir/ValueSet/languages"
          }
        }
      },
      {
        "id": "HealthcareService.text",
        "path": "HealthcareService.text",
        "short": "Text summary of the resource, for human interpretation",
        "definition": "A human-readable narrative that contains a summary of the resource, and may be used to represent the content of the resource to a human. The narrative need not encode all the structured data, but is required to contain sufficient detail to make it \"clinically safe\" for a human to just read the narrative. Resource definitions may define what content should be represented in the narrative to ensure clinical safety.",
        "comment": "Contained resources do not have narrative. Resources that are not contained SHOULD have a narrative. In some cases, a resource may only have text with little or no additional discrete data (as long as all minOccurs=1 elements are satisfied).  This may be necessary for data from legacy systems where information is captured as a \"text blob\" or where text is additionally entered raw or narrated and encoded in formation is added later.",
        "alias": [
          "narrative",
          "html",
          "xhtml",
          "display"
        ],
        "min": 0,
        "max": "1",
        "base": {
          "path": "DomainResource.text",
          "min": 0,
          "max": "1"
        },
        "type": [
          {
            "code": "Narrative"
          }
        ],
        "condition": [
          "dom-1"
        ],
        "mapping": [
          {
            "identity": "rim",
            "map": "Act.text?"
          }
        ]
      },
      {
        "id": "HealthcareService.contained",
        "path": "HealthcareService.contained",
        "short": "Contained, inline Resources",
        "definition": "These resources do not have an independent existence apart from the resource that contains them - they cannot be identified independently, and nor can they have their own independent transaction scope.",
        "comment": "This should never be done when the content can be identified properly, as once identification is lost, it is extremely difficult (and context dependent) to restore it again.",
        "alias": [
          "inline resources",
          "anonymous resources",
          "contained resources"
        ],
        "min": 0,
        "max": "*",
        "base": {
          "path": "DomainResource.contained",
          "min": 0,
          "max": "*"
        },
        "type": [
          {
            "code": "Resource"
          }
        ],
        "mapping": [
          {
            "identity": "rim",
            "map": "N/A"
          }
        ]
      },
      {
        "id": "HealthcareService.extension",
        "path": "HealthcareService.extension",
        "short": "Additional Content defined by implementations",
        "definition": "May be used to represent additional information that is not part of the basic definition of the resource. In order to make the use of extensions safe and manageable, there is a strict set of governance  applied to the definition and use of extensions. Though any implementer is allowed to define an extension, there is a set of requirements that SHALL be met as part of the definition of the extension.",
        "comment": "There can be no stigma associated with the use of extensions by any application, project, or standard - regardless of the institution or jurisdiction that uses or defines the extensions.  The use of extensions is what allows the FHIR specification to retain a core level of simplicity for everyone.",
        "alias": [
          "extensions",
          "user content"
        ],
        "min": 0,
        "max": "*",
        "base": {
          "path": "DomainResource.extension",
          "min": 0,
          "max": "*"
        },
        "type": [
          {
            "code": "Extension"
          }
        ],
        "mapping": [
          {
            "identity": "rim",
            "map": "N/A"
          }
        ]
      },
      {
        "id": "HealthcareService.modifierExtension",
        "path": "HealthcareService.modifierExtension",
        "short": "Extensions that cannot be ignored",
        "definition": "May be used to represent additional information that is not part of the basic definition of the resource, and that modifies the understanding of the element that contains it. Usually modifier elements provide negation or qualification. In order to make the use of extensions safe and manageable, there is a strict set of governance applied to the definition and use of extensions. Though any implementer is allowed to define an extension, there is a set of requirements that SHALL be met as part of the definition of the extension. Applications processing a resource are required to check for modifier extensions.",
        "comment": "There can be no stigma associated with the use of extensions by any application, project, or standard - regardless of the institution or jurisdiction that uses or defines the extensions.  The use of extensions is what allows the FHIR specification to retain a core level of simplicity for everyone.",
        "alias": [
          "extensions",
          "user content"
        ],
        "min": 0,
        "max": "*",
        "base": {
          "path": "DomainResource.modifierExtension",
          "min": 0,
          "max": "*"
        },
        "type": [
          {
            "code": "Extension"
          }
        ],
        "isModifier": true,
        "mapping": [
          {
            "identity": "rim",
            "map": "N/A"
          }
        ]
      },
      {
        "id": "HealthcareService.identifier",
        "path": "HealthcareService.identifier",
        "short": "External identifiers for this item",
        "definition": "External identifiers for this item.",
        "min": 1,
        "max": "1",
        "base": {
          "path": "HealthcareService.identifier",
          "min": 0,
          "max": "*"
        },
        "type": [
          {
            "code": "Identifier"
          }
        ],
        "isSummary": true,
        "mapping": [
          {
            "identity": "rim",
            "map": ".id"
          },
          {
            "identity": "w5",
            "map": "id"
          }
        ]
      },
      {
        "id": "HealthcareService.active",
        "path": "HealthcareService.active",
        "short": "Whether this healthcareservice is in active use",
        "definition": "Whether this healthcareservice record is in active use.",
        "comment": "This element is labeled as a modifier because it may be used to mark that the resource was created in error.",
        "min": 0,
        "max": "1",
        "base": {
          "path": "HealthcareService.active",
          "min": 0,
          "max": "1"
        },
        "type": [
          {
            "code": "boolean"
          }
        ],
        "defaultValueBoolean": true,
        "isModifier": true,
        "isSummary": true,
        "mapping": [
          {
            "identity": "rim",
            "map": ".statusCode"
          },
          {
            "identity": "w5",
            "map": "status"
          }
        ]
      },
      {
        "id": "HealthcareService.providedBy",
        "path": "HealthcareService.providedBy",
        "short": "Organization that provides this service",
        "definition": "The organization that provides this healthcare service.",
        "comment": "This property is recommended to be the same as the Location's managingOrganization, and if not provided should be interpreted as such. If the Location does not have a managing Organization, then this property should be populated.",
        "min": 0,
        "max": "1",
        "base": {
          "path": "HealthcareService.providedBy",
          "min": 0,
          "max": "1"
        },
        "type": [
          {
            "code": "Reference",
            "targetProfile": "http://hl7.org/fhir/StructureDefinition/Organization"
          }
        ],
        "isSummary": true,
        "mapping": [
          {
            "identity": "rim",
            "map": ".scopingRole.Organization"
          }
        ]
      },
      {
        "id": "HealthcareService.category",
        "path": "HealthcareService.category",
        "short": "Broad category of service being performed or delivered",
        "definition": "Identifies the broad category of service being performed or delivered.",
        "comment": "Selecting a Service Category then determines the list of relevant service types that can be selected in the primary service type.",
        "alias": [
          "service category"
        ],
        "min": 0,
        "max": "1",
        "base": {
          "path": "HealthcareService.category",
          "min": 0,
          "max": "1"
        },
        "type": [
          {
            "code": "CodeableConcept"
          }
        ],
        "isSummary": true,
        "binding": {
          "extension": [
            {
              "url": "http://hl7.org/fhir/StructureDefinition/elementdefinition-bindingName",
              "valueString": "service-category"
            }
          ],
          "strength": "example",
          "description": "A category of the service(s) that could be provided.",
          "valueSetReference": {
            "reference": "http://hl7.org/fhir/ValueSet/service-category"
          }
        },
        "mapping": [
          {
            "identity": "rim",
            "map": ".code"
          },
          {
            "identity": "w5",
            "map": "class"
          }
        ]
      },
      {
        "id": "HealthcareService.type",
        "path": "HealthcareService.type",
        "short": "Type of service that may be delivered or performed",
        "definition": "The specific type of service that may be delivered or performed.",
        "alias": [
          "service type"
        ],
        "min": 0,
        "max": "*",
        "base": {
          "path": "HealthcareService.type",
          "min": 0,
          "max": "*"
        },
        "type": [
          {
            "code": "CodeableConcept"
          }
        ],
        "isSummary": true,
        "binding": {
          "extension": [
            {
              "url": "http://hl7.org/fhir/StructureDefinition/elementdefinition-bindingName",
              "valueString": "service-type"
            }
          ],
          "strength": "example",
          "description": "Additional details about where the content was created (e.g. clinical specialty).",
          "valueSetReference": {
            "reference": "http://hl7.org/fhir/ValueSet/service-type"
          }
        },
        "mapping": [
          {
            "identity": "rim",
            "map": ".actrelationship[typeCode=COMP.act[classCode=ACT][moodCode=DEF].code"
          }
        ]
      },
      {
        "id": "HealthcareService.specialty",
        "path": "HealthcareService.specialty",
        "short": "Specialties handled by the HealthcareService",
        "definition": "Collection of specialties handled by the service site. This is more of a medical term.",
        "min": 0,
        "max": "*",
        "base": {
          "path": "HealthcareService.specialty",
          "min": 0,
          "max": "*"
        },
        "type": [
          {
            "code": "CodeableConcept"
          }
        ],
        "isSummary": true,
        "binding": {
          "extension": [
            {
              "url": "http://hl7.org/fhir/StructureDefinition/elementdefinition-bindingName",
              "valueString": "service-specialty"
            }
          ],
          "strength": "preferred",
          "description": "A specialty that a healthcare service may provide.",
          "valueSetReference": {
            "reference": "http://hl7.org/fhir/ValueSet/c80-practice-codes"
          }
        },
        "mapping": [
          {
            "identity": "rim",
            "map": ".actrelationship[typeCode=COMP.act[classCode=ACT][moodCode=DEF].code"
          }
        ]
      },
      {
        "id": "HealthcareService.location",
        "path": "HealthcareService.location",
        "short": "Location(s) where service may be provided",
        "definition": "The location(s) where this healthcare service may be provided.",
        "min": 0,
        "max": "*",
        "base": {
          "path": "HealthcareService.location",
          "min": 0,
          "max": "*"
        },
        "type": [
          {
            "code": "Reference",
            "targetProfile": "http://hl7.org/fhir/StructureDefinition/Location"
          }
        ],
        "isSummary": true,
        "mapping": [
          {
            "identity": "rim",
            "map": ".location.role[classCode=SDLOC]"
          },
          {
            "identity": "w5",
            "map": "where"
          }
        ]
      },
      {
        "id": "HealthcareService.name",
        "path": "HealthcareService.name",
        "short": "Description of service as presented to a consumer while searching",
        "definition": "Further description of the service as it would be presented to a consumer while searching.",
        "min": 0,
        "max": "1",
        "base": {
          "path": "HealthcareService.name",
          "min": 0,
          "max": "1"
        },
        "type": [
          {
            "code": "string"
          }
        ],
        "isSummary": true,
        "mapping": [
          {
            "identity": "rim",
            "map": ".name"
          }
        ]
      },
      {
        "id": "HealthcareService.comment",
        "path": "HealthcareService.comment",
        "short": "Additional description and/or any specific issues not covered elsewhere",
        "definition": "Any additional description of the service and/or any specific issues not covered by the other attributes, which can be displayed as further detail under the serviceName.",
        "comment": "Would expect that a user would not see this information on a search results, and it would only be available when viewing the complete details of the service.",
        "min": 0,
        "max": "1",
        "base": {
          "path": "HealthcareService.comment",
          "min": 0,
          "max": "1"
        },
        "type": [
          {
            "code": "string"
          }
        ],
        "isSummary": true,
        "mapping": [
          {
            "identity": "rim",
            "map": ".location.role[classCode=SDLOC].desc"
          }
        ]
      },
      {
        "id": "HealthcareService.extraDetails",
        "path": "HealthcareService.extraDetails",
        "short": "Extra details about the service that can't be placed in the other fields",
        "definition": "Extra details about the service that can't be placed in the other fields.",
        "min": 0,
        "max": "1",
        "base": {
          "path": "HealthcareService.extraDetails",
          "min": 0,
          "max": "1"
        },
        "type": [
          {
            "code": "string"
          }
        ],
        "mapping": [
          {
            "identity": "rim",
            "map": ".actrelationship[typeCode=COMP.act[classCode=ACT][moodCode=DEF].text"
          }
        ]
      },
      {
        "id": "HealthcareService.photo",
        "path": "HealthcareService.photo",
        "short": "Facilitates quick identification of the service",
        "definition": "If there is a photo/symbol associated with this HealthcareService, it may be included here to facilitate quick identification of the service in a list.",
        "min": 0,
        "max": "1",
        "base": {
          "path": "HealthcareService.photo",
          "min": 0,
          "max": "1"
        },
        "type": [
          {
            "code": "Attachment"
          }
        ],
        "isSummary": true,
        "mapping": [
          {
            "identity": "rim",
            "map": ".actrelationship[typeCode=SBJ].observation.value"
          }
        ]
      },
      {
        "id": "HealthcareService.telecom",
        "path": "HealthcareService.telecom",
        "short": "Contacts related to the healthcare service",
        "definition": "List of contacts related to this specific healthcare service.",
        "comment": "If this is empty, then refer to the location's contacts.",
        "min": 0,
        "max": "*",
        "base": {
          "path": "HealthcareService.telecom",
          "min": 0,
          "max": "*"
        },
        "type": [
          {
            "code": "ContactPoint"
          }
        ],
        "mapping": [
          {
            "identity": "rim",
            "map": ".telecom"
          }
        ]
      },
      {
        "id": "HealthcareService.coverageArea",
        "path": "HealthcareService.coverageArea",
        "short": "Location(s) service is inteded for/available to",
        "definition": "The location(s) that this service is available to (not where the service is provided).",
        "comment": "The locations referenced by the coverage area can include both specific locations, including areas, and also conceptual domains too (mode = kind), such as a physical area (tri-state area) and some other attribute (covered by Example Care Organization). These types of Locations are often not managed by any specific organization. This could also include generic locations such as \"in-home\".",
        "min": 0,
        "max": "*",
        "base": {
          "path": "HealthcareService.coverageArea",
          "min": 0,
          "max": "*"
        },
        "type": [
          {
            "code": "Reference",
            "targetProfile": "http://hl7.org/fhir/StructureDefinition/Location"
          }
        ],
        "mapping": [
          {
            "identity": "rim",
            "map": ".location.role[classCode=SDLOC].subjectOf.A_SpatialCoordinate"
          }
        ]
      },
      {
        "id": "HealthcareService.serviceProvisionCode",
        "path": "HealthcareService.serviceProvisionCode",
        "short": "Conditions under which service is available/offered",
        "definition": "The code(s) that detail the conditions under which the healthcare service is available/offered.",
        "comment": "The provision means being commissioned by, contractually obliged or financially sourced. Types of costings that may apply to this healthcare service, such if the service may be available for free, some discounts available, or fees apply.",
        "min": 0,
        "max": "*",
        "base": {
          "path": "HealthcareService.serviceProvisionCode",
          "min": 0,
          "max": "*"
        },
        "type": [
          {
            "code": "CodeableConcept"
          }
        ],
        "binding": {
          "extension": [
            {
              "url": "http://hl7.org/fhir/StructureDefinition/elementdefinition-bindingName",
              "valueString": "ServiceProvisionConditions"
            }
          ],
          "strength": "example",
          "description": "The code(s) that detail the conditions under which the healthcare service is available/offered.",
          "valueSetReference": {
            "reference": "http://hl7.org/fhir/ValueSet/service-provision-conditions"
          }
        },
        "mapping": [
          {
            "identity": "rim",
            "map": ".actrelationship[typeCode=PRCN].observation[moodCode=EVN.CRT]"
          }
        ]
      },
      {
        "id": "HealthcareService.eligibility",
        "path": "HealthcareService.eligibility",
        "short": "Specific eligibility requirements required to use the service",
        "definition": "Does this service have specific eligibility requirements that need to be met in order to use the service?",
        "min": 0,
        "max": "1",
        "base": {
          "path": "HealthcareService.eligibility",
          "min": 0,
          "max": "1"
        },
        "type": [
          {
            "code": "CodeableConcept"
          }
        ],
        "binding": {
          "extension": [
            {
              "url": "http://hl7.org/fhir/StructureDefinition/elementdefinition-bindingName",
              "valueString": "ServiceEligibility"
            }
          ],
          "strength": "example",
          "description": "Coded values underwhich a specific service is made available."
        },
        "mapping": [
          {
            "identity": "rim",
            "map": ".actrelationship[typeCode=PRCN].observation[moodCode=EVN.CRT]"
          }
        ]
      },
      {
        "id": "HealthcareService.eligibilityNote",
        "path": "HealthcareService.eligibilityNote",
        "short": "Describes the eligibility conditions for the service",
        "definition": "Describes the eligibility conditions for the service.",
        "comment": "The description of service eligibility should, in general, not exceed one or two paragraphs. It should be sufficient for a prospective consumer to determine if they are likely to be eligible or not. Where eligibility requirements and conditions are complex, it may simply be noted that an eligibility assessment is required. Where eligibility is determined by an outside source, such as an Act of Parliament, this should be noted, preferably with a reference to a commonly available copy of the source document such as a web page.",
        "min": 0,
        "max": "1",
        "base": {
          "path": "HealthcareService.eligibilityNote",
          "min": 0,
          "max": "1"
        },
        "type": [
          {
            "code": "string"
          }
        ],
        "mapping": [
          {
            "identity": "rim",
            "map": ".actrelationship[typeCode=PRCN].observation[moodCode=EVN.CRT].text"
          }
        ]
      },
      {
        "id": "HealthcareService.programName",
        "path": "HealthcareService.programName",
        "short": "Program Names that categorize the service",
        "definition": "Program Names that can be used to categorize the service.",
        "comment": "Programs are often defined externally to an Organization, commonly by governments; e.g. Home and Community Care Programs, Homeless Program, ….",
        "min": 0,
        "max": "*",
        "base": {
          "path": "HealthcareService.programName",
          "min": 0,
          "max": "*"
        },
        "type": [
          {
            "code": "string"
          }
        ],
        "mapping": [
          {
            "identity": "rim",
            "map": ".actrelationship[typeCode=PERT].observation"
          }
        ]
      },
      {
        "id": "HealthcareService.characteristic",
        "path": "HealthcareService.characteristic",
        "short": "Collection of characteristics (attributes)",
        "definition": "Collection of characteristics (attributes).",
        "comment": "These could be such things as is wheelchair accessible.",
        "min": 0,
        "max": "*",
        "base": {
          "path": "HealthcareService.characteristic",
          "min": 0,
          "max": "*"
        },
        "type": [
          {
            "code": "CodeableConcept"
          }
        ],
        "binding": {
          "extension": [
            {
              "url": "http://hl7.org/fhir/StructureDefinition/elementdefinition-bindingName",
              "valueString": "ServiceCharacteristic"
            }
          ],
          "strength": "example",
          "description": "A custom attribute that could be provided at a service (e.g. Wheelchair accessibiliy)."
        },
        "mapping": [
          {
            "identity": "rim",
            "map": ".actrelationship[typeCode=PERT].observation"
          }
        ]
      },
      {
        "id": "HealthcareService.referralMethod",
        "path": "HealthcareService.referralMethod",
        "short": "Ways that the service accepts referrals",
        "definition": "Ways that the service accepts referrals, if this is not provided then it is implied that no referral is required.",
        "min": 0,
        "max": "*",
        "base": {
          "path": "HealthcareService.referralMethod",
          "min": 0,
          "max": "*"
        },
        "type": [
          {
            "code": "CodeableConcept"
          }
        ],
        "binding": {
          "extension": [
            {
              "url": "http://hl7.org/fhir/StructureDefinition/elementdefinition-bindingName",
              "valueString": "ReferralMethod"
            }
          ],
          "strength": "example",
          "description": "The methods of referral can be used when referring to a specific HealthCareService resource.",
          "valueSetReference": {
            "reference": "http://hl7.org/fhir/ValueSet/service-referral-method"
          }
        },
        "mapping": [
          {
            "identity": "rim",
            "map": ".actrelationship[typeCode=PERT].observation"
          }
        ]
      },
      {
        "id": "HealthcareService.appointmentRequired",
        "path": "HealthcareService.appointmentRequired",
        "short": "If an appointment is required for access to this service",
        "definition": "Indicates whether or not a prospective consumer will require an appointment for a particular service at a site to be provided by the Organization. Indicates if an appointment is required for access to this service.",
        "min": 0,
        "max": "1",
        "base": {
          "path": "HealthcareService.appointmentRequired",
          "min": 0,
          "max": "1"
        },
        "type": [
          {
            "code": "boolean"
          }
        ],
        "mapping": [
          {
            "identity": "rim",
            "map": ".actrelationship[typeCode=PERT].observation"
          }
        ]
      },
      {
        "id": "HealthcareService.availableTime",
        "path": "HealthcareService.availableTime",
        "short": "Times the Service Site is available",
        "definition": "A collection of times that the Service Site is available.",
        "comment": "More detailed availability information may be provided in associated Schedule/Slot resources.",
        "min": 0,
        "max": "*",
        "base": {
          "path": "HealthcareService.availableTime",
          "min": 0,
          "max": "*"
        },
        "type": [
          {
            "code": "BackboneElement"
          }
        ],
        "constraint": [
          {
            "key": "ele-1",
            "severity": "error",
            "human": "All FHIR elements must have a @value or children",
            "expression": "hasValue() | (children().count() > id.count())",
            "xpath": "@value|f:*|h:div",
            "source": "Element"
          }
        ],
        "mapping": [
          {
            "identity": "rim",
            "map": ".effectiveTime"
          }
        ]
      },
      {
        "id": "HealthcareService.availableTime.id",
        "path": "HealthcareService.availableTime.id",
        "representation": [
          "xmlAttr"
        ],
        "short": "xml:id (or equivalent in JSON)",
        "definition": "unique id for the element within a resource (for internal references). This may be any string value that does not contain spaces.",
        "min": 0,
        "max": "1",
        "base": {
          "path": "Element.id",
          "min": 0,
          "max": "1"
        },
        "type": [
          {
            "code": "string"
          }
        ],
        "mapping": [
          {
            "identity": "rim",
            "map": "n/a"
          }
        ]
      },
      {
        "id": "HealthcareService.availableTime.extension",
        "path": "HealthcareService.availableTime.extension",
        "short": "Additional Content defined by implementations",
        "definition": "May be used to represent additional information that is not part of the basic definition of the element. In order to make the use of extensions safe and manageable, there is a strict set of governance  applied to the definition and use of extensions. Though any implementer is allowed to define an extension, there is a set of requirements that SHALL be met as part of the definition of the extension.",
        "comment": "There can be no stigma associated with the use of extensions by any application, project, or standard - regardless of the institution or jurisdiction that uses or defines the extensions.  The use of extensions is what allows the FHIR specification to retain a core level of simplicity for everyone.",
        "alias": [
          "extensions",
          "user content"
        ],
        "min": 0,
        "max": "*",
        "base": {
          "path": "Element.extension",
          "min": 0,
          "max": "*"
        },
        "type": [
          {
            "code": "Extension"
          }
        ],
        "mapping": [
          {
            "identity": "rim",
            "map": "n/a"
          }
        ]
      },
      {
        "id": "HealthcareService.availableTime.modifierExtension",
        "path": "HealthcareService.availableTime.modifierExtension",
        "short": "Extensions that cannot be ignored",
        "definition": "May be used to represent additional information that is not part of the basic definition of the element, and that modifies the understanding of the element that contains it. Usually modifier elements provide negation or qualification. In order to make the use of extensions safe and manageable, there is a strict set of governance applied to the definition and use of extensions. Though any implementer is allowed to define an extension, there is a set of requirements that SHALL be met as part of the definition of the extension. Applications processing a resource are required to check for modifier extensions.",
        "comment": "There can be no stigma associated with the use of extensions by any application, project, or standard - regardless of the institution or jurisdiction that uses or defines the extensions.  The use of extensions is what allows the FHIR specification to retain a core level of simplicity for everyone.",
        "alias": [
          "extensions",
          "user content",
          "modifiers"
        ],
        "min": 0,
        "max": "*",
        "base": {
          "path": "BackboneElement.modifierExtension",
          "min": 0,
          "max": "*"
        },
        "type": [
          {
            "code": "Extension"
          }
        ],
        "isModifier": true,
        "isSummary": true,
        "mapping": [
          {
            "identity": "rim",
            "map": "N/A"
          }
        ]
      },
      {
        "id": "HealthcareService.availableTime.daysOfWeek",
        "path": "HealthcareService.availableTime.daysOfWeek",
        "short": "mon | tue | wed | thu | fri | sat | sun",
        "definition": "Indicates which days of the week are available between the start and end Times.",
        "min": 0,
        "max": "*",
        "base": {
          "path": "HealthcareService.availableTime.daysOfWeek",
          "min": 0,
          "max": "*"
        },
        "type": [
          {
            "code": "code"
          }
        ],
        "binding": {
          "extension": [
            {
              "url": "http://hl7.org/fhir/StructureDefinition/elementdefinition-bindingName",
              "valueString": "DaysOfWeek"
            }
          ],
          "strength": "required",
          "description": "The days of the week.",
          "valueSetReference": {
            "reference": "http://hl7.org/fhir/ValueSet/days-of-week"
          }
        },
        "mapping": [
          {
            "identity": "rim",
            "map": ".effectiveTime"
          }
        ]
      },
      {
        "id": "HealthcareService.availableTime.allDay",
        "path": "HealthcareService.availableTime.allDay",
        "short": "Always available? e.g. 24 hour service",
        "definition": "Is this always available? (hence times are irrelevant) e.g. 24 hour service.",
        "min": 0,
        "max": "1",
        "base": {
          "path": "HealthcareService.availableTime.allDay",
          "min": 0,
          "max": "1"
        },
        "type": [
          {
            "code": "boolean"
          }
        ],
        "mapping": [
          {
            "identity": "rim",
            "map": ".effectiveTime"
          }
        ]
      },
      {
        "id": "HealthcareService.availableTime.availableStartTime",
        "path": "HealthcareService.availableTime.availableStartTime",
        "short": "Opening time of day (ignored if allDay = true)",
        "definition": "The opening time of day. Note: If the AllDay flag is set, then this time is ignored.",
        "comment": "The timezone is expected to be for where this HealthcareService is provided at.",
        "min": 0,
        "max": "1",
        "base": {
          "path": "HealthcareService.availableTime.availableStartTime",
          "min": 0,
          "max": "1"
        },
        "type": [
          {
            "code": "time"
          }
        ],
        "mapping": [
          {
            "identity": "rim",
            "map": ".effectiveTime"
          }
        ]
      },
      {
        "id": "HealthcareService.availableTime.availableEndTime",
        "path": "HealthcareService.availableTime.availableEndTime",
        "short": "Closing time of day (ignored if allDay = true)",
        "definition": "The closing time of day. Note: If the AllDay flag is set, then this time is ignored.",
        "comment": "The timezone is expected to be for where this HealthcareService is provided at.",
        "min": 0,
        "max": "1",
        "base": {
          "path": "HealthcareService.availableTime.availableEndTime",
          "min": 0,
          "max": "1"
        },
        "type": [
          {
            "code": "time"
          }
        ],
        "mapping": [
          {
            "identity": "rim",
            "map": ".effectiveTime"
          }
        ]
      },
      {
        "id": "HealthcareService.notAvailable",
        "path": "HealthcareService.notAvailable",
        "short": "Not available during this time due to provided reason",
        "definition": "The HealthcareService is not available during this period of time due to the provided reason.",
        "min": 0,
        "max": "*",
        "base": {
          "path": "HealthcareService.notAvailable",
          "min": 0,
          "max": "*"
        },
        "type": [
          {
            "code": "BackboneElement"
          }
        ],
        "constraint": [
          {
            "key": "ele-1",
            "severity": "error",
            "human": "All FHIR elements must have a @value or children",
            "expression": "hasValue() | (children().count() > id.count())",
            "xpath": "@value|f:*|h:div",
            "source": "Element"
          }
        ],
        "mapping": [
          {
            "identity": "rim",
            "map": ".effectiveTime"
          }
        ]
      },
      {
        "id": "HealthcareService.notAvailable.id",
        "path": "HealthcareService.notAvailable.id",
        "representation": [
          "xmlAttr"
        ],
        "short": "xml:id (or equivalent in JSON)",
        "definition": "unique id for the element within a resource (for internal references). This may be any string value that does not contain spaces.",
        "min": 0,
        "max": "1",
        "base": {
          "path": "Element.id",
          "min": 0,
          "max": "1"
        },
        "type": [
          {
            "code": "string"
          }
        ],
        "mapping": [
          {
            "identity": "rim",
            "map": "n/a"
          }
        ]
      },
      {
        "id": "HealthcareService.notAvailable.extension",
        "path": "HealthcareService.notAvailable.extension",
        "short": "Additional Content defined by implementations",
        "definition": "May be used to represent additional information that is not part of the basic definition of the element. In order to make the use of extensions safe and manageable, there is a strict set of governance  applied to the definition and use of extensions. Though any implementer is allowed to define an extension, there is a set of requirements that SHALL be met as part of the definition of the extension.",
        "comment": "There can be no stigma associated with the use of extensions by any application, project, or standard - regardless of the institution or jurisdiction that uses or defines the extensions.  The use of extensions is what allows the FHIR specification to retain a core level of simplicity for everyone.",
        "alias": [
          "extensions",
          "user content"
        ],
        "min": 0,
        "max": "*",
        "base": {
          "path": "Element.extension",
          "min": 0,
          "max": "*"
        },
        "type": [
          {
            "code": "Extension"
          }
        ],
        "mapping": [
          {
            "identity": "rim",
            "map": "n/a"
          }
        ]
      },
      {
        "id": "HealthcareService.notAvailable.modifierExtension",
        "path": "HealthcareService.notAvailable.modifierExtension",
        "short": "Extensions that cannot be ignored",
        "definition": "May be used to represent additional information that is not part of the basic definition of the element, and that modifies the understanding of the element that contains it. Usually modifier elements provide negation or qualification. In order to make the use of extensions safe and manageable, there is a strict set of governance applied to the definition and use of extensions. Though any implementer is allowed to define an extension, there is a set of requirements that SHALL be met as part of the definition of the extension. Applications processing a resource are required to check for modifier extensions.",
        "comment": "There can be no stigma associated with the use of extensions by any application, project, or standard - regardless of the institution or jurisdiction that uses or defines the extensions.  The use of extensions is what allows the FHIR specification to retain a core level of simplicity for everyone.",
        "alias": [
          "extensions",
          "user content",
          "modifiers"
        ],
        "min": 0,
        "max": "*",
        "base": {
          "path": "BackboneElement.modifierExtension",
          "min": 0,
          "max": "*"
        },
        "type": [
          {
            "code": "Extension"
          }
        ],
        "isModifier": true,
        "isSummary": true,
        "mapping": [
          {
            "identity": "rim",
            "map": "N/A"
          }
        ]
      },
      {
        "id": "HealthcareService.notAvailable.description",
        "path": "HealthcareService.notAvailable.description",
        "short": "Reason presented to the user explaining why time not available",
        "definition": "The reason that can be presented to the user as to why this time is not available.",
        "min": 1,
        "max": "1",
        "base": {
          "path": "HealthcareService.notAvailable.description",
          "min": 1,
          "max": "1"
        },
        "type": [
          {
            "code": "string"
          }
        ],
        "mapping": [
          {
            "identity": "rim",
            "map": "n/a"
          }
        ]
      },
      {
        "id": "HealthcareService.notAvailable.during",
        "path": "HealthcareService.notAvailable.during",
        "short": "Service not availablefrom this date",
        "definition": "Service is not available (seasonally or for a public holiday) from this date.",
        "min": 0,
        "max": "1",
        "base": {
          "path": "HealthcareService.notAvailable.during",
          "min": 0,
          "max": "1"
        },
        "type": [
          {
            "code": "Period"
          }
        ],
        "mapping": [
          {
            "identity": "rim",
            "map": ".effectiveTime"
          }
        ]
      },
      {
        "id": "HealthcareService.availabilityExceptions",
        "path": "HealthcareService.availabilityExceptions",
        "short": "Description of availability exceptions",
        "definition": "A description of site availability exceptions, e.g. public holiday availability. Succinctly describing all possible exceptions to normal site availability as details in the available Times and not available Times.",
        "min": 0,
        "max": "1",
        "base": {
          "path": "HealthcareService.availabilityExceptions",
          "min": 0,
          "max": "1"
        },
        "type": [
          {
            "code": "string"
          }
        ],
        "mapping": [
          {
            "identity": "rim",
            "map": ".effectiveTime"
          }
        ]
      },
      {
        "id": "HealthcareService.endpoint",
        "path": "HealthcareService.endpoint",
        "short": "Technical endpoints providing access to services operated for the location",
        "definition": "Technical endpoints providing access to services operated for the specific healthcare services defined at this resource.",
        "requirements": "Organizations may have different systems covering different services at the different locations and need to be able to define the technical connection details for how to connect to them, and for what purpose.",
        "min": 0,
        "max": "*",
        "base": {
          "path": "HealthcareService.endpoint",
          "min": 0,
          "max": "*"
        },
        "type": [
          {
            "code": "Reference",
            "targetProfile": "http://hl7.org/fhir/StructureDefinition/Endpoint"
          }
        ],
        "mapping": [
          {
            "identity": "rim",
            "map": "n/a"
          }
        ]
      }
    ]
  },
  "differential": {
    "element": [
      {
        "id": "HealthcareService",
        "path": "HealthcareService"
      },
      {
        "id": "HealthcareService.identifier",
        "path": "HealthcareService.identifier",
        "min": 1,
        "max": "1"
      }
    ]
  }
}