{
  "package": "fhir.hl7.org.uk/STU3",
  "fhirVersion": "3.0.2",
  "jurisdiction": "001",
  "extensions": [
    {
      "url": "https://fhir.hl7.org.uk/STU3/StructureDefinition/Extension-CareConnect-DeathNotificationStatus-1",
      "title": "Extension-CareConnect-DeathNotificationStatus-1",
      "types": [
        "CodeableConcept",
        "string",
        "Extension",
        "Coding",
        "string",
        "Extension",
        "uri",
        "string",
        "code",
        "string",
        "boolean",
        "string",
        "dateTime",
        "base64Binary",
        "boolean",
        "code",
        "date",
        "dateTime",
        "decimal",
        "id",
        "instant",
        "integer",
        "markdown",
        "oid",
        "positiveInt",
        "string",
        "time",
        "unsignedInt",
        "uri",
        "Address",
        "Age",
        "Annotation",
        "Attachment",
        "CodeableConcept",
        "Coding",
        "ContactPoint",
        "Count",
        "Distance",
        "Duration",
        "HumanName",
        "Identifier",
        "Money",
        "Period",
        "Quantity",
        "Range",
        "Ratio",
        "Reference",
        "SampledData",
        "Signature",
        "Timing",
        "Meta"
      ]
    },
    {
      "url": "https://fhir.hl7.org.uk/STU3/StructureDefinition/Extension-CareConnect-EthnicCategory-1",
      "title": "Extension-CareConnect-EthnicCategory-1",
      "types": [
        "CodeableConcept"
      ]
    },
    {
      "url": "https://fhir.hl7.org.uk/STU3/StructureDefinition/Extension-CareConnect-NHSCommunication-1",
      "title": "Extension-CareConnect-NHSCommunication-1",
      "types": [
        "CodeableConcept",
        "boolean",
        "CodeableConcept",
        "CodeableConcept",
        "boolean",
        "base64Binary",
        "boolean",
        "code",
        "date",
        "dateTime",
        "decimal",
        "id",
        "instant",
        "integer",
        "markdown",
        "oid",
        "positiveInt",
        "string",
        "time",
        "unsignedInt",
        "uri",
        "Address",
        "Age",
        "Annotation",
        "Attachment",
        "CodeableConcept",
        "Coding",
        "ContactPoint",
        "Count",
        "Distance",
        "Duration",
        "HumanName",
        "Identifier",
        "Money",
        "Period",
        "Quantity",
        "Range",
        "Ratio",
        "Reference",
        "SampledData",
        "Signature",
        "Timing",
        "Meta"
      ]
    },
    {
      "url": "https://fhir.hl7.org.uk/STU3/StructureDefinition/Extension-CareConnect-NHSNumberVerificationStatus-1",
      "title": "Extension-CareConnect-NHSNumberVerificationStatus-1",
      "types": [
        "CodeableConcept"
      ]
    },
    {
      "url": "https://fhir.hl7.org.uk/STU3/StructureDefinition/Extension-CareConnect-NominatedPharmacy-1",
      "title": "Extension-CareConnect-NominatedPharmacy-1",
      "types": [
        "Reference"
      ]
    },
    {
      "url": "https://fhir.hl7.org.uk/STU3/StructureDefinition/Extension-CareConnect-ReligiousAffiliation-1",
      "title": "Extension-CareConnect-ReligiousAffiliation-1",
      "types": [
        "CodeableConcept"
      ]
    },
    {
      "url": "https://fhir.hl7.org.uk/STU3/StructureDefinition/Extension-CareConnect-ResidentialStatus-1",
      "title": "Extension-CareConnect-ResidentialStatus-1",
      "types": [
        "CodeableConcept"
      ]
    },
    {
      "url": "https://fhir.hl7.org.uk/STU3/StructureDefinition/Extension-CareConnect-TreatmentCategory-1",
      "title": "Extension-CareConnect-TreatmentCategory-1",
      "types": [
        "CodeableConcept"
      ]
    }
  ],
  "profiles": {
    "Encounter": [
      {
        "url": "https://fhir.hl7.org.uk/STU3/StructureDefinition/CareConnect-Encounter-1",
        "title": "CareConnect-Encounter-1"
      }
    ],
    "Observation": [
      {
        "url": "https://fhir.hl7.org.uk/STU3/StructureDefinition/CareConnect-VitalSigns-Observation-1",
        "title": "CareConnect-VitalSigns-Observation-1"
      }
    ],
    "Organization": [
      {
        "url": "https://fhir.hl7.org.uk/STU3/StructureDefinition/CareConnect-Organization-1",
        "title": "CareConnect-Organization-1"
      }
    ],
    "Patient": [
      {
        "url": "https://fhir.hl7.org.uk/STU3/StructureDefinition/CareConnect-Patient-1",
        "title": "CareConnect-Patient-1"
      }
    ],
    "Practitioner": [
      {
        "url": "https://fhir.hl7.org.uk/STU3/StructureDefinition/CareConnect-Practitioner-1",
        "title": "CareConnect-Practitioner-1"
      }
    ]
  },
  "usage": {
    "http://hl7.org/fhir/StructureDefinition/birthPlace": [
      "Patient"
    ],
    "http://hl7.org/fhir/StructureDefinition/codesystem-sourceReference": [
      "CodeSystem"
    ],
    "http://hl7.org/fhir/StructureDefinition/elementdefinition-bindingName": [
      "StructureDefinition.differential.element.binding",
      "StructureDefinition.snapshot.element.binding"
    ],
    "http://hl7.org/fhir/StructureDefinition/elementdefinition-isCommonBinding": [
      "StructureDefinition.differential.element.binding",
      "StructureDefinition.snapshot.element.binding"
    ],
    "http://hl7.org/fhir/StructureDefinition/elementdefinition-maxValueSet": [
      "StructureDefinition.snapshot.element.binding"
    ],
    "http://hl7.org/fhir/StructureDefinition/elementdefinition-translatable": [
      "StructureDefinition.differential.element",
      "StructureDefinition.snapshot.element"
    ],
    "http://hl7.org/fhir/StructureDefinition/organization-period": [
      "Organization"
    ],
    "http://hl7.org/fhir/StructureDefinition/patient-birthTime": [
      "Patient.birthDate"
    ],
    "http://hl7.org/fhir/StructureDefinition/patient-cadavericDonor": [
      "Patient"
    ],
    "http://hl7.org/fhir/StructureDefinition/structuredefinition-ballot-status": [
      "ValueSet"
    ],
    "http://hl7.org/fhir/StructureDefinition/structuredefinition-display-hint": [
      "StructureDefinition.differential.element",
      "StructureDefinition.snapshot.element"
    ],
    "http://hl7.org/fhir/StructureDefinition/structuredefinition-explicit-type-name": [
      "StructureDefinition.differential.element",
      "StructureDefinition.snapshot.element"
    ],
    "http://hl7.org/fhir/StructureDefinition/structuredefinition-fmm": [
      "ValueSet"
    ],
    "http://hl7.org/fhir/StructureDefinition/structuredefinition-json-type": [
      "StructureDefinition.snapshot.element.type.code"
    ],
    "http://hl7.org/fhir/StructureDefinition/structuredefinition-rdf-type": [
      "StructureDefinition.snapshot.element.type.code"
    ],
    "http://hl7.org/fhir/StructureDefinition/structuredefinition-regex": [
      "StructureDefinition.snapshot.element.type"
    ],
    "http://hl7.org/fhir/StructureDefinition/structuredefinition-wg": [
      "StructureDefinition",
      "ValueSet"
    ],
    "http://hl7.org/fhir/StructureDefinition/structuredefinition-xml-type": [
      "StructureDefinition.snapshot.element.type.code"
    ],
    "http://hl7.org/fhir/StructureDefinition/valueset-map": [
      "ValueSet"
    ],
    "http://hl7.org/fhir/StructureDefinition/valueset-sourceReference": [
      "ValueSet"
    ],
    "https://fhir.hl7.org.uk/STU3/StructureDefinition/Extension-CareConnect-AdmissionMethod-1": [
      "Encounter.hospitalization"
    ],
    "https://fhir.hl7.org.uk/STU3/StructureDefinition/Extension-CareConnect-DeathNotificationStatus-1": [
      "Patient"
    ],
    "https://fhir.hl7.org.uk/STU3/StructureDefinition/Extension-CareConnect-DischargeMethod-1": [
      "Encounter.hospitalization"
    ],
    "https://fhir.hl7.org.uk/STU3/StructureDefinition/Extension-CareConnect-EmergencyCareDischargeStatus-1": [
      "Encounter"
    ],
    "https://fhir.hl7.org.uk/STU3/StructureDefinition/Extension-CareConnect-EncounterTransport-1": [
      "Encounter"
    ],
    "https://fhir.hl7.org.uk/STU3/StructureDefinition/Extension-CareConnect-EthnicCategory-1": [
      "Patient"
    ],
    "https://fhir.hl7.org.uk/STU3/StructureDefinition/Extension-CareConnect-MainLocation-1": [
      "Organization"
    ],
    "https://fhir.hl7.org.uk/STU3/StructureDefinition/Extension-CareConnect-NHSCommunication-1": [
      "Patient",
      "Practitioner"
    ],
    "https://fhir.hl7.org.uk/STU3/StructureDefinition/Extension-CareConnect-NHSNumberVerificationStatus-1": [
      "Patient.identifier"
    ],
    "https://fhir.hl7.org.uk/STU3/StructureDefinition/Extension-CareConnect-NominatedPharmacy-1": [
      "Patient"
    ],
    "https://fhir.hl7.org.uk/STU3/StructureDefinition/Extension-CareConnect-OutcomeOfAttendance-1": [
      "Encounter"
    ],
    "https://fhir.hl7.org.uk/STU3/StructureDefinition/Extension-CareConnect-ReligiousAffiliation-1": [
      "Patient"
    ],
    "https://fhir.hl7.org.uk/STU3/StructureDefinition/Extension-CareConnect-ResidentialStatus-1": [
      "Patient"
    ],
    "https://fhir.hl7.org.uk/STU3/StructureDefinition/Extension-CareConnect-TreatmentCategory-1": [
      "Patient"
    ],
    "https://fhir.hl7.org.uk/STU3/StructureDefinition/Extension-coding-sctdescid": [
      "Encounter.hospitalization.reAdmission.coding",
      "Encounter.reason.coding",
      "Encounter.type.coding",
      "Observation.bodySite.coding",
      "Observation.code.coding",
      "Observation.component.code.coding",
      "Observation.method.coding"
    ]
  }
}