{
  "package": "hl7.uk.base",
  "version": "3.0.0",
  "fhirVersion": "3.0.2",
  "jurisdiction": "826",
  "extensions": [
    {
      "url": "https://fhir.hl7.org.uk/STU3/StructureDefinition/Extension-CareConnect-ActualProblem-1",
      "title": "Extension-CareConnect-ActualProblem-1",
      "types": [
        "Reference",
        "Reference"
      ]
    },
    {
      "url": "https://fhir.hl7.org.uk/STU3/StructureDefinition/Extension-CareConnect-AdmissionMethod-1",
      "title": "Extension-CareConnect-AdmissionMethod-1",
      "types": [
        "CodeableConcept",
        "CodeableConcept"
      ]
    },
    {
      "url": "https://fhir.hl7.org.uk/STU3/StructureDefinition/Extension-CareConnect-AllergyIntoleranceEnd-1",
      "title": "Extension-CareConnect-AllergyIntoleranceEnd-1",
      "types": [
        "base64Binary",
        "boolean",
        "code",
        "date",
        "dateTime",
        "decimal",
        "id",
        "instant",
        "integer",
        "markdown",
        "oid",
        "positiveInt",
        "string",
        "time",
        "unsignedInt",
        "uri",
        "Address",
        "Age",
        "Annotation",
        "Attachment",
        "CodeableConcept",
        "Coding",
        "ContactPoint",
        "Count",
        "Distance",
        "Duration",
        "HumanName",
        "Identifier",
        "Money",
        "Period",
        "Quantity",
        "Range",
        "Ratio",
        "Reference",
        "SampledData",
        "Signature",
        "Timing",
        "Meta",
        "dateTime",
        "dateTime",
        "base64Binary",
        "boolean",
        "code",
        "date",
        "dateTime",
        "decimal",
        "id",
        "instant",
        "integer",
        "markdown",
        "oid",
        "positiveInt",
        "string",
        "time",
        "unsignedInt",
        "uri",
        "Address",
        "Age",
        "Annotation",
        "Attachment",
        "CodeableConcept",
        "Coding",
        "ContactPoint",
        "Count",
        "Distance",
        "Duration",
        "HumanName",
        "Identifier",
        "Money",
        "Period",
        "Quantity",
        "Range",
        "Ratio",
        "Reference",
        "SampledData",
        "Signature",
        "Timing",
        "Meta",
        "string",
        "string",
        "base64Binary",
        "boolean",
        "code",
        "date",
        "dateTime",
        "decimal",
        "id",
        "instant",
        "integer",
        "markdown",
        "oid",
        "positiveInt",
        "string",
        "time",
        "unsignedInt",
        "uri",
        "Address",
        "Age",
        "Annotation",
        "Attachment",
        "CodeableConcept",
        "Coding",
        "ContactPoint",
        "Count",
        "Distance",
        "Duration",
        "HumanName",
        "Identifier",
        "Money",
        "Period",
        "Quantity",
        "Range",
        "Ratio",
        "Reference",
        "SampledData",
        "Signature",
        "Timing"
      ]
    },
    {
      "url": "https://fhir.hl7.org.uk/STU3/StructureDefinition/Extension-CareConnect-AllergySeverity-1",
      "title": "Extension-CareConnect-AllergySeverity-1",
      "types": [
        "CodeableConcept",
        "CodeableConcept"
      ]
    },
    {
      "url": "https://fhir.hl7.org.uk/STU3/StructureDefinition/Extension-CareConnect-AnaestheticIssues-1",
      "title": "Extension-CareConnect-AnaestheticIssues-1",
      "types": [
        "CodeableConcept",
        "Reference"
      ]
    },
    {
      "url": "https://fhir.hl7.org.uk/STU3/StructureDefinition/Extension-CareConnect-ClinicalSetting-1",
      "title": "Extension-CareConnect-ClinicalSetting-1",
      "types": [
        "CodeableConcept",
        "CodeableConcept"
      ]
    },
    {
      "url": "https://fhir.hl7.org.uk/STU3/StructureDefinition/Extension-CareConnect-ConditionEpisode-1",
      "title": "Extension-CareConnect-ConditionEpisode-1",
      "types": [
        "code",
        "code"
      ]
    },
    {
      "url": "https://fhir.hl7.org.uk/STU3/StructureDefinition/Extension-CareConnect-DateRecorded-1",
      "title": "Extension-CareConnect-DateRecorded-1",
      "types": [
        "dateTime",
        "dateTime"
      ]
    },
    {
      "url": "https://fhir.hl7.org.uk/STU3/StructureDefinition/Extension-CareConnect-DeathNotificationStatus-1",
      "title": "Extension-CareConnect-DeathNotificationStatus-1",
      "types": [
        "base64Binary",
        "boolean",
        "code",
        "date",
        "dateTime",
        "decimal",
        "id",
        "instant",
        "integer",
        "markdown",
        "oid",
        "positiveInt",
        "string",
        "time",
        "unsignedInt",
        "uri",
        "Address",
        "Age",
        "Annotation",
        "Attachment",
        "CodeableConcept",
        "Coding",
        "ContactPoint",
        "Count",
        "Distance",
        "Duration",
        "HumanName",
        "Identifier",
        "Money",
        "Period",
        "Quantity",
        "Range",
        "Ratio",
        "Reference",
        "SampledData",
        "Signature",
        "Timing",
        "Meta",
        "CodeableConcept",
        "CodeableConcept",
        "string",
        "Extension",
        "Coding",
        "string",
        "Extension",
        "uri",
        "string",
        "code",
        "string",
        "boolean",
        "string",
        "base64Binary",
        "boolean",
        "code",
        "date",
        "dateTime",
        "decimal",
        "id",
        "instant",
        "integer",
        "markdown",
        "oid",
        "positiveInt",
        "string",
        "time",
        "unsignedInt",
        "uri",
        "Address",
        "Age",
        "Annotation",
        "Attachment",
        "CodeableConcept",
        "Coding",
        "ContactPoint",
        "Count",
        "Distance",
        "Duration",
        "HumanName",
        "Identifier",
        "Money",
        "Period",
        "Quantity",
        "Range",
        "Ratio",
        "Reference",
        "SampledData",
        "Signature",
        "Timing",
        "Meta",
        "dateTime",
        "dateTime",
        "base64Binary",
        "boolean",
        "code",
        "date",
        "dateTime",
        "decimal",
        "id",
        "instant",
        "integer",
        "markdown",
        "oid",
        "positiveInt",
        "string",
        "time",
        "unsignedInt",
        "uri",
        "Address",
        "Age",
        "Annotation",
        "Attachment",
        "CodeableConcept",
        "Coding",
        "ContactPoint",
        "Count",
        "Distance",
        "Duration",
        "HumanName",
        "Identifier",
        "Money",
        "Period",
        "Quantity",
        "Range",
        "Ratio",
        "Reference",
        "SampledData",
        "Signature",
        "Timing",
        "Meta"
      ]
    },
    {
      "url": "https://fhir.hl7.org.uk/STU3/StructureDefinition/Extension-CareConnect-DischargeMethod-1",
      "title": "Extension-CareConnect-DischargeMethod-1",
      "types": [
        "CodeableConcept",
        "CodeableConcept"
      ]
    },
    {
      "url": "https://fhir.hl7.org.uk/STU3/StructureDefinition/Extension-CareConnect-EmergencyCareDischargeStatus-1",
      "title": "Extension-CareConnect-EmergencyCareDischargeStatus-1",
      "types": [
        "CodeableConcept",
        "CodeableConcept"
      ]
    },
    {
      "url": "https://fhir.hl7.org.uk/STU3/StructureDefinition/Extension-CareConnect-EncounterTransport-1",
      "title": "Extension-CareConnect-EncounterTransport-1",
      "types": [
        "base64Binary",
        "boolean",
        "code",
        "date",
        "dateTime",
        "decimal",
        "id",
        "instant",
        "integer",
        "markdown",
        "oid",
        "positiveInt",
        "string",
        "time",
        "unsignedInt",
        "uri",
        "Address",
        "Age",
        "Annotation",
        "Attachment",
        "CodeableConcept",
        "Coding",
        "ContactPoint",
        "Count",
        "Distance",
        "Duration",
        "HumanName",
        "Identifier",
        "Money",
        "Period",
        "Quantity",
        "Range",
        "Ratio",
        "Reference",
        "SampledData",
        "Signature",
        "Timing",
        "Meta",
        "CodeableConcept",
        "CodeableConcept",
        "base64Binary",
        "boolean",
        "code",
        "date",
        "dateTime",
        "decimal",
        "id",
        "instant",
        "integer",
        "markdown",
        "oid",
        "positiveInt",
        "string",
        "time",
        "unsignedInt",
        "uri",
        "Address",
        "Age",
        "Annotation",
        "Attachment",
        "CodeableConcept",
        "Coding",
        "ContactPoint",
        "Count",
        "Distance",
        "Duration",
        "HumanName",
        "Identifier",
        "Money",
        "Period",
        "Quantity",
        "Range",
        "Ratio",
        "Reference",
        "SampledData",
        "Signature",
        "Timing",
        "Meta",
        "Period",
        "Period",
        "base64Binary",
        "boolean",
        "code",
        "date",
        "dateTime",
        "decimal",
        "id",
        "instant",
        "integer",
        "markdown",
        "oid",
        "positiveInt",
        "string",
        "time",
        "unsignedInt",
        "uri",
        "Address",
        "Age",
        "Annotation",
        "Attachment",
        "CodeableConcept",
        "Coding",
        "ContactPoint",
        "Count",
        "Distance",
        "Duration",
        "HumanName",
        "Identifier",
        "Money",
        "Period",
        "Quantity",
        "Range",
        "Ratio",
        "Reference",
        "SampledData",
        "Signature",
        "Timing",
        "Meta",
        "string",
        "string",
        "base64Binary",
        "boolean",
        "code",
        "date",
        "dateTime",
        "decimal",
        "id",
        "instant",
        "integer",
        "markdown",
        "oid",
        "positiveInt",
        "string",
        "time",
        "unsignedInt",
        "uri",
        "Address",
        "Age",
        "Annotation",
        "Attachment",
        "CodeableConcept",
        "Coding",
        "ContactPoint",
        "Count",
        "Distance",
        "Duration",
        "HumanName",
        "Identifier",
        "Money",
        "Period",
        "Quantity",
        "Range",
        "Ratio",
        "Reference",
        "SampledData",
        "Signature",
        "Timing",
        "Meta"
      ]
    },
    {
      "url": "https://fhir.hl7.org.uk/STU3/StructureDefinition/Extension-CareConnect-EthnicCategory-1",
      "title": "Extension-CareConnect-EthnicCategory-1",
      "types": [
        "CodeableConcept",
        "CodeableConcept"
      ]
    },
    {
      "url": "https://fhir.hl7.org.uk/STU3/StructureDefinition/Extension-CareConnect-Evidence-1",
      "title": "Extension-CareConnect-Evidence-1",
      "types": [
        "Reference",
        "Reference"
      ]
    },
    {
      "url": "https://fhir.hl7.org.uk/STU3/StructureDefinition/Extension-CareConnect-FastingStatus-1",
      "title": "Extension-CareConnect-FastingStatus-1",
      "types": [
        "CodeableConcept",
        "Duration"
      ]
    },
    {
      "url": "https://fhir.hl7.org.uk/STU3/StructureDefinition/Extension-CareConnect-ListWarningCode-1",
      "title": "Extension-CareConnect-ListWarningCode-1",
      "types": [
        "code",
        "code"
      ]
    },
    {
      "url": "https://fhir.hl7.org.uk/STU3/StructureDefinition/Extension-CareConnect-MainLocation-1",
      "title": "Extension-CareConnect-MainLocation-1",
      "types": [
        "Reference",
        "Reference"
      ]
    },
    {
      "url": "https://fhir.hl7.org.uk/STU3/StructureDefinition/Extension-CareConnect-MedicationChangeSummary-1",
      "title": "Extension-CareConnect-MedicationChangeSummary-1",
      "types": [
        "base64Binary",
        "boolean",
        "code",
        "date",
        "dateTime",
        "decimal",
        "id",
        "instant",
        "integer",
        "markdown",
        "oid",
        "positiveInt",
        "string",
        "time",
        "unsignedInt",
        "uri",
        "Address",
        "Age",
        "Annotation",
        "Attachment",
        "CodeableConcept",
        "Coding",
        "ContactPoint",
        "Count",
        "Distance",
        "Duration",
        "HumanName",
        "Identifier",
        "Money",
        "Period",
        "Quantity",
        "Range",
        "Ratio",
        "Reference",
        "SampledData",
        "Signature",
        "Timing",
        "Meta",
        "code",
        "code",
        "base64Binary",
        "boolean",
        "code",
        "date",
        "dateTime",
        "decimal",
        "id",
        "instant",
        "integer",
        "markdown",
        "oid",
        "positiveInt",
        "string",
        "time",
        "unsignedInt",
        "uri",
        "Address",
        "Age",
        "Annotation",
        "Attachment",
        "CodeableConcept",
        "Coding",
        "ContactPoint",
        "Count",
        "Distance",
        "Duration",
        "HumanName",
        "Identifier",
        "Money",
        "Period",
        "Quantity",
        "Range",
        "Ratio",
        "Reference",
        "SampledData",
        "Signature",
        "Timing",
        "Meta",
        "CodeableConcept",
        "CodeableConcept",
        "base64Binary",
        "boolean",
        "code",
        "date",
        "dateTime",
        "decimal",
        "id",
        "instant",
        "integer",
        "markdown",
        "oid",
        "positiveInt",
        "string",
        "time",
        "unsignedInt",
        "uri",
        "Address",
        "Age",
        "Annotation",
        "Attachment",
        "CodeableConcept",
        "Coding",
        "ContactPoint",
        "Count",
        "Distance",
        "Duration",
        "HumanName",
        "Identifier",
        "Money",
        "Period",
        "Quantity",
        "Range",
        "Ratio",
        "Reference",
        "SampledData",
        "Signature",
        "Timing",
        "Meta",
        "dateTime",
        "dateTime",
        "base64Binary",
        "boolean",
        "code",
        "date",
        "dateTime",
        "decimal",
        "id",
        "instant",
        "integer",
        "markdown",
        "oid",
        "positiveInt",
        "string",
        "time",
        "unsignedInt",
        "uri",
        "Address",
        "Age",
        "Annotation",
        "Attachment",
        "CodeableConcept",
        "Coding",
        "ContactPoint",
        "Count",
        "Distance",
        "Duration",
        "HumanName",
        "Identifier",
        "Money",
        "Period",
        "Quantity",
        "Range",
        "Ratio",
        "Reference",
        "SampledData",
        "Signature",
        "Timing",
        "Meta",
        "string",
        "string",
        "base64Binary",
        "boolean",
        "code",
        "date",
        "dateTime",
        "decimal",
        "id",
        "instant",
        "integer",
        "markdown",
        "oid",
        "positiveInt",
        "string",
        "time",
        "unsignedInt",
        "uri",
        "Address",
        "Age",
        "Annotation",
        "Attachment",
        "CodeableConcept",
        "Coding",
        "ContactPoint",
        "Count",
        "Distance",
        "Duration",
        "HumanName",
        "Identifier",
        "Money",
        "Period",
        "Quantity",
        "Range",
        "Ratio",
        "Reference",
        "SampledData",
        "Signature",
        "Timing",
        "Meta"
      ]
    },
    {
      "url": "https://fhir.hl7.org.uk/STU3/StructureDefinition/Extension-CareConnect-MedicationFlagAssociation-1",
      "title": "Extension-CareConnect-MedicationFlagAssociation-1",
      "types": [
        "Reference",
        "Reference"
      ]
    },
    {
      "url": "https://fhir.hl7.org.uk/STU3/StructureDefinition/Extension-CareConnect-MedicationQuantityText-1",
      "title": "Extension-CareConnect-MedicationQuantityText-1",
      "types": [
        "string",
        "string"
      ]
    },
    {
      "url": "https://fhir.hl7.org.uk/STU3/StructureDefinition/Extension-CareConnect-MedicationRepeatInformation-1",
      "title": "Extension-CareConnect-MedicationRepeatInformation-1",
      "types": [
        "base64Binary",
        "boolean",
        "code",
        "date",
        "dateTime",
        "decimal",
        "id",
        "instant",
        "integer",
        "markdown",
        "oid",
        "positiveInt",
        "string",
        "time",
        "unsignedInt",
        "uri",
        "Address",
        "Age",
        "Annotation",
        "Attachment",
        "CodeableConcept",
        "Coding",
        "ContactPoint",
        "Count",
        "Distance",
        "Duration",
        "HumanName",
        "Identifier",
        "Money",
        "Period",
        "Quantity",
        "Range",
        "Ratio",
        "Reference",
        "SampledData",
        "Signature",
        "Timing",
        "Meta",
        "unsignedInt",
        "unsignedInt",
        "base64Binary",
        "boolean",
        "code",
        "date",
        "dateTime",
        "decimal",
        "id",
        "instant",
        "integer",
        "markdown",
        "oid",
        "positiveInt",
        "string",
        "time",
        "unsignedInt",
        "uri",
        "Address",
        "Age",
        "Annotation",
        "Attachment",
        "CodeableConcept",
        "Coding",
        "ContactPoint",
        "Count",
        "Distance",
        "Duration",
        "HumanName",
        "Identifier",
        "Money",
        "Period",
        "Quantity",
        "Range",
        "Ratio",
        "Reference",
        "SampledData",
        "Signature",
        "Timing",
        "Meta",
        "unsignedInt",
        "unsignedInt",
        "base64Binary",
        "boolean",
        "code",
        "date",
        "dateTime",
        "decimal",
        "id",
        "instant",
        "integer",
        "markdown",
        "oid",
        "positiveInt",
        "string",
        "time",
        "unsignedInt",
        "uri",
        "Address",
        "Age",
        "Annotation",
        "Attachment",
        "CodeableConcept",
        "Coding",
        "ContactPoint",
        "Count",
        "Distance",
        "Duration",
        "HumanName",
        "Identifier",
        "Money",
        "Period",
        "Quantity",
        "Range",
        "Ratio",
        "Reference",
        "SampledData",
        "Signature",
        "Timing",
        "Meta",
        "dateTime",
        "dateTime",
        "base64Binary",
        "boolean",
        "code",
        "date",
        "dateTime",
        "decimal",
        "id",
        "instant",
        "integer",
        "markdown",
        "oid",
        "positiveInt",
        "string",
        "time",
        "unsignedInt",
        "uri",
        "Address",
        "Age",
        "Annotation",
        "Attachment",
        "CodeableConcept",
        "Coding",
        "ContactPoint",
        "Count",
        "Distance",
        "Duration",
        "HumanName",
        "Identifier",
        "Money",
        "Period",
        "Quantity",
        "Range",
        "Ratio",
        "Reference",
        "SampledData",
        "Signature",
        "Timing",
        "Meta"
      ]
    },
    {
      "url": "https://fhir.hl7.org.uk/STU3/StructureDefinition/Extension-CareConnect-MedicationStatementLastIssueDate-1",
      "title": "Extension-CareConnect-MedicationStatementLastIssueDate-1",
      "types": [
        "dateTime",
        "dateTime"
      ]
    },
    {
      "url": "https://fhir.hl7.org.uk/STU3/StructureDefinition/Extension-CareConnect-MedicationStatusReason-1",
      "title": "Extension-CareConnect-MedicationStatusReason-1",
      "types": [
        "base64Binary",
        "boolean",
        "code",
        "date",
        "dateTime",
        "decimal",
        "id",
        "instant",
        "integer",
        "markdown",
        "oid",
        "positiveInt",
        "string",
        "time",
        "unsignedInt",
        "uri",
        "Address",
        "Age",
        "Annotation",
        "Attachment",
        "CodeableConcept",
        "Coding",
        "ContactPoint",
        "Count",
        "Distance",
        "Duration",
        "HumanName",
        "Identifier",
        "Money",
        "Period",
        "Quantity",
        "Range",
        "Ratio",
        "Reference",
        "SampledData",
        "Signature",
        "Timing",
        "Meta",
        "CodeableConcept",
        "CodeableConcept",
        "base64Binary",
        "boolean",
        "code",
        "date",
        "dateTime",
        "decimal",
        "id",
        "instant",
        "integer",
        "markdown",
        "oid",
        "positiveInt",
        "string",
        "time",
        "unsignedInt",
        "uri",
        "Address",
        "Age",
        "Annotation",
        "Attachment",
        "CodeableConcept",
        "Coding",
        "ContactPoint",
        "Count",
        "Distance",
        "Duration",
        "HumanName",
        "Identifier",
        "Money",
        "Period",
        "Quantity",
        "Range",
        "Ratio",
        "Reference",
        "SampledData",
        "Signature",
        "Timing",
        "Meta",
        "dateTime",
        "dateTime",
        "base64Binary",
        "boolean",
        "code",
        "date",
        "dateTime",
        "decimal",
        "id",
        "instant",
        "integer",
        "markdown",
        "oid",
        "positiveInt",
        "string",
        "time",
        "unsignedInt",
        "uri",
        "Address",
        "Age",
        "Annotation",
        "Attachment",
        "CodeableConcept",
        "Coding",
        "ContactPoint",
        "Count",
        "Distance",
        "Duration",
        "HumanName",
        "Identifier",
        "Money",
        "Period",
        "Quantity",
        "Range",
        "Ratio",
        "Reference",
        "SampledData",
        "Signature",
        "Timing",
        "Meta"
      ]
    },
    {
      "url": "https://fhir.hl7.org.uk/STU3/StructureDefinition/Extension-CareConnect-NHSCommunication-1",
      "title": "Extension-CareConnect-NHSCommunication-1",
      "types": [
        "base64Binary",
        "boolean",
        "code",
        "date",
        "dateTime",
        "decimal",
        "id",
        "instant",
        "integer",
        "markdown",
        "oid",
        "positiveInt",
        "string",
        "time",
        "unsignedInt",
        "uri",
        "Address",
        "Age",
        "Annotation",
        "Attachment",
        "CodeableConcept",
        "Coding",
        "ContactPoint",
        "Count",
        "Distance",
        "Duration",
        "HumanName",
        "Identifier",
        "Money",
        "Period",
        "Quantity",
        "Range",
        "Ratio",
        "Reference",
        "SampledData",
        "Signature",
        "Timing",
        "Meta",
        "CodeableConcept",
        "CodeableConcept",
        "base64Binary",
        "boolean",
        "code",
        "date",
        "dateTime",
        "decimal",
        "id",
        "instant",
        "integer",
        "markdown",
        "oid",
        "positiveInt",
        "string",
        "time",
        "unsignedInt",
        "uri",
        "Address",
        "Age",
        "Annotation",
        "Attachment",
        "CodeableConcept",
        "Coding",
        "ContactPoint",
        "Count",
        "Distance",
        "Duration",
        "HumanName",
        "Identifier",
        "Money",
        "Period",
        "Quantity",
        "Range",
        "Ratio",
        "Reference",
        "SampledData",
        "Signature",
        "Timing",
        "Meta",
        "boolean",
        "boolean",
        "base64Binary",
        "boolean",
        "code",
        "date",
        "dateTime",
        "decimal",
        "id",
        "instant",
        "integer",
        "markdown",
        "oid",
        "positiveInt",
        "string",
        "time",
        "unsignedInt",
        "uri",
        "Address",
        "Age",
        "Annotation",
        "Attachment",
        "CodeableConcept",
        "Coding",
        "ContactPoint",
        "Count",
        "Distance",
        "Duration",
        "HumanName",
        "Identifier",
        "Money",
        "Period",
        "Quantity",
        "Range",
        "Ratio",
        "Reference",
        "SampledData",
        "Signature",
        "Timing",
        "Meta",
        "CodeableConcept",
        "CodeableConcept",
        "base64Binary",
        "boolean",
        "code",
        "date",
        "dateTime",
        "decimal",
        "id",
        "instant",
        "integer",
        "markdown",
        "oid",
        "positiveInt",
        "string",
        "time",
        "unsignedInt",
        "uri",
        "Address",
        "Age",
        "Annotation",
        "Attachment",
        "CodeableConcept",
        "Coding",
        "ContactPoint",
        "Count",
        "Distance",
        "Duration",
        "HumanName",
        "Identifier",
        "Money",
        "Period",
        "Quantity",
        "Range",
        "Ratio",
        "Reference",
        "SampledData",
        "Signature",
        "Timing",
        "Meta",
        "CodeableConcept",
        "CodeableConcept",
        "base64Binary",
        "boolean",
        "code",
        "date",
        "dateTime",
        "decimal",
        "id",
        "instant",
        "integer",
        "markdown",
        "oid",
        "positiveInt",
        "string",
        "time",
        "unsignedInt",
        "uri",
        "Address",
        "Age",
        "Annotation",
        "Attachment",
        "CodeableConcept",
        "Coding",
        "ContactPoint",
        "Count",
        "Distance",
        "Duration",
        "HumanName",
        "Identifier",
        "Money",
        "Period",
        "Quantity",
        "Range",
        "Ratio",
        "Reference",
        "SampledData",
        "Signature",
        "Timing",
        "Meta",
        "boolean",
        "boolean",
        "base64Binary",
        "boolean",
        "code",
        "date",
        "dateTime",
        "decimal",
        "id",
        "instant",
        "integer",
        "markdown",
        "oid",
        "positiveInt",
        "string",
        "time",
        "unsignedInt",
        "uri",
        "Address",
        "Age",
        "Annotation",
        "Attachment",
        "CodeableConcept",
        "Coding",
        "ContactPoint",
        "Count",
        "Distance",
        "Duration",
        "HumanName",
        "Identifier",
        "Money",
        "Period",
        "Quantity",
        "Range",
        "Ratio",
        "Reference",
        "SampledData",
        "Signature",
        "Timing",
        "Meta"
      ]
    },
    {
      "url": "https://fhir.hl7.org.uk/STU3/StructureDefinition/Extension-CareConnect-NHSNumberVerificationStatus-1",
      "title": "Extension-CareConnect-NHSNumberVerificationStatus-1",
      "types": [
        "CodeableConcept",
        "CodeableConcept"
      ]
    },
    {
      "url": "https://fhir.hl7.org.uk/STU3/StructureDefinition/Extension-CareConnect-NominatedPharmacy-1",
      "title": "Extension-CareConnect-NominatedPharmacy-1",
      "types": [
        "Reference",
        "Reference"
      ]
    },
    {
      "url": "https://fhir.hl7.org.uk/STU3/StructureDefinition/Extension-CareConnect-OutcomeOfAttendance-1",
      "title": "Extension-CareConnect-OutcomeOfAttendance-1",
      "types": [
        "CodeableConcept",
        "CodeableConcept"
      ]
    },
    {
      "url": "https://fhir.hl7.org.uk/STU3/StructureDefinition/Extension-CareConnect-ParentPresent-1",
      "title": "Extension-CareConnect-ParentPresent-1",
      "types": [
        "boolean",
        "boolean"
      ]
    },
    {
      "url": "https://fhir.hl7.org.uk/STU3/StructureDefinition/Extension-CareConnect-PrescribedElsewhere-1",
      "title": "Extension-CareConnect-PrescribedElsewhere-1",
      "types": [
        "CodeableConcept",
        "CodeableConcept"
      ]
    },
    {
      "url": "https://fhir.hl7.org.uk/STU3/StructureDefinition/Extension-CareConnect-PrescriptionType-1",
      "title": "Extension-CareConnect-PrescriptionType-1",
      "types": [
        "CodeableConcept",
        "CodeableConcept"
      ]
    },
    {
      "url": "https://fhir.hl7.org.uk/STU3/StructureDefinition/Extension-CareConnect-ProbabilityOfRecurrence-1",
      "title": "Extension-CareConnect-ProbabilityOfRecurrence-1",
      "types": [
        "string",
        "string"
      ]
    },
    {
      "url": "https://fhir.hl7.org.uk/STU3/StructureDefinition/Extension-CareConnect-ReasonCondition-1",
      "title": "Extension-CareConnect-ReasonCondition-1",
      "types": [
        "CodeableConcept",
        "Reference"
      ]
    },
    {
      "url": "https://fhir.hl7.org.uk/STU3/StructureDefinition/Extension-CareConnect-RegistrationDetails-1",
      "title": "Extension-CareConnect-RegistrationDetails-1",
      "types": [
        "base64Binary",
        "boolean",
        "code",
        "date",
        "dateTime",
        "decimal",
        "id",
        "instant",
        "integer",
        "markdown",
        "oid",
        "positiveInt",
        "string",
        "time",
        "unsignedInt",
        "uri",
        "Address",
        "Age",
        "Annotation",
        "Attachment",
        "CodeableConcept",
        "Coding",
        "ContactPoint",
        "Count",
        "Distance",
        "Duration",
        "HumanName",
        "Identifier",
        "Money",
        "Period",
        "Quantity",
        "Range",
        "Ratio",
        "Reference",
        "SampledData",
        "Signature",
        "Timing",
        "Meta",
        "Period",
        "Period",
        "base64Binary",
        "boolean",
        "code",
        "date",
        "dateTime",
        "decimal",
        "id",
        "instant",
        "integer",
        "markdown",
        "oid",
        "positiveInt",
        "string",
        "time",
        "unsignedInt",
        "uri",
        "Address",
        "Age",
        "Annotation",
        "Attachment",
        "CodeableConcept",
        "Coding",
        "ContactPoint",
        "Count",
        "Distance",
        "Duration",
        "HumanName",
        "Identifier",
        "Money",
        "Period",
        "Quantity",
        "Range",
        "Ratio",
        "Reference",
        "SampledData",
        "Signature",
        "Timing",
        "Meta",
        "CodeableConcept",
        "CodeableConcept",
        "base64Binary",
        "boolean",
        "code",
        "date",
        "dateTime",
        "decimal",
        "id",
        "instant",
        "integer",
        "markdown",
        "oid",
        "positiveInt",
        "string",
        "time",
        "unsignedInt",
        "uri",
        "Address",
        "Age",
        "Annotation",
        "Attachment",
        "CodeableConcept",
        "Coding",
        "ContactPoint",
        "Count",
        "Distance",
        "Duration",
        "HumanName",
        "Identifier",
        "Money",
        "Period",
        "Quantity",
        "Range",
        "Ratio",
        "Reference",
        "SampledData",
        "Signature",
        "Timing",
        "Meta",
        "Reference",
        "Reference",
        "base64Binary",
        "boolean",
        "code",
        "date",
        "dateTime",
        "decimal",
        "id",
        "instant",
        "integer",
        "markdown",
        "oid",
        "positiveInt",
        "string",
        "time",
        "unsignedInt",
        "uri",
        "Address",
        "Age",
        "Annotation",
        "Attachment",
        "CodeableConcept",
        "Coding",
        "ContactPoint",
        "Count",
        "Distance",
        "Duration",
        "HumanName",
        "Identifier",
        "Money",
        "Period",
        "Quantity",
        "Range",
        "Ratio",
        "Reference",
        "SampledData",
        "Signature",
        "Timing",
        "Meta"
      ]
    },
    {
      "url": "https://fhir.hl7.org.uk/STU3/StructureDefinition/Extension-CareConnect-RelatedClinicalContent-1",
      "title": "Extension-CareConnect-RelatedClinicalContent-1",
      "types": [
        "Reference",
        "Reference"
      ]
    },
    {
      "url": "https://fhir.hl7.org.uk/STU3/StructureDefinition/Extension-CareConnect-RelatedProblemHeader-1",
      "title": "Extension-CareConnect-RelatedProblemHeader-1",
      "types": [
        "base64Binary",
        "boolean",
        "code",
        "date",
        "dateTime",
        "decimal",
        "id",
        "instant",
        "integer",
        "markdown",
        "oid",
        "positiveInt",
        "string",
        "time",
        "unsignedInt",
        "uri",
        "Address",
        "Age",
        "Annotation",
        "Attachment",
        "CodeableConcept",
        "Coding",
        "ContactPoint",
        "Count",
        "Distance",
        "Duration",
        "HumanName",
        "Identifier",
        "Money",
        "Period",
        "Quantity",
        "Range",
        "Ratio",
        "Reference",
        "SampledData",
        "Signature",
        "Timing",
        "Meta",
        "code",
        "code",
        "base64Binary",
        "boolean",
        "code",
        "date",
        "dateTime",
        "decimal",
        "id",
        "instant",
        "integer",
        "markdown",
        "oid",
        "positiveInt",
        "string",
        "time",
        "unsignedInt",
        "uri",
        "Address",
        "Age",
        "Annotation",
        "Attachment",
        "CodeableConcept",
        "Coding",
        "ContactPoint",
        "Count",
        "Distance",
        "Duration",
        "HumanName",
        "Identifier",
        "Money",
        "Period",
        "Quantity",
        "Range",
        "Ratio",
        "Reference",
        "SampledData",
        "Signature",
        "Timing",
        "Meta",
        "Reference",
        "Reference",
        "base64Binary",
        "boolean",
        "code",
        "date",
        "dateTime",
        "decimal",
        "id",
        "instant",
        "integer",
        "markdown",
        "oid",
        "positiveInt",
        "string",
        "time",
        "unsignedInt",
        "uri",
        "Address",
        "Age",
        "Annotation",
        "Attachment",
        "CodeableConcept",
        "Coding",
        "ContactPoint",
        "Count",
        "Distance",
        "Duration",
        "HumanName",
        "Identifier",
        "Money",
        "Period",
        "Quantity",
        "Range",
        "Ratio",
        "Reference",
        "SampledData",
        "Signature",
        "Timing",
        "Meta"
      ]
    },
    {
      "url": "https://fhir.hl7.org.uk/STU3/StructureDefinition/Extension-CareConnect-ReligiousAffiliation-1",
      "title": "Extension-CareConnect-ReligiousAffiliation-1",
      "types": [
        "CodeableConcept",
        "CodeableConcept"
      ]
    },
    {
      "url": "https://fhir.hl7.org.uk/STU3/StructureDefinition/Extension-CareConnect-ResidentialStatus-1",
      "title": "Extension-CareConnect-ResidentialStatus-1",
      "types": [
        "CodeableConcept",
        "CodeableConcept"
      ]
    },
    {
      "url": "https://fhir.hl7.org.uk/STU3/StructureDefinition/Extension-CareConnect-SourceOfReferral-1",
      "title": "Extension-CareConnect-SourceOfReferral-1",
      "types": [
        "CodeableConcept",
        "CodeableConcept",
        "string",
        "Extension",
        "Coding",
        "string",
        "Extension",
        "uri",
        "string",
        "code",
        "string",
        "boolean",
        "string"
      ]
    },
    {
      "url": "https://fhir.hl7.org.uk/STU3/StructureDefinition/Extension-CareConnect-TreatmentCategory-1",
      "title": "Extension-CareConnect-TreatmentCategory-1",
      "types": [
        "CodeableConcept",
        "CodeableConcept"
      ]
    },
    {
      "url": "https://fhir.hl7.org.uk/STU3/StructureDefinition/Extension-CareConnect-VaccinationProcedure-1",
      "title": "Extension-CareConnect-VaccinationProcedure-1",
      "types": [
        "CodeableConcept",
        "CodeableConcept"
      ]
    },
    {
      "url": "https://fhir.hl7.org.uk/STU3/StructureDefinition/Extension-CareConnect-ValueApproximation-1",
      "title": "Extension-CareConnect-ValueApproximation-1",
      "types": [
        "boolean",
        "boolean"
      ]
    },
    {
      "url": "https://fhir.hl7.org.uk/STU3/StructureDefinition/Extension-coding-sctdescid",
      "title": "Extension-coding-sctdescid",
      "types": [
        "id",
        "string",
        "base64Binary",
        "boolean",
        "code",
        "date",
        "dateTime",
        "decimal",
        "id",
        "instant",
        "integer",
        "markdown",
        "oid",
        "positiveInt",
        "string",
        "time",
        "unsignedInt",
        "uri",
        "Address",
        "Age",
        "Annotation",
        "Attachment",
        "CodeableConcept",
        "Coding",
        "ContactPoint",
        "Count",
        "Distance",
        "Duration",
        "HumanName",
        "Identifier",
        "Money",
        "Period",
        "Quantity",
        "Range",
        "Ratio",
        "Reference",
        "SampledData",
        "Signature",
        "Timing"
      ]
    }
  ],
  "profiles": {
    "Observation": [
      {
        "url": "https://fhir.hl7.org.uk/STU3/StructureDefinition/CareConnect-Subscore-Observation-1",
        "title": "CareConnect-Subscore-Observation-1"
      },
      {
        "url": "https://fhir.hl7.org.uk/STU3/StructureDefinition/CareConnect-VitalSigns-Observation-1",
        "title": "CareConnect-VitalSigns-Observation-1"
      }
    ],
    "AllergyIntolerance": [
      {
        "url": "https://fhir.hl7.org.uk/STU3/StructureDefinition/CareConnect-AllergyIntolerance-1",
        "title": "CareConnect-AllergyIntolerance-1"
      }
    ],
    "Appointment": [
      {
        "url": "https://fhir.hl7.org.uk/STU3/StructureDefinition/CareConnect-Appointment-1",
        "title": "CareConnect-Appointment-1"
      }
    ],
    "CarePlan": [
      {
        "url": "https://fhir.hl7.org.uk/STU3/StructureDefinition/CareConnect-CarePlan-1",
        "title": "CareConnect-CarePlan-1"
      }
    ],
    "CareTeam": [
      {
        "url": "https://fhir.hl7.org.uk/STU3/StructureDefinition/CareConnect-CareTeam-1",
        "title": "CareConnect-CareTeam-1"
      }
    ],
    "Composition": [
      {
        "url": "https://fhir.hl7.org.uk/STU3/StructureDefinition/CareConnect-Composition-1",
        "title": "CareConnect-Composition-1"
      }
    ],
    "Condition": [
      {
        "url": "https://fhir.hl7.org.uk/STU3/StructureDefinition/CareConnect-ProblemHeader-Condition-1",
        "title": "CareConnect-ProblemHeader-Condition-1"
      }
    ],
    "DiagnosticReport": [
      {
        "url": "https://fhir.hl7.org.uk/STU3/StructureDefinition/CareConnect-DiagnosticReport-1",
        "title": "CareConnect-DiagnosticReport-1"
      }
    ],
    "DocumentReference": [
      {
        "url": "https://fhir.hl7.org.uk/STU3/StructureDefinition/CareConnect-DocumentReference-1",
        "title": "CareConnect-DocumentReference-1"
      }
    ],
    "Encounter": [
      {
        "url": "https://fhir.hl7.org.uk/STU3/StructureDefinition/CareConnect-Encounter-1",
        "title": "CareConnect-Encounter-1"
      }
    ],
    "EpisodeOfCare": [
      {
        "url": "https://fhir.hl7.org.uk/STU3/StructureDefinition/CareConnect-EpisodeOfCare-1",
        "title": "CareConnect-EpisodeOfCare-1"
      }
    ],
    "FamilyMemberHistory": [
      {
        "url": "https://fhir.hl7.org.uk/STU3/StructureDefinition/CareConnect-FamilyMemberHistory-1",
        "title": "CareConnect-FamilyMemberHistory-1"
      }
    ],
    "Flag": [
      {
        "url": "https://fhir.hl7.org.uk/STU3/StructureDefinition/CareConnect-Medication-Flag-1",
        "title": "CareConnect-Medication-Flag-1"
      }
    ],
    "HealthcareService": [
      {
        "url": "https://fhir.hl7.org.uk/STU3/StructureDefinition/CareConnect-HealthcareService-1",
        "title": "CareConnect-HealthcareService-1"
      }
    ],
    "Immunization": [
      {
        "url": "https://fhir.hl7.org.uk/STU3/StructureDefinition/CareConnect-Immunization-1",
        "title": "CareConnect-Immunization-1"
      }
    ],
    "List": [
      {
        "url": "https://fhir.hl7.org.uk/STU3/StructureDefinition/CareConnect-List-1",
        "title": "CareConnect-List-1"
      }
    ],
    "Location": [
      {
        "url": "https://fhir.hl7.org.uk/STU3/StructureDefinition/CareConnect-Location-1",
        "title": "CareConnect-Location-1"
      }
    ],
    "Medication": [
      {
        "url": "https://fhir.hl7.org.uk/STU3/StructureDefinition/CareConnect-Medication-1",
        "title": "CareConnect-Medication-1"
      }
    ],
    "MedicationDispense": [
      {
        "url": "https://fhir.hl7.org.uk/STU3/StructureDefinition/CareConnect-MedicationDispense-1",
        "title": "CareConnect-MedicationDispense-1"
      }
    ],
    "MedicationRequest": [
      {
        "url": "https://fhir.hl7.org.uk/STU3/StructureDefinition/CareConnect-MedicationRequest-1",
        "title": "CareConnect-MedicationRequest-1"
      }
    ],
    "MedicationStatement": [
      {
        "url": "https://fhir.hl7.org.uk/STU3/StructureDefinition/CareConnect-MedicationStatement-1",
        "title": "CareConnect-MedicationStatement-1"
      }
    ],
    "Organization": [
      {
        "url": "https://fhir.hl7.org.uk/STU3/StructureDefinition/CareConnect-Organization-1",
        "title": "CareConnect-Organization-1"
      }
    ],
    "Patient": [
      {
        "url": "https://fhir.hl7.org.uk/STU3/StructureDefinition/CareConnect-Patient-1",
        "title": "CareConnect-Patient-1"
      }
    ],
    "Practitioner": [
      {
        "url": "https://fhir.hl7.org.uk/STU3/StructureDefinition/CareConnect-Practitioner-1",
        "title": "CareConnect-Practitioner-1"
      }
    ],
    "PractitionerRole": [
      {
        "url": "https://fhir.hl7.org.uk/STU3/StructureDefinition/CareConnect-PractitionerRole-1",
        "title": "CareConnect-PractitionerRole-1"
      }
    ],
    "Procedure": [
      {
        "url": "https://fhir.hl7.org.uk/STU3/StructureDefinition/CareConnect-Procedure-1",
        "title": "CareConnect-Procedure-1"
      }
    ],
    "ProcedureRequest": [
      {
        "url": "https://fhir.hl7.org.uk/STU3/StructureDefinition/CareConnect-ProcedureRequest-1",
        "title": "CareConnect-ProcedureRequest-1"
      }
    ],
    "ReferralRequest": [
      {
        "url": "https://fhir.hl7.org.uk/STU3/StructureDefinition/CareConnect-ReferralRequest-1",
        "title": "CareConnect-ReferralRequest-1"
      }
    ],
    "RelatedPerson": [
      {
        "url": "https://fhir.hl7.org.uk/STU3/StructureDefinition/CareConnect-RelatedPerson-1",
        "title": "CareConnect-RelatedPerson-1"
      }
    ],
    "ResearchStudy": [
      {
        "url": "https://fhir.hl7.org.uk/STU3/StructureDefinition/CareConnect-ResearchStudy-1",
        "title": "CareConnect-ResearchStudy-1"
      }
    ],
    "RiskAssessment": [
      {
        "url": "https://fhir.hl7.org.uk/STU3/StructureDefinition/CareConnect-RiskAssessment-1",
        "title": "CareConnect-RiskAssessment-1"
      }
    ],
    "Schedule": [
      {
        "url": "https://fhir.hl7.org.uk/STU3/StructureDefinition/CareConnect-Schedule-1",
        "title": "CareConnect-Schedule-1"
      }
    ],
    "Slot": [
      {
        "url": "https://fhir.hl7.org.uk/STU3/StructureDefinition/CareConnect-Slot-1",
        "title": "CareConnect-Slot-1"
      }
    ],
    "Specimen": [
      {
        "url": "https://fhir.hl7.org.uk/STU3/StructureDefinition/CareConnect-Specimen-1",
        "title": "CareConnect-Specimen-1"
      }
    ]
  },
  "usage": {
    "http://hl7.org/fhir/StructureDefinition/birthPlace": [
      "Patient"
    ],
    "http://hl7.org/fhir/StructureDefinition/codesystem-sourceReference": [
      "CodeSystem"
    ],
    "http://hl7.org/fhir/StructureDefinition/elementdefinition-bindingName": [
      "StructureDefinition.differential.element.binding",
      "StructureDefinition.snapshot.element.binding"
    ],
    "http://hl7.org/fhir/StructureDefinition/elementdefinition-isCommonBinding": [
      "StructureDefinition.differential.element.binding",
      "StructureDefinition.snapshot.element.binding"
    ],
    "http://hl7.org/fhir/StructureDefinition/elementdefinition-maxValueSet": [
      "StructureDefinition.snapshot.element.binding"
    ],
    "http://hl7.org/fhir/StructureDefinition/elementdefinition-translatable": [
      "StructureDefinition.differential.element",
      "StructureDefinition.snapshot.element"
    ],
    "http://hl7.org/fhir/StructureDefinition/encounter-associatedEncounter": [
      "AllergyIntolerance",
      "FamilyMemberHistory"
    ],
    "http://hl7.org/fhir/StructureDefinition/organization-period": [
      "Organization"
    ],
    "http://hl7.org/fhir/StructureDefinition/patient-birthTime": [
      "Patient.birthDate"
    ],
    "http://hl7.org/fhir/StructureDefinition/patient-cadavericDonor": [
      "Patient"
    ],
    "http://hl7.org/fhir/StructureDefinition/structuredefinition-ballot-status": [
      "ValueSet"
    ],
    "http://hl7.org/fhir/StructureDefinition/structuredefinition-display-hint": [
      "StructureDefinition.differential.element",
      "StructureDefinition.snapshot.element"
    ],
    "http://hl7.org/fhir/StructureDefinition/structuredefinition-explicit-type-name": [
      "StructureDefinition.differential.element",
      "StructureDefinition.snapshot.element"
    ],
    "http://hl7.org/fhir/StructureDefinition/structuredefinition-fmm": [
      "ValueSet"
    ],
    "http://hl7.org/fhir/StructureDefinition/structuredefinition-json-type": [
      "StructureDefinition.snapshot.element.type.code"
    ],
    "http://hl7.org/fhir/StructureDefinition/structuredefinition-rdf-type": [
      "StructureDefinition.snapshot.element.type.code"
    ],
    "http://hl7.org/fhir/StructureDefinition/structuredefinition-regex": [
      "StructureDefinition.snapshot.element.type"
    ],
    "http://hl7.org/fhir/StructureDefinition/structuredefinition-wg": [
      "StructureDefinition",
      "ValueSet"
    ],
    "http://hl7.org/fhir/StructureDefinition/structuredefinition-xml-type": [
      "StructureDefinition.snapshot.element.type.code"
    ],
    "http://hl7.org/fhir/StructureDefinition/valueset-map": [
      "ValueSet"
    ],
    "http://hl7.org/fhir/StructureDefinition/valueset-sourceReference": [
      "ValueSet"
    ],
    "http://hl7.org/fhir/tools/StructureDefinition/resource-information": [
      "ImplementationGuide.package.resource"
    ],
    "https://fhir.hl7.org.uk/STU3/StructureDefinition/Extension-CareConnect-ActualProblem-1": [
      "Condition"
    ],
    "https://fhir.hl7.org.uk/STU3/StructureDefinition/Extension-CareConnect-AdmissionMethod-1": [
      "Encounter.hospitalization"
    ],
    "https://fhir.hl7.org.uk/STU3/StructureDefinition/Extension-CareConnect-AllergyIntoleranceEnd-1": [
      "AllergyIntolerance"
    ],
    "https://fhir.hl7.org.uk/STU3/StructureDefinition/Extension-CareConnect-AnaestheticIssues-1": [
      "Procedure"
    ],
    "https://fhir.hl7.org.uk/STU3/StructureDefinition/Extension-CareConnect-CareSettingType-1": [
      "Composition"
    ],
    "https://fhir.hl7.org.uk/STU3/StructureDefinition/Extension-CareConnect-ClinicalSetting-1": [
      "List"
    ],
    "https://fhir.hl7.org.uk/STU3/StructureDefinition/Extension-CareConnect-ConditionEpisode-1": [
      "Condition"
    ],
    "https://fhir.hl7.org.uk/STU3/StructureDefinition/Extension-CareConnect-DateRecorded-1": [
      "Immunization"
    ],
    "https://fhir.hl7.org.uk/STU3/StructureDefinition/Extension-CareConnect-DeathNotificationStatus-1": [
      "Patient"
    ],
    "https://fhir.hl7.org.uk/STU3/StructureDefinition/Extension-CareConnect-DischargeMethod-1": [
      "Encounter.hospitalization"
    ],
    "https://fhir.hl7.org.uk/STU3/StructureDefinition/Extension-CareConnect-EmergencyCareDischargeStatus-1": [
      "Encounter"
    ],
    "https://fhir.hl7.org.uk/STU3/StructureDefinition/Extension-CareConnect-EncounterTransport-1": [
      "Encounter"
    ],
    "https://fhir.hl7.org.uk/STU3/StructureDefinition/Extension-CareConnect-EthnicCategory-1": [
      "Patient"
    ],
    "https://fhir.hl7.org.uk/STU3/StructureDefinition/Extension-CareConnect-Evidence-1": [
      "AllergyIntolerance"
    ],
    "https://fhir.hl7.org.uk/STU3/StructureDefinition/Extension-CareConnect-FastingStatus-1": [
      "Specimen.collection"
    ],
    "https://fhir.hl7.org.uk/STU3/StructureDefinition/Extension-CareConnect-ListWarningCode-1": [
      "List"
    ],
    "https://fhir.hl7.org.uk/STU3/StructureDefinition/Extension-CareConnect-MainLocation-1": [
      "Organization"
    ],
    "https://fhir.hl7.org.uk/STU3/StructureDefinition/Extension-CareConnect-MedicationChangeSummary-1": [
      "MedicationStatement"
    ],
    "https://fhir.hl7.org.uk/STU3/StructureDefinition/Extension-CareConnect-MedicationFlagAssociation-1": [
      "Flag"
    ],
    "https://fhir.hl7.org.uk/STU3/StructureDefinition/Extension-CareConnect-MedicationQuantityText-1": [
      "MedicationDispense.quantity",
      "MedicationRequest.dispenseRequest.quantity"
    ],
    "https://fhir.hl7.org.uk/STU3/StructureDefinition/Extension-CareConnect-MedicationRepeatInformation-1": [
      "MedicationRequest"
    ],
    "https://fhir.hl7.org.uk/STU3/StructureDefinition/Extension-CareConnect-MedicationStatementLastIssueDate-1": [
      "MedicationStatement"
    ],
    "https://fhir.hl7.org.uk/STU3/StructureDefinition/Extension-CareConnect-MedicationStatusReason-1": [
      "MedicationRequest"
    ],
    "https://fhir.hl7.org.uk/STU3/StructureDefinition/Extension-CareConnect-NHSCommunication-1": [
      "Patient",
      "Practitioner"
    ],
    "https://fhir.hl7.org.uk/STU3/StructureDefinition/Extension-CareConnect-NHSNumberVerificationStatus-1": [
      "Patient.identifier"
    ],
    "https://fhir.hl7.org.uk/STU3/StructureDefinition/Extension-CareConnect-NominatedPharmacy-1": [
      "Patient"
    ],
    "https://fhir.hl7.org.uk/STU3/StructureDefinition/Extension-CareConnect-OutcomeOfAttendance-1": [
      "Encounter"
    ],
    "https://fhir.hl7.org.uk/STU3/StructureDefinition/Extension-CareConnect-ParentPresent-1": [
      "Immunization"
    ],
    "https://fhir.hl7.org.uk/STU3/StructureDefinition/Extension-CareConnect-PrescriptionType-1": [
      "MedicationRequest"
    ],
    "https://fhir.hl7.org.uk/STU3/StructureDefinition/Extension-CareConnect-ProblemSignificance-1": [
      "Condition"
    ],
    "https://fhir.hl7.org.uk/STU3/StructureDefinition/Extension-CareConnect-Recorder-1": [
      "FamilyMemberHistory"
    ],
    "https://fhir.hl7.org.uk/STU3/StructureDefinition/Extension-CareConnect-ReferralRequestMethod-1": [
      "ReferralRequest"
    ],
    "https://fhir.hl7.org.uk/STU3/StructureDefinition/Extension-CareConnect-RelatedClinicalContent-1": [
      "Condition"
    ],
    "https://fhir.hl7.org.uk/STU3/StructureDefinition/Extension-CareConnect-RelatedProblemHeader-1": [
      "Condition"
    ],
    "https://fhir.hl7.org.uk/STU3/StructureDefinition/Extension-CareConnect-ReligiousAffiliation-1": [
      "Patient"
    ],
    "https://fhir.hl7.org.uk/STU3/StructureDefinition/Extension-CareConnect-ResidentialStatus-1": [
      "Patient"
    ],
    "https://fhir.hl7.org.uk/STU3/StructureDefinition/Extension-CareConnect-SourceOfReferral-1": [
      "ReferralRequest"
    ],
    "https://fhir.hl7.org.uk/STU3/StructureDefinition/Extension-CareConnect-TreatmentCategory-1": [
      "Patient"
    ],
    "https://fhir.hl7.org.uk/STU3/StructureDefinition/Extension-CareConnect-VaccinationProcedure-1": [
      "Immunization"
    ],
    "https://fhir.hl7.org.uk/STU3/StructureDefinition/Extension-CareConnect-ValueApproximation-1": [
      "Quantity"
    ],
    "https://fhir.hl7.org.uk/STU3/StructureDefinition/Extension-coding-sctdescid": [
      "AllergyIntolerance.code.coding",
      "AllergyIntolerance.reaction.exposureRoute.coding",
      "AllergyIntolerance.reaction.manifestation.coding",
      "AllergyIntolerance.reaction.substance.coding",
      "Condition.bodySite.coding",
      "Condition.code.coding",
      "Condition.stage.summary.coding",
      "DiagnosticReport.category.coding",
      "DiagnosticReport.code.coding",
      "DiagnosticReport.codedDiagnosis.coding",
      "Encounter.hospitalization.reAdmission.coding",
      "Encounter.reason.coding",
      "Encounter.type.coding",
      "FamilyMemberHistory.condition.code.coding",
      "FamilyMemberHistory.condition.outcome.coding",
      "FamilyMemberHistory.relationship.coding",
      "Flag.code.coding",
      "Immunization.route.coding",
      "Immunization.site.coding",
      "Immunization.vaccinationProtocol.targetDisease.coding",
      "Medication.code.coding",
      "Medication.form.coding",
      "MedicationRequest.dosageInstruction.additionalInstruction.coding",
      "MedicationRequest.dosageInstruction.route.coding",
      "MedicationStatement.dosage.route.coding",
      "Observation.bodySite.coding",
      "Observation.category.coding",
      "Observation.code.coding",
      "Observation.component.code.coding",
      "Observation.method.coding",
      "Procedure.bodySite.coding",
      "Procedure.code.coding",
      "Procedure.complication.coding",
      "ProcedureRequest.bodySite.coding",
      "ProcedureRequest.category.coding",
      "ProcedureRequest.code.coding",
      "ProcedureRequest.reasonCode.coding",
      "Specimen.collection.bodySite.coding",
      "Specimen.type.coding"
    ]
  }
}