{
  "resourceType": "ValueSet",
  "id": "CareConnect-LanguageAbilityMode-1",
  "text": {
    "status": "generated",
    "div": "<div xmlns=\"http://www.w3.org/1999/xhtml\"><h2>Care Connect Language Ability Mode</h2><div><p>A ValueSet that identifies the mode the patient can communicate in, representing the method of expression of the language.</p>\n</div><p><b>Copyright Statement:</b> Copyright © 2016 HL7 UK</p><p>This value set includes codes from the following code systems:</p><ul><li>Include all codes defined in <a href=\"CareConnect-LanguageAbilityMode-1.html\"><code>https://fhir.hl7.org.uk/STU3/CodeSystem/CareConnect-LanguageAbilityMode-1</code></a></li></ul></div>"
  },
  "url": "https://fhir.hl7.org.uk/STU3/ValueSet/CareConnect-LanguageAbilityMode-1",
  "identifier": [
    {
      "system": "urn:ietf:rfc:3986",
      "value": "urn:oid:2.16.840.1.113883.5.60"
    }
  ],
  "version": "3.0.0",
  "name": "Care Connect Language Ability Mode",
  "status": "draft",
  "date": "2018-11-01T00:00:00+00:00",
  "publisher": "HL7 UK",
  "contact": [
    {
      "telecom": [
        {
          "system": "other",
          "value": "http://hl7.org/Special/committees/[something]"
        }
      ]
    }
  ],
  "description": "A ValueSet that identifies the mode the patient can communicate in, representing the method of expression of the language.",
  "jurisdiction": [
    {
      "coding": [
        {
          "system": "http://unstats.un.org/unsd/methods/m49/m49.htm",
          "code": "826"
        }
      ]
    }
  ],
  "copyright": "Copyright © 2016 HL7 UK",
  "compose": {
    "include": [
      {
        "system": "https://fhir.hl7.org.uk/STU3/CodeSystem/CareConnect-LanguageAbilityMode-1"
      }
    ]
  }
}