{
  "resourceType": "ValueSet",
  "id": "CareConnect-AllergyVerificationStatus-1",
  "text": {
    "status": "generated",
    "div": "<div xmlns=\"http://www.w3.org/1999/xhtml\"><h2>AllergyIntoleranceVerificationStatus</h2><div><p>Assertion about certainty associated with a propensity, or potential risk, of a reaction to the identified substance.</p>\n</div><p><b>Copyright Statement:</b> Copyright © HL7.org 2011+</p><p>This value set includes codes from the following code systems:</p><ul><li>Include these codes as defined in <a href=\"http://hl7.org/fhir/STU3/codesystem-allergy-verification-status.html\"><code>http://hl7.org/fhir/allergy-verification-status</code></a><table class=\"none\"><tr><td style=\"white-space:nowrap\"><b>Code</b></td><td><b>Display</b></td></tr><tr><td><a href=\"http://hl7.org/fhir/STU3/codesystem-allergy-verification-status.html#allergy-verification-status-unconfirmed\">unconfirmed</a></td><td>Unconfirmed</td><td>A low level of certainty about the propensity for a reaction to the identified substance.</td></tr><tr><td><a href=\"http://hl7.org/fhir/STU3/codesystem-allergy-verification-status.html#allergy-verification-status-confirmed\">confirmed</a></td><td>Confirmed</td><td>A high level of certainty about the propensity for a reaction to the identified substance, which may include clinical evidence by testing or rechallenge.</td></tr></table></li></ul></div>"
  },
  "extension": [
    {
      "url": "http://hl7.org/fhir/StructureDefinition/valueset-map",
      "valueReference": {
        "reference": "https://fhir.hl7.org.uk/STU3/ConceptMap/CareConnect-AllergyVerificationStatus-1"
      }
    },
    {
      "url": "http://hl7.org/fhir/StructureDefinition/valueset-sourceReference",
      "valueUri": "http://hl7.org/fhir/ValueSet/allergy-verification-status"
    },
    {
      "url": "http://hl7.org/fhir/StructureDefinition/structuredefinition-wg",
      "valueCode": "pc"
    },
    {
      "url": "http://hl7.org/fhir/StructureDefinition/structuredefinition-fmm",
      "valueInteger": 3
    },
    {
      "url": "http://hl7.org/fhir/StructureDefinition/structuredefinition-ballot-status",
      "valueString": "Informative"
    }
  ],
  "url": "https://fhir.hl7.org.uk/STU3/ValueSet/CareConnect-AllergyVerificationStatus-1",
  "identifier": [
    {
      "system": "urn:ietf:rfc:3986",
      "value": "urn:oid:2.16.840.1.113883.4.642.3.115"
    }
  ],
  "version": "3.0.0",
  "name": "AllergyIntoleranceVerificationStatus",
  "status": "active",
  "date": "2017-04-18T22:44:47+01:00",
  "publisher": "INTEROpen",
  "contact": [
    {
      "telecom": [
        {
          "system": "other",
          "value": "https://interopen.ryver.com/"
        }
      ]
    }
  ],
  "description": "Assertion about certainty associated with a propensity, or potential risk, of a reaction to the identified substance.",
  "jurisdiction": [
    {
      "coding": [
        {
          "system": "http://unstats.un.org/unsd/methods/m49/m49.htm",
          "code": "826"
        }
      ]
    }
  ],
  "copyright": "Copyright © HL7.org 2011+",
  "compose": {
    "include": [
      {
        "system": "http://hl7.org/fhir/allergy-verification-status",
        "concept": [
          {
            "code": "unconfirmed",
            "display": "Unconfirmed"
          },
          {
            "code": "confirmed",
            "display": "Confirmed"
          }
        ]
      }
    ]
  }
}