{
  "resourceType": "ValueSet",
  "id": "CareConnect-ReligiousAffiliation-1",
  "text": {
    "status": "generated",
    "div": "<div xmlns=\"http://www.w3.org/1999/xhtml\"><h2>Care Connect Religious Affiliation</h2><div><p>A code from the SNOMED Clinical Terminology UK coding system that describes the religious or other belief system affiliation of a person. Any code from the SNOMED CT UK 'Religious Affiliation SnCT' subset with subset original id 10791000000130; the corresponding SNOMED CT UK Refset fully specified name is 'Religious or other belief system affiliation simple reference set (foundation metadata concept)' with Refset Id 999000531000000100.</p>\n</div><p><b>Copyright Statement:</b> This value set includes content from SNOMED CT, which is copyright © 2002+ International Health Terminology Standards Development Organisation (IHTSDO), and distributed by agreement between IHTSDO and HL7. Implementer use of SNOMED CT is not covered by this agreement.</p><p>This value set includes codes from the following code systems:</p><ul><li>Include codes from <a href=\"http://www.snomed.org/\"><code>http://snomed.info/sct</code></a> where concept  in  999000531000000100</li></ul></div>"
  },
  "url": "https://fhir.hl7.org.uk/STU3/ValueSet/CareConnect-ReligiousAffiliation-1",
  "identifier": [
    {
      "system": "urn:ietf:rfc:3986",
      "value": "urn:oid:2.16.840.1.113883.2.1.3.2.4.16.21"
    }
  ],
  "version": "3.0.0",
  "name": "Care Connect Religious Affiliation",
  "status": "draft",
  "date": "2018-11-02T00:00:00+00:00",
  "publisher": "HL7 UK",
  "contact": [
    {
      "telecom": [
        {
          "system": "other",
          "value": "https://chat.fhir.org/#narrow/stream/179189-uk"
        }
      ]
    }
  ],
  "description": "A code from the SNOMED Clinical Terminology UK coding system that describes the religious or other belief system affiliation of a person. Any code from the SNOMED CT UK 'Religious Affiliation SnCT' subset with subset original id 10791000000130; the corresponding SNOMED CT UK Refset fully specified name is 'Religious or other belief system affiliation simple reference set (foundation metadata concept)' with Refset Id 999000531000000100.",
  "jurisdiction": [
    {
      "coding": [
        {
          "system": "http://unstats.un.org/unsd/methods/m49/m49.htm",
          "code": "826"
        }
      ]
    }
  ],
  "copyright": "This value set includes content from SNOMED CT, which is copyright © 2002+ International Health Terminology Standards Development Organisation (IHTSDO), and distributed by agreement between IHTSDO and HL7. Implementer use of SNOMED CT is not covered by this agreement.",
  "compose": {
    "include": [
      {
        "system": "http://snomed.info/sct",
        "filter": [
          {
            "property": "concept",
            "op": "in",
            "value": "999000531000000100"
          }
        ]
      }
    ]
  }
}