{
  "resourceType": "CodeSystem",
  "id": "CareConnect-PDS-PersonNameType-1",
  "text": {
    "status": "generated",
    "div": "<div xmlns=\"http://www.w3.org/1999/xhtml\"><h2>PDS Person Name Type</h2><div><p>A code to identify the type of a name of a Person.</p>\n</div><p><b>Copyright Statement:</b> Copyright © 2016 HL7 UK</p><p>This code system https://fhir.hl7.org.uk/STU3/CodeSystem/CareConnect-PDS-PersonNameType-1 defines the following codes:</p><table class=\"codes\"><tr><td style=\"white-space:nowrap\"><b>Code</b></td><td><b>Display</b></td><td><b>Definition</b></td></tr><tr><td style=\"white-space:nowrap\">L<a name=\"CareConnect-PDS-PersonNameType-1-L\"> </a></td><td>Usual (current) name</td><td/></tr><tr><td style=\"white-space:nowrap\">A<a name=\"CareConnect-PDS-PersonNameType-1-A\"> </a></td><td>Alias name</td><td/></tr><tr><td style=\"white-space:nowrap\">PREFERRED<a name=\"CareConnect-PDS-PersonNameType-1-PREFERRED\"> </a></td><td>Preferred name</td><td/></tr><tr><td style=\"white-space:nowrap\">PREVIOUS<a name=\"CareConnect-PDS-PersonNameType-1-PREVIOUS\"> </a></td><td>Other previous name</td><td/></tr><tr><td style=\"white-space:nowrap\">PREVIOUS-BACHELOR<a name=\"CareConnect-PDS-PersonNameType-1-PREVIOUS-BACHELOR\"> </a></td><td>Bachelor name</td><td/></tr><tr><td style=\"white-space:nowrap\">PREVIOUS-BIRTH<a name=\"CareConnect-PDS-PersonNameType-1-PREVIOUS-BIRTH\"> </a></td><td>Birth name</td><td/></tr><tr><td style=\"white-space:nowrap\">PREVIOUS-MAIDEN<a name=\"CareConnect-PDS-PersonNameType-1-PREVIOUS-MAIDEN\"> </a></td><td>Maiden name</td><td/></tr></table></div>"
  },
  "url": "https://fhir.hl7.org.uk/STU3/CodeSystem/CareConnect-PDS-PersonNameType-1",
  "version": "3.0.0",
  "name": "PDS Person Name Type",
  "status": "draft",
  "date": "2018-11-02T00:00:00+00:00",
  "publisher": "HL7 UK",
  "contact": [
    {
      "telecom": [
        {
          "system": "other",
          "value": "https://chat.fhir.org/#narrow/stream/179189-uk"
        }
      ]
    }
  ],
  "description": "A code to identify the type of a name of a Person.",
  "jurisdiction": [
    {
      "coding": [
        {
          "system": "http://unstats.un.org/unsd/methods/m49/m49.htm",
          "code": "826"
        }
      ]
    }
  ],
  "copyright": "Copyright © 2016 HL7 UK",
  "caseSensitive": true,
  "content": "complete",
  "concept": [
    {
      "code": "L",
      "display": "Usual (current) name"
    },
    {
      "code": "A",
      "display": "Alias name"
    },
    {
      "code": "PREFERRED",
      "display": "Preferred name"
    },
    {
      "code": "PREVIOUS",
      "display": "Other previous name"
    },
    {
      "code": "PREVIOUS-BACHELOR",
      "display": "Bachelor name"
    },
    {
      "code": "PREVIOUS-BIRTH",
      "display": "Birth name"
    },
    {
      "code": "PREVIOUS-MAIDEN",
      "display": "Maiden name"
    }
  ]
}