{
  "resourceType": "CodeSystem",
  "id": "CareConnect-NHSDataDictionary-PersonMaritalStatus-1",
  "text": {
    "status": "generated",
    "div": "<div xmlns=\"http://www.w3.org/1999/xhtml\"><h2>NHS Data Model and Dictionary Person Marital Status Code</h2><div><p>An indicator to identify the legal marital status of a Person.</p>\n</div><p><b>Copyright Statement:</b> Copyright © 2016 HL7 UK</p><p>This code system https://fhir.hl7.org.uk/STU3/CodeSystem/CareConnect-NHSDataDictionary-PersonMaritalStatus-1 defines the following codes:</p><table class=\"codes\"><tr><td style=\"white-space:nowrap\"><b>Code</b></td><td><b>Display</b></td><td><b>Definition</b></td></tr><tr><td style=\"white-space:nowrap\">S<a name=\"CareConnect-NHSDataDictionary-PersonMaritalStatus-1-S\"> </a></td><td>Single</td><td/></tr><tr><td style=\"white-space:nowrap\">M<a name=\"CareConnect-NHSDataDictionary-PersonMaritalStatus-1-M\"> </a></td><td>Married/Civil Partner</td><td/></tr><tr><td style=\"white-space:nowrap\">D<a name=\"CareConnect-NHSDataDictionary-PersonMaritalStatus-1-D\"> </a></td><td>Divorced/Person whose Civil Partnership has been dissolved</td><td/></tr><tr><td style=\"white-space:nowrap\">W<a name=\"CareConnect-NHSDataDictionary-PersonMaritalStatus-1-W\"> </a></td><td>Widowed/Surviving Civil Partner</td><td/></tr><tr><td style=\"white-space:nowrap\">P<a name=\"CareConnect-NHSDataDictionary-PersonMaritalStatus-1-P\"> </a></td><td>Separated</td><td/></tr><tr><td style=\"white-space:nowrap\">N<a name=\"CareConnect-NHSDataDictionary-PersonMaritalStatus-1-N\"> </a></td><td>Not disclosed</td><td/></tr></table></div>"
  },
  "extension": [
    {
      "url": "http://hl7.org/fhir/StructureDefinition/codesystem-sourceReference",
      "valueUri": "http://www.datadictionary.nhs.uk/data_dictionary/attributes/p/person/person_marital_status_code_de.asp?shownav=1"
    }
  ],
  "url": "https://fhir.hl7.org.uk/STU3/CodeSystem/CareConnect-NHSDataDictionary-PersonMaritalStatus-1",
  "version": "3.0.0",
  "name": "NHS Data Model and Dictionary Person Marital Status Code",
  "status": "active",
  "date": "2016-08-03T00:00:00+01:00",
  "publisher": "HL7 UK",
  "contact": [
    {
      "telecom": [
        {
          "system": "other",
          "value": "https://chat.fhir.org/#narrow/stream/179189-uk"
        }
      ]
    }
  ],
  "description": "An indicator to identify the legal marital status of a Person.",
  "jurisdiction": [
    {
      "coding": [
        {
          "system": "http://unstats.un.org/unsd/methods/m49/m49.htm",
          "code": "826"
        }
      ]
    }
  ],
  "copyright": "Copyright © 2016 HL7 UK",
  "caseSensitive": true,
  "content": "complete",
  "concept": [
    {
      "code": "S",
      "display": "Single"
    },
    {
      "code": "M",
      "display": "Married/Civil Partner"
    },
    {
      "code": "D",
      "display": "Divorced/Person whose Civil Partnership has been dissolved"
    },
    {
      "code": "W",
      "display": "Widowed/Surviving Civil Partner"
    },
    {
      "code": "P",
      "display": "Separated"
    },
    {
      "code": "N",
      "display": "Not disclosed"
    }
  ]
}