{
  "resourceType": "CodeSystem",
  "id": "CareConnect-DischargeDestination-1",
  "text": {
    "status": "generated",
    "div": "<div xmlns=\"http://www.w3.org/1999/xhtml\"><h2>NHS Data Model and Dictionary Discharge Destination</h2><div><p>The destination of a Patient on completion of a Hospital Provider Spell, or a note that the Patient died or was a still birth.</p>\n</div><p><b>Copyright Statement:</b> Copyright © 2016 HL7 UK</p><p>This code system https://fhir.hl7.org.uk/STU3/CodeSystem/CareConnect-DischargeDestination-1 defines the following codes:</p><table class=\"codes\"><tr><td style=\"white-space:nowrap\"><b>Code</b></td><td><b>Display</b></td><td><b>Definition</b></td></tr><tr><td style=\"white-space:nowrap\">19<a name=\"CareConnect-DischargeDestination-1-19\"> </a></td><td>Usual place of residence unless listed below, for example, a private dwelling whether owner occupied or owned by Local Authority, housing association or other landlord. This includes wardened accommodation but not residential accommodation where health care is provided. It also includes Patients with no fixed abode.</td><td/></tr><tr><td style=\"white-space:nowrap\">29<a name=\"CareConnect-DischargeDestination-1-29\"> </a></td><td>Temporary place of residence when usually resident elsewhere (e.g. hotels, residential Educational Establishment)</td><td/></tr><tr><td style=\"white-space:nowrap\">30<a name=\"CareConnect-DischargeDestination-1-30\"> </a></td><td>Repatriation from high security psychiatric accommodation in an NHS Hospital Provider (NHS Trust or NHS Foundation Trust)</td><td/></tr><tr><td style=\"white-space:nowrap\">37<a name=\"CareConnect-DischargeDestination-1-37\"> </a></td><td>Court</td><td/></tr><tr><td style=\"white-space:nowrap\">38<a name=\"CareConnect-DischargeDestination-1-38\"> </a></td><td>Penal establishment or police station</td><td/></tr><tr><td style=\"white-space:nowrap\">48<a name=\"CareConnect-DischargeDestination-1-48\"> </a></td><td>High Security Psychiatric Hospital, Scotland</td><td/></tr><tr><td style=\"white-space:nowrap\">49<a name=\"CareConnect-DischargeDestination-1-49\"> </a></td><td>NHS other Hospital Provider - high security psychiatric accommodation</td><td/></tr><tr><td style=\"white-space:nowrap\">50<a name=\"CareConnect-DischargeDestination-1-50\"> </a></td><td>NHS other Hospital Provider - medium secure unit</td><td/></tr><tr><td style=\"white-space:nowrap\">51<a name=\"CareConnect-DischargeDestination-1-51\"> </a></td><td>NHS other Hospital Provider - Ward for general Patients or the younger physically disabled</td><td/></tr><tr><td style=\"white-space:nowrap\">52<a name=\"CareConnect-DischargeDestination-1-52\"> </a></td><td>NHS other Hospital Provider - Ward for maternity Patients or Neonates</td><td/></tr><tr><td style=\"white-space:nowrap\">53<a name=\"CareConnect-DischargeDestination-1-53\"> </a></td><td>NHS other Hospital Provider - Ward for Patients who are mentally ill or have Learning Disabilities</td><td/></tr><tr><td style=\"white-space:nowrap\">54<a name=\"CareConnect-DischargeDestination-1-54\"> </a></td><td>NHS run Care Home</td><td/></tr><tr><td style=\"white-space:nowrap\">65<a name=\"CareConnect-DischargeDestination-1-65\"> </a></td><td>Local Authority residential accommodation i.e. where care is provided</td><td/></tr><tr><td style=\"white-space:nowrap\">66<a name=\"CareConnect-DischargeDestination-1-66\"> </a></td><td>Local Authority foster care</td><td/></tr><tr><td style=\"white-space:nowrap\">79<a name=\"CareConnect-DischargeDestination-1-79\"> </a></td><td>Not applicable - Patient died or still birth</td><td/></tr><tr><td style=\"white-space:nowrap\">84<a name=\"CareConnect-DischargeDestination-1-84\"> </a></td><td>Non-NHS run hospital - medium secure unit</td><td/></tr><tr><td style=\"white-space:nowrap\">85<a name=\"CareConnect-DischargeDestination-1-85\"> </a></td><td>Non-NHS (other than Local Authority) run Care Home</td><td/></tr><tr><td style=\"white-space:nowrap\">87<a name=\"CareConnect-DischargeDestination-1-87\"> </a></td><td>Non NHS run hospital</td><td/></tr><tr><td style=\"white-space:nowrap\">88<a name=\"CareConnect-DischargeDestination-1-88\"> </a></td><td>Non-NHS (other than Local Authority) run Hospice</td><td/></tr></table></div>"
  },
  "extension": [
    {
      "url": "http://hl7.org/fhir/StructureDefinition/codesystem-sourceReference",
      "valueUri": "http://www.datadictionary.nhs.uk/data_dictionary/attributes/d/disc/discharge_destination_de.asp?shownav=1"
    }
  ],
  "url": "https://fhir.hl7.org.uk/STU3/CodeSystem/CareConnect-DischargeDestination-1",
  "version": "3.0.0",
  "name": "NHS Data Model and Dictionary Discharge Destination",
  "status": "draft",
  "date": "2018-11-14T00:00:00+00:00",
  "publisher": "HL7 UK",
  "contact": [
    {
      "telecom": [
        {
          "system": "other",
          "value": "http://hl7.org/Special/committees/[something]"
        }
      ]
    }
  ],
  "description": "The destination of a Patient on completion of a Hospital Provider Spell, or a note that the Patient died or was a still birth.",
  "jurisdiction": [
    {
      "coding": [
        {
          "system": "http://unstats.un.org/unsd/methods/m49/m49.htm",
          "code": "826"
        }
      ]
    }
  ],
  "copyright": "Copyright © 2016 HL7 UK",
  "content": "complete",
  "concept": [
    {
      "code": "19",
      "display": "Usual place of residence unless listed below, for example, a private dwelling whether owner occupied or owned by Local Authority, housing association or other landlord. This includes wardened accommodation but not residential accommodation where health care is provided. It also includes Patients with no fixed abode."
    },
    {
      "code": "29",
      "display": "Temporary place of residence when usually resident elsewhere (e.g. hotels, residential Educational Establishment)"
    },
    {
      "code": "30",
      "display": "Repatriation from high security psychiatric accommodation in an NHS Hospital Provider (NHS Trust or NHS Foundation Trust)"
    },
    {
      "code": "37",
      "display": "Court"
    },
    {
      "code": "38",
      "display": "Penal establishment or police station"
    },
    {
      "code": "48",
      "display": "High Security Psychiatric Hospital, Scotland"
    },
    {
      "code": "49",
      "display": "NHS other Hospital Provider - high security psychiatric accommodation"
    },
    {
      "code": "50",
      "display": "NHS other Hospital Provider - medium secure unit"
    },
    {
      "code": "51",
      "display": "NHS other Hospital Provider - Ward for general Patients or the younger physically disabled"
    },
    {
      "code": "52",
      "display": "NHS other Hospital Provider - Ward for maternity Patients or Neonates"
    },
    {
      "code": "53",
      "display": "NHS other Hospital Provider - Ward for Patients who are mentally ill or have Learning Disabilities"
    },
    {
      "code": "54",
      "display": "NHS run Care Home"
    },
    {
      "code": "65",
      "display": "Local Authority residential accommodation i.e. where care is provided"
    },
    {
      "code": "66",
      "display": "Local Authority foster care"
    },
    {
      "code": "79",
      "display": "Not applicable - Patient died or still birth"
    },
    {
      "code": "84",
      "display": "Non-NHS run hospital - medium secure unit"
    },
    {
      "code": "85",
      "display": "Non-NHS (other than Local Authority) run Care Home"
    },
    {
      "code": "87",
      "display": "Non NHS run hospital"
    },
    {
      "code": "88",
      "display": "Non-NHS (other than Local Authority) run Hospice"
    }
  ]
}