{
  "resourceType": "CodeSystem",
  "id": "CareConnect-ConditionRelationship-1",
  "text": {
    "status": "generated",
    "div": "<div xmlns=\"http://www.w3.org/1999/xhtml\"><h2>Care Connect Condition Relationship</h2><div><p>A CodeSystem that identifies the kind of relationship that exists with a target condition or problem.</p>\n</div><p><b>Copyright Statement:</b> Copyright © 2019 HL7 UK</p><p>This code system https://fhir.hl7.org.uk/STU3/CodeSystem/CareConnect-ConditionRelationship-1 defines the following codes:</p><table class=\"codes\"><tr><td style=\"white-space:nowrap\"><b>Code</b></td><td><b>Display</b></td><td><b>Definition</b></td></tr><tr><td style=\"white-space:nowrap\">merge-combine<a name=\"CareConnect-ConditionRelationship-1-merge-combine\"> </a></td><td>Merge/Combine</td><td>This condition is merged/combined with the target condition to form a single logical condition.</td></tr><tr><td style=\"white-space:nowrap\">nesting<a name=\"CareConnect-ConditionRelationship-1-nesting\"> </a></td><td>Nesting</td><td>This target condition is a component problem of this condition.</td></tr><tr><td style=\"white-space:nowrap\">evolve<a name=\"CareConnect-ConditionRelationship-1-evolve\"> </a></td><td>Evolve</td><td>This condition has evolved from the target condition.</td></tr><tr><td style=\"white-space:nowrap\">parent<a name=\"CareConnect-ConditionRelationship-1-parent\"> </a></td><td>Parent</td><td>The problem referenced is the parent of the problem/item in the resource.</td></tr><tr><td style=\"white-space:nowrap\">child<a name=\"CareConnect-ConditionRelationship-1-child\"> </a></td><td>Child</td><td>The problem referenced is the child of the problem/item in the resource.</td></tr><tr><td style=\"white-space:nowrap\">sibling<a name=\"CareConnect-ConditionRelationship-1-sibling\"> </a></td><td>Sibling</td><td>The problem referenced is a sibling of the problem/item in the resource.</td></tr></table></div>"
  },
  "url": "https://fhir.hl7.org.uk/STU3/CodeSystem/CareConnect-ConditionRelationship-1",
  "version": "3.0.0",
  "name": "Care Connect Condition Relationship",
  "status": "draft",
  "date": "2019-10-24T19:50:00+01:00",
  "publisher": "INTEROpen",
  "contact": [
    {
      "telecom": [
        {
          "system": "other",
          "value": "https://interopen.ryver.com/"
        }
      ]
    }
  ],
  "description": "A CodeSystem that identifies the kind of relationship that exists with a target condition or problem.",
  "jurisdiction": [
    {
      "coding": [
        {
          "system": "http://unstats.un.org/unsd/methods/m49/m49.htm",
          "code": "826"
        }
      ]
    }
  ],
  "copyright": "Copyright © 2019 HL7 UK",
  "caseSensitive": true,
  "content": "complete",
  "concept": [
    {
      "code": "merge-combine",
      "display": "Merge/Combine",
      "definition": "This condition is merged/combined with the target condition to form a single logical condition."
    },
    {
      "code": "nesting",
      "display": "Nesting",
      "definition": "This target condition is a component problem of this condition."
    },
    {
      "code": "evolve",
      "display": "Evolve",
      "definition": "This condition has evolved from the target condition."
    },
    {
      "code": "parent",
      "display": "Parent",
      "definition": "The problem referenced is the parent of the problem/item in the resource."
    },
    {
      "code": "child",
      "display": "Child",
      "definition": "The problem referenced is the child of the problem/item in the resource."
    },
    {
      "code": "sibling",
      "display": "Sibling",
      "definition": "The problem referenced is a sibling of the problem/item in the resource."
    }
  ]
}