{
  "resourceType": "CodeSystem",
  "id": "CareConnect-ProblemSignificance-1",
  "text": {
    "status": "generated",
    "div": "<div xmlns=\"http://www.w3.org/1999/xhtml\"><h2>Care Connect Problem Significance</h2><div><p>A CodeSystem to record the significance of a Problem Header Condition.</p>\n</div><p><b>Copyright Statement:</b> Copyright © 2016 HL7 UK</p><p>This code system https://fhir.hl7.org.uk/STU3/CodeSystem/CareConnect-ProblemSignificance-1 defines the following codes:</p><table class=\"codes\"><tr><td style=\"white-space:nowrap\"><b>Code</b></td><td><b>Display</b></td><td><b>Definition</b></td></tr><tr><td style=\"white-space:nowrap\">major<a name=\"CareConnect-ProblemSignificance-1-major\"> </a></td><td>Major</td><td/></tr><tr><td style=\"white-space:nowrap\">minor<a name=\"CareConnect-ProblemSignificance-1-minor\"> </a></td><td>Minor</td><td/></tr></table></div>"
  },
  "url": "https://fhir.hl7.org.uk/STU3/CodeSystem/CareConnect-ProblemSignificance-1",
  "version": "0.1.0",
  "name": "Care Connect Problem Significance",
  "status": "draft",
  "date": "2018-04-16T01:00:00+01:00",
  "publisher": "HL7 UK - Example",
  "contact": [
    {
      "telecom": [
        {
          "system": "other",
          "value": "http://hl7.org/Special/committees/[something]"
        }
      ]
    }
  ],
  "description": "A CodeSystem to record the significance of a Problem Header Condition.",
  "jurisdiction": [
    {
      "coding": [
        {
          "system": "http://unstats.un.org/unsd/methods/m49/m49.htm",
          "code": "826"
        }
      ]
    }
  ],
  "copyright": "Copyright © 2016 HL7 UK",
  "caseSensitive": true,
  "content": "complete",
  "concept": [
    {
      "code": "major",
      "display": "Major"
    },
    {
      "code": "minor",
      "display": "Minor"
    }
  ]
}