{
  "resourceType": "NamingSystem",
  "id": "uk-chi-number",
  "text": {
    "status": "generated",
    "div": "<div xmlns=\"http://www.w3.org/1999/xhtml\"><p><b>Generated Narrative with Details</b></p><p><b>id</b>: uk-chi-number</p><p><b>name</b>: CHI Number</p><p><b>status</b>: draft</p><p><b>kind</b>: identifier</p><p><b>date</b>: 9 Dec 2019, 00:00:00</p><p><b>publisher</b>: HL7 UK</p><p><b>contact</b>: </p><p><b>responsible</b>: NHS Scotland</p><p><b>description</b>: Community Health Index Number allocated to the patient in Scotland. [CHI Number](https://www.datadictionary.nhs.uk/data_dictionary/attributes/c/com/community_health_index_number_de.asp)</p><p><b>jurisdiction</b>: United Kingdom of Great Britain and Northern Ireland (GBR) <span style=\"background: LightGoldenRodYellow\">(Details : {http://unstats.un.org/unsd/methods/m49/m49.htm code '826' = 'United Kingdom of Great Britain and Northern Ireland (GBR))</span></p><p><b>usage</b>: A patient identifier for everyone registered with the NHS in Scotland.</p><h3>UniqueIds</h3><table class=\"grid\"><tr><td>-</td><td><b>Type</b></td><td><b>Value</b></td><td><b>Preferred</b></td></tr><tr><td>*</td><td>oid</td><td>2.16.840.1.113883.2.1.3.2.4.16.53</td><td>true</td></tr></table></div>"
  },
  "name": "CHI Number",
  "status": "draft",
  "kind": "identifier",
  "date": "2019-12-09T00:00:00+00:00",
  "publisher": "HL7 UK",
  "contact": [
    {
      "telecom": [
        {
          "system": "other",
          "value": "https://chat.fhir.org/#narrow/stream/179189-uk"
        }
      ]
    }
  ],
  "responsible": "NHS Scotland",
  "description": "Community Health Index Number allocated to the patient in Scotland. [CHI Number](https://www.datadictionary.nhs.uk/data_dictionary/attributes/c/com/community_health_index_number_de.asp)",
  "jurisdiction": [
    {
      "coding": [
        {
          "system": "http://unstats.un.org/unsd/methods/m49/m49.htm",
          "code": "826"
        }
      ]
    }
  ],
  "usage": "A patient identifier for everyone registered with the NHS in Scotland.",
  "uniqueId": [
    {
      "type": "oid",
      "value": "2.16.840.1.113883.2.1.3.2.4.16.53",
      "preferred": true
    }
  ]
}