{
  "resourceType": "Practitioner",
  "id": "practitioner-3",
  "meta": {
    "profile": [
      "https://fhir.hl7.org.uk/STU3/StructureDefinition/CareConnect-Practitioner-1"
    ]
  },
  "text": {
    "status": "generated",
    "div": "<div xmlns=\"http://www.w3.org/1999/xhtml\"><p><b>Generated Narrative with Details</b></p><p><b>id</b>: practitioner-3</p><p><b>meta</b>: </p><p><b>identifier</b>: PT1357, C9999998</p><p><b>name</b>: Ripley Amber </p><p><b>telecom</b>: ripley.amber@nhs.skynet(WORK), ph: 0115 9876543(WORK)</p><p><b>address</b>: Kirkgate Derby DE7 1QQ </p><p><b>gender</b>: female</p></div>"
  },
  "identifier": [
    {
      "system": "https://fhir.nhs.uk/Id/sds-user-id",
      "value": "PT1357"
    },
    {
      "system": "https://fhir.hl7.org.uk/Id/gmp-number",
      "value": "C9999998"
    }
  ],
  "name": [
    {
      "family": "Amber",
      "given": [
        "Ripley"
      ],
      "prefix": [
        "Dr."
      ]
    }
  ],
  "telecom": [
    {
      "system": "email",
      "value": "ripley.amber@nhs.skynet",
      "use": "work"
    },
    {
      "system": "phone",
      "value": "0115 9876543",
      "use": "work"
    }
  ],
  "address": [
    {
      "line": [
        "Kirkgate"
      ],
      "city": "Derby",
      "postalCode": "DE7 1QQ"
    }
  ],
  "gender": "female"
}