{
  "resourceType": "StructureDefinition",
  "id": "Extension-CareConnect-EncounterTransport-1",
  "meta": {
    "lastUpdated": "2018-02-20T08:47:20.046+00:00"
  },
  "text": {
    "status": "generated",
    "div": "<div xmlns=\"http://www.w3.org/1999/xhtml\"><table border=\"0\" cellpadding=\"0\" cellspacing=\"0\" style=\"border: 0px #F0F0F0 solid; font-size: 11px; font-family: verdana; vertical-align: top;\"><tr style=\"border: 1px #F0F0F0 solid; font-size: 11px; font-family: verdana; vertical-align: top;\"><th style=\"vertical-align: top; text-align : left; background-color: white; border: 0px #F0F0F0 solid; padding:0px 4px 0px 4px\" class=\"hierarchy\"><a href=\"http://hl7.org/fhir/STU3/formats.html#table\" title=\"The logical name of the element\">Name</a></th><th style=\"vertical-align: top; text-align : left; background-color: white; border: 0px #F0F0F0 solid; padding:0px 4px 0px 4px\" class=\"hierarchy\"><a href=\"http://hl7.org/fhir/STU3/formats.html#table\" title=\"Information about the use of the element\">Flags</a></th><th style=\"vertical-align: top; text-align : left; background-color: white; border: 0px #F0F0F0 solid; padding:0px 4px 0px 4px\" class=\"hierarchy\"><a href=\"http://hl7.org/fhir/STU3/formats.html#table\" title=\"Minimum and Maximum # of times the the element can appear in the instance\">Card.</a></th><th style=\"width: 100px\" class=\"hierarchy\"><a href=\"http://hl7.org/fhir/STU3/formats.html#table\" title=\"Reference to the type of the element\">Type</a></th><th style=\"vertical-align: top; text-align : left; background-color: white; border: 0px #F0F0F0 solid; padding:0px 4px 0px 4px\" class=\"hierarchy\"><a href=\"http://hl7.org/fhir/STU3/formats.html#table\" title=\"Additional information about the element\">Description &amp; Constraints</a><span style=\"float: right\"><a href=\"http://hl7.org/fhir/STU3/formats.html#table\" title=\"Legend for this format\"><img src=\"http://hl7.org/fhir/STU3/help16.png\" alt=\"doco\" style=\"background-color: inherit\"/></a></span></th></tr><tr style=\"border: 0px #F0F0F0 solid; padding:0px; vertical-align: top; background-color: white;\"><td style=\"vertical-align: top; text-align : left; background-color: white; border: 0px #F0F0F0 solid; padding:0px 4px 0px 4px; white-space: nowrap; background-image: url(tbl_bck1.png)\" class=\"hierarchy\"><img src=\"tbl_spacer.png\" alt=\".\" style=\"background-color: inherit\" class=\"hierarchy\"/><img src=\"icon_element.gif\" alt=\".\" style=\"background-color: white; background-color: inherit\" title=\"Element\" class=\"hierarchy\"/> <a href=\"{{[type]}}-{{[id]}}-definitions.html#Extension\" title=\"Encounter transport.\">Extension</a><a name=\"Extension\"> </a></td><td style=\"vertical-align: top; text-align : left; background-color: white; border: 0px #F0F0F0 solid; padding:0px 4px 0px 4px\" class=\"hierarchy\"/><td style=\"vertical-align: top; text-align : left; background-color: white; border: 0px #F0F0F0 solid; padding:0px 4px 0px 4px\" class=\"hierarchy\"><span style=\"opacity: 0.4\">0</span>..<span style=\"opacity: 0.4\">1</span></td><td style=\"vertical-align: top; text-align : left; background-color: white; border: 0px #F0F0F0 solid; padding:0px 4px 0px 4px\" class=\"hierarchy\"><a href=\"http://hl7.org/fhir/STU3/extensibility.html#Extension\">Extension</a></td><td style=\"vertical-align: top; text-align : left; background-color: white; border: 0px #F0F0F0 solid; padding:0px 4px 0px 4px\" class=\"hierarchy\">Encounter transport</td></tr>\r\n<tr style=\"border: 0px #F0F0F0 solid; padding:0px; vertical-align: top; background-color: #F7F7F7;\"><td style=\"vertical-align: top; text-align : left; background-color: #F7F7F7; border: 0px #F0F0F0 solid; padding:0px 4px 0px 4px; white-space: nowrap; background-image: url(tbl_bck12.png)\" class=\"hierarchy\"><img src=\"tbl_spacer.png\" alt=\".\" style=\"background-color: inherit\" class=\"hierarchy\"/><img src=\"tbl_vjoin.png\" alt=\".\" style=\"background-color: inherit\" class=\"hierarchy\"/><img src=\"icon_extension_simple.png\" alt=\".\" style=\"background-color: #F7F7F7; background-color: inherit\" title=\"Simple Extension\" class=\"hierarchy\"/> <a href=\"{{[type]}}-{{[id]}}-definitions.html#Extension.extension\">extension</a><a name=\"Extension.extension\"> </a></td><td style=\"vertical-align: top; text-align : left; background-color: #F7F7F7; border: 0px #F0F0F0 solid; padding:0px 4px 0px 4px\" class=\"hierarchy\"/><td style=\"vertical-align: top; text-align : left; background-color: #F7F7F7; border: 0px #F0F0F0 solid; padding:0px 4px 0px 4px\" class=\"hierarchy\"><span style=\"opacity: 0.4\">0</span><span style=\"opacity: 0.5\">..</span><span style=\"opacity: 0.4\">*</span></td><td style=\"vertical-align: top; text-align : left; background-color: #F7F7F7; border: 0px #F0F0F0 solid; padding:0px 4px 0px 4px\" class=\"hierarchy\"><a style=\"opacity: 0.4\" href=\"http://hl7.org/fhir/STU3/extensibility.html#Extension\">Extension</a></td><td style=\"vertical-align: top; text-align : left; background-color: #F7F7F7; border: 0px #F0F0F0 solid; padding:0px 4px 0px 4px\" class=\"hierarchy\"><span style=\"font-weight:bold\">Slice: </span>Unordered, Open by value:url</td></tr>\r\n<tr style=\"border: 0px #F0F0F0 solid; padding:0px; vertical-align: top; background-color: white;\"><td style=\"vertical-align: top; text-align : left; background-color: white; border: 0px #F0F0F0 solid; padding:0px 4px 0px 4px; white-space: nowrap; background-image: url(tbl_bck15.png)\" class=\"hierarchy\"><img src=\"tbl_spacer.png\" alt=\".\" style=\"background-color: inherit\" class=\"hierarchy\"/><img src=\"tbl_vjoin.png\" alt=\".\" style=\"background-color: inherit\" class=\"hierarchy\"/><img src=\"icon_slice_item.png\" alt=\".\" style=\"background-color: white; background-color: inherit\" title=\"Slice Item\" class=\"hierarchy\"/> <a href=\"{{[type]}}-{{[id]}}-definitions.html#Extension.extension:transportType\" title=\"Slice transportType: \">extension:transportType</a><a name=\"Extension.extension\"> </a></td><td style=\"vertical-align: top; text-align : left; background-color: white; border: 0px #F0F0F0 solid; padding:0px 4px 0px 4px\" class=\"hierarchy\"/><td style=\"vertical-align: top; text-align : left; background-color: white; border: 0px #F0F0F0 solid; padding:0px 4px 0px 4px\" class=\"hierarchy\">1..1</td><td style=\"vertical-align: top; text-align : left; background-color: white; border: 0px #F0F0F0 solid; padding:0px 4px 0px 4px\" class=\"hierarchy\"><a style=\"opacity: 0.4\" href=\"http://hl7.org/fhir/STU3/extensibility.html#Extension\">Extension</a></td><td style=\"vertical-align: top; text-align : left; background-color: white; border: 0px #F0F0F0 solid; padding:0px 4px 0px 4px\" class=\"hierarchy\"/></tr>\r\n<tr style=\"border: 0px #F0F0F0 solid; padding:0px; vertical-align: top; background-color: #F7F7F7;\"><td style=\"vertical-align: top; text-align : left; background-color: #F7F7F7; border: 0px #F0F0F0 solid; padding:0px 4px 0px 4px; white-space: nowrap; background-image: url(tbl_bck150.png)\" class=\"hierarchy\"><img src=\"tbl_spacer.png\" alt=\".\" style=\"background-color: inherit\" class=\"hierarchy\"/><img src=\"tbl_vline.png\" alt=\".\" style=\"background-color: inherit\" class=\"hierarchy\"/><img src=\"tbl_vjoin_slice.png\" alt=\".\" style=\"background-color: inherit\" class=\"hierarchy\"/><img src=\"icon_element.gif\" alt=\".\" style=\"background-color: #F7F7F7; background-color: inherit\" title=\"Element\" class=\"hierarchy\"/> <a href=\"{{[type]}}-{{[id]}}-definitions.html#Extension.extension:transportType.url\">url</a><a name=\"Extension.extension.url\"> </a></td><td style=\"vertical-align: top; text-align : left; background-color: #F7F7F7; border: 0px #F0F0F0 solid; padding:0px 4px 0px 4px\" class=\"hierarchy\"/><td style=\"vertical-align: top; text-align : left; background-color: #F7F7F7; border: 0px #F0F0F0 solid; padding:0px 4px 0px 4px\" class=\"hierarchy\"><span style=\"opacity: 0.4\">1</span><span style=\"opacity: 0.5\">..</span><span style=\"opacity: 0.4\">1</span></td><td style=\"vertical-align: top; text-align : left; background-color: #F7F7F7; border: 0px #F0F0F0 solid; padding:0px 4px 0px 4px\" class=\"hierarchy\"><a style=\"opacity: 0.4\" href=\"http://hl7.org/fhir/STU3/datatypes.html#uri\">uri</a></td><td style=\"vertical-align: top; text-align : left; background-color: #F7F7F7; border: 0px #F0F0F0 solid; padding:0px 4px 0px 4px\" class=\"hierarchy\"><span style=\"color: darkgreen\">&quot;transportType&quot;</span></td></tr>\r\n<tr style=\"border: 0px #F0F0F0 solid; padding:0px; vertical-align: top; background-color: white;\"><td style=\"vertical-align: top; text-align : left; background-color: white; border: 0px #F0F0F0 solid; padding:0px 4px 0px 4px; white-space: nowrap; background-image: url(tbl_bck144.png)\" class=\"hierarchy\"><img src=\"tbl_spacer.png\" alt=\".\" style=\"background-color: inherit\" class=\"hierarchy\"/><img src=\"tbl_vline.png\" alt=\".\" style=\"background-color: inherit\" class=\"hierarchy\"/><img src=\"tbl_vjoin_end_slice.png\" alt=\".\" style=\"background-color: inherit\" class=\"hierarchy\"/><img src=\"icon_slice_item.png\" alt=\".\" style=\"background-color: white; background-color: inherit\" title=\"Slice Item\" class=\"hierarchy\"/> <a href=\"{{[type]}}-{{[id]}}-definitions.html#Extension.extension:transportType.valueCodeableConcept:valueCodeableConcept\" title=\"Slice valueCodeableConcept: Transport Type.\">valueCodeableConcept:valueCodeableConcept</a><a name=\"Extension.extension.valueCodeableConcept\"> </a></td><td style=\"vertical-align: top; text-align : left; background-color: white; border: 0px #F0F0F0 solid; padding:0px 4px 0px 4px\" class=\"hierarchy\"/><td style=\"vertical-align: top; text-align : left; background-color: white; border: 0px #F0F0F0 solid; padding:0px 4px 0px 4px\" class=\"hierarchy\"><span style=\"opacity: 0.4\">0</span><span style=\"opacity: 0.5\">..</span><span style=\"opacity: 0.4\">1</span></td><td style=\"vertical-align: top; text-align : left; background-color: white; border: 0px #F0F0F0 solid; padding:0px 4px 0px 4px\" class=\"hierarchy\"><a href=\"http://hl7.org/fhir/STU3/datatypes.html#CodeableConcept\">CodeableConcept</a></td><td style=\"vertical-align: top; text-align : left; background-color: white; border: 0px #F0F0F0 solid; padding:0px 4px 0px 4px\" class=\"hierarchy\">Transport Type</td></tr>\r\n<tr style=\"border: 0px #F0F0F0 solid; padding:0px; vertical-align: top; background-color: #F7F7F7;\"><td style=\"vertical-align: top; text-align : left; background-color: #F7F7F7; border: 0px #F0F0F0 solid; padding:0px 4px 0px 4px; white-space: nowrap; background-image: url(tbl_bck15.png)\" class=\"hierarchy\"><img src=\"tbl_spacer.png\" alt=\".\" style=\"background-color: inherit\" class=\"hierarchy\"/><img src=\"tbl_vjoin.png\" alt=\".\" style=\"background-color: inherit\" class=\"hierarchy\"/><img src=\"icon_slice_item.png\" alt=\".\" style=\"background-color: #F7F7F7; background-color: inherit\" title=\"Slice Item\" class=\"hierarchy\"/> <a href=\"{{[type]}}-{{[id]}}-definitions.html#Extension.extension:transportPeriod\" title=\"Slice transportPeriod: \">extension:transportPeriod</a><a name=\"Extension.extension\"> </a></td><td style=\"vertical-align: top; text-align : left; background-color: #F7F7F7; border: 0px #F0F0F0 solid; padding:0px 4px 0px 4px\" class=\"hierarchy\"/><td style=\"vertical-align: top; text-align : left; background-color: #F7F7F7; border: 0px #F0F0F0 solid; padding:0px 4px 0px 4px\" class=\"hierarchy\"><span style=\"opacity: 0.4\">0</span>..<span style=\"opacity: 0.4\">1</span></td><td style=\"vertical-align: top; text-align : left; background-color: #F7F7F7; border: 0px #F0F0F0 solid; padding:0px 4px 0px 4px\" class=\"hierarchy\"><a style=\"opacity: 0.4\" href=\"http://hl7.org/fhir/STU3/extensibility.html#Extension\">Extension</a></td><td style=\"vertical-align: top; text-align : left; background-color: #F7F7F7; border: 0px #F0F0F0 solid; padding:0px 4px 0px 4px\" class=\"hierarchy\"/></tr>\r\n<tr style=\"border: 0px #F0F0F0 solid; padding:0px; vertical-align: top; background-color: white;\"><td style=\"vertical-align: top; text-align : left; background-color: white; border: 0px #F0F0F0 solid; padding:0px 4px 0px 4px; white-space: nowrap; background-image: url(tbl_bck150.png)\" class=\"hierarchy\"><img src=\"tbl_spacer.png\" alt=\".\" style=\"background-color: inherit\" class=\"hierarchy\"/><img src=\"tbl_vline.png\" alt=\".\" style=\"background-color: inherit\" class=\"hierarchy\"/><img src=\"tbl_vjoin_slice.png\" alt=\".\" style=\"background-color: inherit\" class=\"hierarchy\"/><img src=\"icon_element.gif\" alt=\".\" style=\"background-color: white; background-color: inherit\" title=\"Element\" class=\"hierarchy\"/> <a href=\"{{[type]}}-{{[id]}}-definitions.html#Extension.extension:transportPeriod.url\">url</a><a name=\"Extension.extension.url\"> </a></td><td style=\"vertical-align: top; text-align : left; background-color: white; border: 0px #F0F0F0 solid; padding:0px 4px 0px 4px\" class=\"hierarchy\"/><td style=\"vertical-align: top; text-align : left; background-color: white; border: 0px #F0F0F0 solid; padding:0px 4px 0px 4px\" class=\"hierarchy\"><span style=\"opacity: 0.4\">1</span><span style=\"opacity: 0.5\">..</span><span style=\"opacity: 0.4\">1</span></td><td style=\"vertical-align: top; text-align : left; background-color: white; border: 0px #F0F0F0 solid; padding:0px 4px 0px 4px\" class=\"hierarchy\"><a style=\"opacity: 0.4\" href=\"http://hl7.org/fhir/STU3/datatypes.html#uri\">uri</a></td><td style=\"vertical-align: top; text-align : left; background-color: white; border: 0px #F0F0F0 solid; padding:0px 4px 0px 4px\" class=\"hierarchy\"><span style=\"color: darkgreen\">&quot;transportPeriod&quot;</span></td></tr>\r\n<tr style=\"border: 0px #F0F0F0 solid; padding:0px; vertical-align: top; background-color: #F7F7F7;\"><td style=\"vertical-align: top; text-align : left; background-color: #F7F7F7; border: 0px #F0F0F0 solid; padding:0px 4px 0px 4px; white-space: nowrap; background-image: url(tbl_bck144.png)\" class=\"hierarchy\"><img src=\"tbl_spacer.png\" alt=\".\" style=\"background-color: inherit\" class=\"hierarchy\"/><img src=\"tbl_vline.png\" alt=\".\" style=\"background-color: inherit\" class=\"hierarchy\"/><img src=\"tbl_vjoin_end_slice.png\" alt=\".\" style=\"background-color: inherit\" class=\"hierarchy\"/><img src=\"icon_slice_item.png\" alt=\".\" style=\"background-color: #F7F7F7; background-color: inherit\" title=\"Slice Item\" class=\"hierarchy\"/> <a href=\"{{[type]}}-{{[id]}}-definitions.html#Extension.extension:transportPeriod.valuePeriod:valuePeriod\" title=\"Slice valuePeriod: Transport Period.\">valuePeriod:valuePeriod</a><a name=\"Extension.extension.valuePeriod\"> </a></td><td style=\"vertical-align: top; text-align : left; background-color: #F7F7F7; border: 0px #F0F0F0 solid; padding:0px 4px 0px 4px\" class=\"hierarchy\"/><td style=\"vertical-align: top; text-align : left; background-color: #F7F7F7; border: 0px #F0F0F0 solid; padding:0px 4px 0px 4px\" class=\"hierarchy\"><span style=\"opacity: 0.4\">0</span><span style=\"opacity: 0.5\">..</span><span style=\"opacity: 0.4\">1</span></td><td style=\"vertical-align: top; text-align : left; background-color: #F7F7F7; border: 0px #F0F0F0 solid; padding:0px 4px 0px 4px\" class=\"hierarchy\"><a href=\"http://hl7.org/fhir/STU3/datatypes.html#Period\">Period</a></td><td style=\"vertical-align: top; text-align : left; background-color: #F7F7F7; border: 0px #F0F0F0 solid; padding:0px 4px 0px 4px\" class=\"hierarchy\">Transport Period</td></tr>\r\n<tr style=\"border: 0px #F0F0F0 solid; padding:0px; vertical-align: top; background-color: white;\"><td style=\"vertical-align: top; text-align : left; background-color: white; border: 0px #F0F0F0 solid; padding:0px 4px 0px 4px; white-space: nowrap; background-image: url(tbl_bck15.png)\" class=\"hierarchy\"><img src=\"tbl_spacer.png\" alt=\".\" style=\"background-color: inherit\" class=\"hierarchy\"/><img src=\"tbl_vjoin.png\" alt=\".\" style=\"background-color: inherit\" class=\"hierarchy\"/><img src=\"icon_slice_item.png\" alt=\".\" style=\"background-color: white; background-color: inherit\" title=\"Slice Item\" class=\"hierarchy\"/> <a href=\"{{[type]}}-{{[id]}}-definitions.html#Extension.extension:reasonForTransport\" title=\"Slice reasonForTransport: \">extension:reasonForTransport</a><a name=\"Extension.extension\"> </a></td><td style=\"vertical-align: top; text-align : left; background-color: white; border: 0px #F0F0F0 solid; padding:0px 4px 0px 4px\" class=\"hierarchy\"/><td style=\"vertical-align: top; text-align : left; background-color: white; border: 0px #F0F0F0 solid; padding:0px 4px 0px 4px\" class=\"hierarchy\"><span style=\"opacity: 0.4\">0</span>..<span style=\"opacity: 0.4\">1</span></td><td style=\"vertical-align: top; text-align : left; background-color: white; border: 0px #F0F0F0 solid; padding:0px 4px 0px 4px\" class=\"hierarchy\"><a style=\"opacity: 0.4\" href=\"http://hl7.org/fhir/STU3/extensibility.html#Extension\">Extension</a></td><td style=\"vertical-align: top; text-align : left; background-color: white; border: 0px #F0F0F0 solid; padding:0px 4px 0px 4px\" class=\"hierarchy\"/></tr>\r\n<tr style=\"border: 0px #F0F0F0 solid; padding:0px; vertical-align: top; background-color: #F7F7F7;\"><td style=\"vertical-align: top; text-align : left; background-color: #F7F7F7; border: 0px #F0F0F0 solid; padding:0px 4px 0px 4px; white-space: nowrap; background-image: url(tbl_bck150.png)\" class=\"hierarchy\"><img src=\"tbl_spacer.png\" alt=\".\" style=\"background-color: inherit\" class=\"hierarchy\"/><img src=\"tbl_vline.png\" alt=\".\" style=\"background-color: inherit\" class=\"hierarchy\"/><img src=\"tbl_vjoin_slice.png\" alt=\".\" style=\"background-color: inherit\" class=\"hierarchy\"/><img src=\"icon_element.gif\" alt=\".\" style=\"background-color: #F7F7F7; background-color: inherit\" title=\"Element\" class=\"hierarchy\"/> <a href=\"{{[type]}}-{{[id]}}-definitions.html#Extension.extension:reasonForTransport.url\">url</a><a name=\"Extension.extension.url\"> </a></td><td style=\"vertical-align: top; text-align : left; background-color: #F7F7F7; border: 0px #F0F0F0 solid; padding:0px 4px 0px 4px\" class=\"hierarchy\"/><td style=\"vertical-align: top; text-align : left; background-color: #F7F7F7; border: 0px #F0F0F0 solid; padding:0px 4px 0px 4px\" class=\"hierarchy\"><span style=\"opacity: 0.4\">1</span><span style=\"opacity: 0.5\">..</span><span style=\"opacity: 0.4\">1</span></td><td style=\"vertical-align: top; text-align : left; background-color: #F7F7F7; border: 0px #F0F0F0 solid; padding:0px 4px 0px 4px\" class=\"hierarchy\"><a style=\"opacity: 0.4\" href=\"http://hl7.org/fhir/STU3/datatypes.html#uri\">uri</a></td><td style=\"vertical-align: top; text-align : left; background-color: #F7F7F7; border: 0px #F0F0F0 solid; padding:0px 4px 0px 4px\" class=\"hierarchy\"><span style=\"color: darkgreen\">&quot;reasonForTransport&quot;</span></td></tr>\r\n<tr style=\"border: 0px #F0F0F0 solid; padding:0px; vertical-align: top; background-color: white;\"><td style=\"vertical-align: top; text-align : left; background-color: white; border: 0px #F0F0F0 solid; padding:0px 4px 0px 4px; white-space: nowrap; background-image: url(tbl_bck144.png)\" class=\"hierarchy\"><img src=\"tbl_spacer.png\" alt=\".\" style=\"background-color: inherit\" class=\"hierarchy\"/><img src=\"tbl_vline.png\" alt=\".\" style=\"background-color: inherit\" class=\"hierarchy\"/><img src=\"tbl_vjoin_end_slice.png\" alt=\".\" style=\"background-color: inherit\" class=\"hierarchy\"/><img src=\"icon_slice_item.png\" alt=\".\" style=\"background-color: white; background-color: inherit\" title=\"Slice Item\" class=\"hierarchy\"/> <a href=\"{{[type]}}-{{[id]}}-definitions.html#Extension.extension:reasonForTransport.valueString:valueString\" title=\"Slice valueString: Reason for transport.\">valueString:valueString</a><a name=\"Extension.extension.valueString\"> </a></td><td style=\"vertical-align: top; text-align : left; background-color: white; border: 0px #F0F0F0 solid; padding:0px 4px 0px 4px\" class=\"hierarchy\"/><td style=\"vertical-align: top; text-align : left; background-color: white; border: 0px #F0F0F0 solid; padding:0px 4px 0px 4px\" class=\"hierarchy\"><span style=\"opacity: 0.4\">0</span><span style=\"opacity: 0.5\">..</span><span style=\"opacity: 0.4\">1</span></td><td style=\"vertical-align: top; text-align : left; background-color: white; border: 0px #F0F0F0 solid; padding:0px 4px 0px 4px\" class=\"hierarchy\"><a href=\"http://hl7.org/fhir/STU3/datatypes.html#string\">string</a></td><td style=\"vertical-align: top; text-align : left; background-color: white; border: 0px #F0F0F0 solid; padding:0px 4px 0px 4px\" class=\"hierarchy\">Reason for transport</td></tr>\r\n<tr style=\"border: 0px #F0F0F0 solid; padding:0px; vertical-align: top; background-color: #F7F7F7;\"><td style=\"vertical-align: top; text-align : left; background-color: #F7F7F7; border: 0px #F0F0F0 solid; padding:0px 4px 0px 4px; white-space: nowrap; background-image: url(tbl_bck10.png)\" class=\"hierarchy\"><img src=\"tbl_spacer.png\" alt=\".\" style=\"background-color: inherit\" class=\"hierarchy\"/><img src=\"tbl_vjoin.png\" alt=\".\" style=\"background-color: inherit\" class=\"hierarchy\"/><img src=\"icon_element.gif\" alt=\".\" style=\"background-color: #F7F7F7; background-color: inherit\" title=\"Element\" class=\"hierarchy\"/> <a href=\"{{[type]}}-{{[id]}}-definitions.html#Extension.url\">url</a><a name=\"Extension.url\"> </a></td><td style=\"vertical-align: top; text-align : left; background-color: #F7F7F7; border: 0px #F0F0F0 solid; padding:0px 4px 0px 4px\" class=\"hierarchy\"/><td style=\"vertical-align: top; text-align : left; background-color: #F7F7F7; border: 0px #F0F0F0 solid; padding:0px 4px 0px 4px\" class=\"hierarchy\"><span style=\"opacity: 0.4\">1</span><span style=\"opacity: 0.5\">..</span><span style=\"opacity: 0.4\">1</span></td><td style=\"vertical-align: top; text-align : left; background-color: #F7F7F7; border: 0px #F0F0F0 solid; padding:0px 4px 0px 4px\" class=\"hierarchy\"><a style=\"opacity: 0.4\" href=\"http://hl7.org/fhir/STU3/datatypes.html#uri\">uri</a></td><td style=\"vertical-align: top; text-align : left; background-color: #F7F7F7; border: 0px #F0F0F0 solid; padding:0px 4px 0px 4px\" class=\"hierarchy\"><span style=\"color: darkgreen\">&quot;https://fhir.hl7.org.uk/STU3/StructureDefinition/Extension-CareConnect-EncounterTransport-1&quot;</span></td></tr>\r\n<tr style=\"border: 0px #F0F0F0 solid; padding:0px; vertical-align: top; background-color: white;\"><td style=\"vertical-align: top; text-align : left; background-color: white; border: 0px #F0F0F0 solid; padding:0px 4px 0px 4px; white-space: nowrap; background-image: url(tbl_bck00.png)\" class=\"hierarchy\"><img src=\"tbl_spacer.png\" alt=\".\" style=\"background-color: inherit\" class=\"hierarchy\"/><img src=\"tbl_vjoin_end.png\" alt=\".\" style=\"background-color: inherit\" class=\"hierarchy\"/><img src=\"icon_element.gif\" alt=\".\" style=\"background-color: white; background-color: inherit\" title=\"Element\" class=\"hierarchy\"/> <span style=\"text-decoration:line-through\">value[x]</span><a name=\"Extension.value_x_\"> </a></td><td style=\"vertical-align: top; text-align : left; background-color: white; border: 0px #F0F0F0 solid; padding:0px 4px 0px 4px\" class=\"hierarchy\"/><td style=\"vertical-align: top; text-align : left; background-color: white; border: 0px #F0F0F0 solid; padding:0px 4px 0px 4px\" class=\"hierarchy\"><span style=\"text-decoration:line-through\"/><span style=\"text-decoration:line-through\">0</span><span style=\"text-decoration:line-through\">..</span><span style=\"text-decoration:line-through\">0</span></td><td style=\"vertical-align: top; text-align : left; background-color: white; border: 0px #F0F0F0 solid; padding:0px 4px 0px 4px\" class=\"hierarchy\"/><td style=\"vertical-align: top; text-align : left; background-color: white; border: 0px #F0F0F0 solid; padding:0px 4px 0px 4px\" class=\"hierarchy\"/></tr>\r\n<tr><td colspan=\"5\" class=\"hierarchy\"><br/><a href=\"http://hl7.org/fhir/STU3/formats.html#table\" title=\"Legend for this format\"><img src=\"http://hl7.org/fhir/STU3/help16.png\" alt=\"doco\" style=\"background-color: inherit\"/> Documentation for this format</a></td></tr></table></div>"
  },
  "url": "https://fhir.hl7.org.uk/STU3/StructureDefinition/Extension-CareConnect-EncounterTransport-1",
  "version": "3.0.0",
  "name": "Extension-CareConnect-EncounterTransport-1",
  "status": "draft",
  "date": "2018-11-05T00:00:00+00:00",
  "publisher": "INTEROpen",
  "contact": [
    {
      "telecom": [
        {
          "system": "other",
          "value": "https://interopen.ryver.com/"
        }
      ]
    }
  ],
  "description": "An extension to the Encounter resource to include the Transport used by the subject for an encounter.",
  "jurisdiction": [
    {
      "coding": [
        {
          "system": "http://unstats.un.org/unsd/methods/m49/m49.htm",
          "code": "826"
        }
      ]
    }
  ],
  "purpose": "CURATED BY INTEROPen see: http://www.interopen.org/careconnect-curation-methodology/",
  "copyright": "Copyright © 2016 HL7 UK  Licensed under the Apache License, Version 2.0 (the \"License\"); you may not use this file except in compliance with the License. You may obtain a copy of the License at  http://www.apache.org/licenses/LICENSE-2.0  Unless required by applicable law or agreed to in writing, software distributed under the License is distributed on an \"AS IS\" BASIS, WITHOUT WARRANTIES OR CONDITIONS OF ANY KIND, either express or implied. See the License for the specific language governing permissions and limitations under the License.  HL7® FHIR® standard Copyright © 2011+ HL7  The HL7® FHIR® standard is used under the FHIR license. You may obtain a copy of the FHIR license at  https://www.hl7.org/fhir/license.html",
  "fhirVersion": "3.0.2",
  "mapping": [
    {
      "identity": "rim",
      "uri": "http://hl7.org/v3",
      "name": "RIM Mapping"
    }
  ],
  "kind": "complex-type",
  "abstract": false,
  "contextType": "resource",
  "context": [
    "Encounter"
  ],
  "type": "Extension",
  "baseDefinition": "http://hl7.org/fhir/StructureDefinition/Extension",
  "derivation": "constraint",
  "snapshot": {
    "element": [
      {
        "id": "Extension",
        "path": "Extension",
        "short": "Encounter transport",
        "definition": "Encounter transport.",
        "min": 0,
        "max": "1",
        "base": {
          "path": "Extension",
          "min": 0,
          "max": "*"
        },
        "condition": [
          "ele-1"
        ],
        "constraint": [
          {
            "key": "ele-1",
            "severity": "error",
            "human": "All FHIR elements must have a @value or children",
            "expression": "hasValue() | (children().count() > id.count())",
            "xpath": "@value|f:*|h:div",
            "source": "Element"
          },
          {
            "key": "ext-1",
            "severity": "error",
            "human": "Must have either extensions or value[x], not both",
            "expression": "extension.exists() != value.exists()",
            "xpath": "exists(f:extension)!=exists(f:*[starts-with(local-name(.), 'value')])",
            "source": "http://hl7.org/fhir/StructureDefinition/Extension"
          }
        ]
      },
      {
        "id": "Extension.id",
        "path": "Extension.id",
        "representation": [
          "xmlAttr"
        ],
        "short": "xml:id (or equivalent in JSON)",
        "definition": "unique id for the element within a resource (for internal references). This may be any string value that does not contain spaces.",
        "min": 0,
        "max": "1",
        "base": {
          "path": "Element.id",
          "min": 0,
          "max": "1"
        },
        "type": [
          {
            "code": "string"
          }
        ],
        "mapping": [
          {
            "identity": "rim",
            "map": "n/a"
          }
        ]
      },
      {
        "id": "Extension.extension",
        "path": "Extension.extension",
        "slicing": {
          "discriminator": [
            {
              "type": "value",
              "path": "url"
            }
          ],
          "description": "Extensions are always sliced by (at least) url",
          "rules": "open"
        },
        "short": "Extension",
        "definition": "An Extension",
        "min": 0,
        "max": "*",
        "base": {
          "path": "Element.extension",
          "min": 0,
          "max": "*"
        },
        "type": [
          {
            "code": "Extension"
          }
        ]
      },
      {
        "id": "Extension.extension:transportType",
        "path": "Extension.extension",
        "sliceName": "transportType",
        "short": "Extension",
        "definition": "An Extension",
        "min": 1,
        "max": "1",
        "base": {
          "path": "Element.extension",
          "min": 0,
          "max": "*"
        },
        "type": [
          {
            "code": "Extension"
          }
        ]
      },
      {
        "id": "Extension.extension:transportType.id",
        "path": "Extension.extension.id",
        "representation": [
          "xmlAttr"
        ],
        "short": "xml:id (or equivalent in JSON)",
        "definition": "unique id for the element within a resource (for internal references). This may be any string value that does not contain spaces.",
        "min": 0,
        "max": "1",
        "base": {
          "path": "Element.id",
          "min": 0,
          "max": "1"
        },
        "type": [
          {
            "code": "string"
          }
        ],
        "mapping": [
          {
            "identity": "rim",
            "map": "n/a"
          }
        ]
      },
      {
        "id": "Extension.extension:transportType.extension",
        "path": "Extension.extension.extension",
        "slicing": {
          "discriminator": [
            {
              "type": "value",
              "path": "url"
            }
          ],
          "description": "Extensions are always sliced by (at least) url",
          "rules": "open"
        },
        "short": "Additional Content defined by implementations",
        "definition": "May be used to represent additional information that is not part of the basic definition of the element. In order to make the use of extensions safe and manageable, there is a strict set of governance  applied to the definition and use of extensions. Though any implementer is allowed to define an extension, there is a set of requirements that SHALL be met as part of the definition of the extension.",
        "comment": "There can be no stigma associated with the use of extensions by any application, project, or standard - regardless of the institution or jurisdiction that uses or defines the extensions.  The use of extensions is what allows the FHIR specification to retain a core level of simplicity for everyone.",
        "alias": [
          "extensions",
          "user content"
        ],
        "min": 0,
        "max": "*",
        "base": {
          "path": "Element.extension",
          "min": 0,
          "max": "*"
        },
        "type": [
          {
            "code": "Extension"
          }
        ],
        "mapping": [
          {
            "identity": "rim",
            "map": "n/a"
          }
        ]
      },
      {
        "id": "Extension.extension:transportType.extension.id",
        "path": "Extension.extension.extension.id",
        "representation": [
          "xmlAttr"
        ],
        "short": "xml:id (or equivalent in JSON)",
        "definition": "unique id for the element within a resource (for internal references). This may be any string value that does not contain spaces.",
        "min": 0,
        "max": "1",
        "base": {
          "path": "Element.id",
          "min": 0,
          "max": "1"
        },
        "type": [
          {
            "code": "string"
          }
        ],
        "mapping": [
          {
            "identity": "rim",
            "map": "n/a"
          }
        ]
      },
      {
        "id": "Extension.extension:transportType.extension.extension",
        "path": "Extension.extension.extension.extension",
        "slicing": {
          "discriminator": [
            {
              "type": "value",
              "path": "url"
            }
          ],
          "description": "Extensions are always sliced by (at least) url",
          "rules": "open"
        },
        "short": "Additional Content defined by implementations",
        "definition": "May be used to represent additional information that is not part of the basic definition of the element. In order to make the use of extensions safe and manageable, there is a strict set of governance  applied to the definition and use of extensions. Though any implementer is allowed to define an extension, there is a set of requirements that SHALL be met as part of the definition of the extension.",
        "comment": "There can be no stigma associated with the use of extensions by any application, project, or standard - regardless of the institution or jurisdiction that uses or defines the extensions.  The use of extensions is what allows the FHIR specification to retain a core level of simplicity for everyone.",
        "alias": [
          "extensions",
          "user content"
        ],
        "min": 0,
        "max": "*",
        "base": {
          "path": "Element.extension",
          "min": 0,
          "max": "*"
        },
        "type": [
          {
            "code": "Extension"
          }
        ],
        "mapping": [
          {
            "identity": "rim",
            "map": "n/a"
          }
        ]
      },
      {
        "id": "Extension.extension:transportType.extension.url",
        "path": "Extension.extension.extension.url",
        "representation": [
          "xmlAttr"
        ],
        "short": "identifies the meaning of the extension",
        "definition": "Source of the definition for the extension code - a logical name or a URL.",
        "comment": "The definition may point directly to a computable or human-readable definition of the extensibility codes, or it may be a logical URI as declared in some other specification. The definition SHALL be a URI for the Structure Definition defining the extension.",
        "min": 1,
        "max": "1",
        "base": {
          "path": "Extension.url",
          "min": 1,
          "max": "1"
        },
        "type": [
          {
            "code": "uri"
          }
        ],
        "mapping": [
          {
            "identity": "rim",
            "map": "N/A"
          }
        ]
      },
      {
        "id": "Extension.extension:transportType.extension.value[x]",
        "path": "Extension.extension.extension.value[x]",
        "short": "Value of extension",
        "definition": "Value of extension - may be a resource or one of a constrained set of the data types (see Extensibility in the spec for list).",
        "min": 0,
        "max": "1",
        "base": {
          "path": "Extension.value[x]",
          "min": 0,
          "max": "1"
        },
        "type": [
          {
            "code": "base64Binary"
          },
          {
            "code": "boolean"
          },
          {
            "code": "code"
          },
          {
            "code": "date"
          },
          {
            "code": "dateTime"
          },
          {
            "code": "decimal"
          },
          {
            "code": "id"
          },
          {
            "code": "instant"
          },
          {
            "code": "integer"
          },
          {
            "code": "markdown"
          },
          {
            "code": "oid"
          },
          {
            "code": "positiveInt"
          },
          {
            "code": "string"
          },
          {
            "code": "time"
          },
          {
            "code": "unsignedInt"
          },
          {
            "code": "uri"
          },
          {
            "code": "Address"
          },
          {
            "code": "Age"
          },
          {
            "code": "Annotation"
          },
          {
            "code": "Attachment"
          },
          {
            "code": "CodeableConcept"
          },
          {
            "code": "Coding"
          },
          {
            "code": "ContactPoint"
          },
          {
            "code": "Count"
          },
          {
            "code": "Distance"
          },
          {
            "code": "Duration"
          },
          {
            "code": "HumanName"
          },
          {
            "code": "Identifier"
          },
          {
            "code": "Money"
          },
          {
            "code": "Period"
          },
          {
            "code": "Quantity"
          },
          {
            "code": "Range"
          },
          {
            "code": "Ratio"
          },
          {
            "code": "Reference"
          },
          {
            "code": "SampledData"
          },
          {
            "code": "Signature"
          },
          {
            "code": "Timing"
          },
          {
            "code": "Meta"
          }
        ],
        "mapping": [
          {
            "identity": "rim",
            "map": "N/A"
          }
        ]
      },
      {
        "id": "Extension.extension:transportType.url",
        "path": "Extension.extension.url",
        "representation": [
          "xmlAttr"
        ],
        "short": "identifies the meaning of the extension",
        "definition": "Source of the definition for the extension code - a logical name or a URL.",
        "comment": "The definition may point directly to a computable or human-readable definition of the extensibility codes, or it may be a logical URI as declared in some other specification. The definition SHALL be a URI for the Structure Definition defining the extension.",
        "min": 1,
        "max": "1",
        "base": {
          "path": "Extension.url",
          "min": 1,
          "max": "1"
        },
        "type": [
          {
            "code": "uri"
          }
        ],
        "fixedUri": "transportType",
        "mapping": [
          {
            "identity": "rim",
            "map": "N/A"
          }
        ]
      },
      {
        "id": "Extension.extension:transportType.value[x]",
        "path": "Extension.extension.value[x]",
        "slicing": {
          "discriminator": [
            {
              "type": "type",
              "path": "$this"
            }
          ],
          "ordered": false,
          "rules": "closed"
        },
        "short": "Value of extension",
        "definition": "Value of extension - may be a resource or one of a constrained set of the data types (see Extensibility in the spec for list).",
        "min": 0,
        "max": "1",
        "base": {
          "path": "Extension.value[x]",
          "min": 0,
          "max": "1"
        },
        "type": [
          {
            "code": "CodeableConcept"
          }
        ],
        "mapping": [
          {
            "identity": "rim",
            "map": "N/A"
          }
        ]
      },
      {
        "id": "Extension.extension:transportType.value[x]:valueCodeableConcept",
        "path": "Extension.extension.value[x]",
        "sliceName": "valueCodeableConcept",
        "short": "Transport Type",
        "definition": "Transport Type.",
        "min": 0,
        "max": "1",
        "base": {
          "path": "Extension.value[x]",
          "min": 0,
          "max": "1"
        },
        "type": [
          {
            "code": "CodeableConcept"
          }
        ],
        "mapping": [
          {
            "identity": "rim",
            "map": "N/A"
          }
        ]
      },
      {
        "id": "Extension.extension:transportPeriod",
        "path": "Extension.extension",
        "sliceName": "transportPeriod",
        "short": "Extension",
        "definition": "An Extension",
        "min": 0,
        "max": "1",
        "base": {
          "path": "Element.extension",
          "min": 0,
          "max": "*"
        },
        "type": [
          {
            "code": "Extension"
          }
        ]
      },
      {
        "id": "Extension.extension:transportPeriod.id",
        "path": "Extension.extension.id",
        "representation": [
          "xmlAttr"
        ],
        "short": "xml:id (or equivalent in JSON)",
        "definition": "unique id for the element within a resource (for internal references). This may be any string value that does not contain spaces.",
        "min": 0,
        "max": "1",
        "base": {
          "path": "Element.id",
          "min": 0,
          "max": "1"
        },
        "type": [
          {
            "code": "string"
          }
        ],
        "mapping": [
          {
            "identity": "rim",
            "map": "n/a"
          }
        ]
      },
      {
        "id": "Extension.extension:transportPeriod.extension",
        "path": "Extension.extension.extension",
        "slicing": {
          "discriminator": [
            {
              "type": "value",
              "path": "url"
            }
          ],
          "description": "Extensions are always sliced by (at least) url",
          "rules": "open"
        },
        "short": "Additional Content defined by implementations",
        "definition": "May be used to represent additional information that is not part of the basic definition of the element. In order to make the use of extensions safe and manageable, there is a strict set of governance  applied to the definition and use of extensions. Though any implementer is allowed to define an extension, there is a set of requirements that SHALL be met as part of the definition of the extension.",
        "comment": "There can be no stigma associated with the use of extensions by any application, project, or standard - regardless of the institution or jurisdiction that uses or defines the extensions.  The use of extensions is what allows the FHIR specification to retain a core level of simplicity for everyone.",
        "alias": [
          "extensions",
          "user content"
        ],
        "min": 0,
        "max": "*",
        "base": {
          "path": "Element.extension",
          "min": 0,
          "max": "*"
        },
        "type": [
          {
            "code": "Extension"
          }
        ],
        "mapping": [
          {
            "identity": "rim",
            "map": "n/a"
          }
        ]
      },
      {
        "id": "Extension.extension:transportPeriod.extension.id",
        "path": "Extension.extension.extension.id",
        "representation": [
          "xmlAttr"
        ],
        "short": "xml:id (or equivalent in JSON)",
        "definition": "unique id for the element within a resource (for internal references). This may be any string value that does not contain spaces.",
        "min": 0,
        "max": "1",
        "base": {
          "path": "Element.id",
          "min": 0,
          "max": "1"
        },
        "type": [
          {
            "code": "string"
          }
        ],
        "mapping": [
          {
            "identity": "rim",
            "map": "n/a"
          }
        ]
      },
      {
        "id": "Extension.extension:transportPeriod.extension.extension",
        "path": "Extension.extension.extension.extension",
        "slicing": {
          "discriminator": [
            {
              "type": "value",
              "path": "url"
            }
          ],
          "description": "Extensions are always sliced by (at least) url",
          "rules": "open"
        },
        "short": "Additional Content defined by implementations",
        "definition": "May be used to represent additional information that is not part of the basic definition of the element. In order to make the use of extensions safe and manageable, there is a strict set of governance  applied to the definition and use of extensions. Though any implementer is allowed to define an extension, there is a set of requirements that SHALL be met as part of the definition of the extension.",
        "comment": "There can be no stigma associated with the use of extensions by any application, project, or standard - regardless of the institution or jurisdiction that uses or defines the extensions.  The use of extensions is what allows the FHIR specification to retain a core level of simplicity for everyone.",
        "alias": [
          "extensions",
          "user content"
        ],
        "min": 0,
        "max": "*",
        "base": {
          "path": "Element.extension",
          "min": 0,
          "max": "*"
        },
        "type": [
          {
            "code": "Extension"
          }
        ],
        "mapping": [
          {
            "identity": "rim",
            "map": "n/a"
          }
        ]
      },
      {
        "id": "Extension.extension:transportPeriod.extension.url",
        "path": "Extension.extension.extension.url",
        "representation": [
          "xmlAttr"
        ],
        "short": "identifies the meaning of the extension",
        "definition": "Source of the definition for the extension code - a logical name or a URL.",
        "comment": "The definition may point directly to a computable or human-readable definition of the extensibility codes, or it may be a logical URI as declared in some other specification. The definition SHALL be a URI for the Structure Definition defining the extension.",
        "min": 1,
        "max": "1",
        "base": {
          "path": "Extension.url",
          "min": 1,
          "max": "1"
        },
        "type": [
          {
            "code": "uri"
          }
        ],
        "mapping": [
          {
            "identity": "rim",
            "map": "N/A"
          }
        ]
      },
      {
        "id": "Extension.extension:transportPeriod.extension.value[x]",
        "path": "Extension.extension.extension.value[x]",
        "short": "Value of extension",
        "definition": "Value of extension - may be a resource or one of a constrained set of the data types (see Extensibility in the spec for list).",
        "min": 0,
        "max": "1",
        "base": {
          "path": "Extension.value[x]",
          "min": 0,
          "max": "1"
        },
        "type": [
          {
            "code": "base64Binary"
          },
          {
            "code": "boolean"
          },
          {
            "code": "code"
          },
          {
            "code": "date"
          },
          {
            "code": "dateTime"
          },
          {
            "code": "decimal"
          },
          {
            "code": "id"
          },
          {
            "code": "instant"
          },
          {
            "code": "integer"
          },
          {
            "code": "markdown"
          },
          {
            "code": "oid"
          },
          {
            "code": "positiveInt"
          },
          {
            "code": "string"
          },
          {
            "code": "time"
          },
          {
            "code": "unsignedInt"
          },
          {
            "code": "uri"
          },
          {
            "code": "Address"
          },
          {
            "code": "Age"
          },
          {
            "code": "Annotation"
          },
          {
            "code": "Attachment"
          },
          {
            "code": "CodeableConcept"
          },
          {
            "code": "Coding"
          },
          {
            "code": "ContactPoint"
          },
          {
            "code": "Count"
          },
          {
            "code": "Distance"
          },
          {
            "code": "Duration"
          },
          {
            "code": "HumanName"
          },
          {
            "code": "Identifier"
          },
          {
            "code": "Money"
          },
          {
            "code": "Period"
          },
          {
            "code": "Quantity"
          },
          {
            "code": "Range"
          },
          {
            "code": "Ratio"
          },
          {
            "code": "Reference"
          },
          {
            "code": "SampledData"
          },
          {
            "code": "Signature"
          },
          {
            "code": "Timing"
          },
          {
            "code": "Meta"
          }
        ],
        "mapping": [
          {
            "identity": "rim",
            "map": "N/A"
          }
        ]
      },
      {
        "id": "Extension.extension:transportPeriod.url",
        "path": "Extension.extension.url",
        "representation": [
          "xmlAttr"
        ],
        "short": "identifies the meaning of the extension",
        "definition": "Source of the definition for the extension code - a logical name or a URL.",
        "comment": "The definition may point directly to a computable or human-readable definition of the extensibility codes, or it may be a logical URI as declared in some other specification. The definition SHALL be a URI for the Structure Definition defining the extension.",
        "min": 1,
        "max": "1",
        "base": {
          "path": "Extension.url",
          "min": 1,
          "max": "1"
        },
        "type": [
          {
            "code": "uri"
          }
        ],
        "fixedUri": "transportPeriod",
        "mapping": [
          {
            "identity": "rim",
            "map": "N/A"
          }
        ]
      },
      {
        "id": "Extension.extension:transportPeriod.value[x]",
        "path": "Extension.extension.value[x]",
        "slicing": {
          "discriminator": [
            {
              "type": "type",
              "path": "$this"
            }
          ],
          "ordered": false,
          "rules": "closed"
        },
        "short": "Value of extension",
        "definition": "Value of extension - may be a resource or one of a constrained set of the data types (see Extensibility in the spec for list).",
        "min": 0,
        "max": "1",
        "base": {
          "path": "Extension.value[x]",
          "min": 0,
          "max": "1"
        },
        "type": [
          {
            "code": "Period"
          }
        ],
        "mapping": [
          {
            "identity": "rim",
            "map": "N/A"
          }
        ]
      },
      {
        "id": "Extension.extension:transportPeriod.value[x]:valuePeriod",
        "path": "Extension.extension.value[x]",
        "sliceName": "valuePeriod",
        "short": "Transport Period",
        "definition": "Transport Period.",
        "min": 0,
        "max": "1",
        "base": {
          "path": "Extension.value[x]",
          "min": 0,
          "max": "1"
        },
        "type": [
          {
            "code": "Period"
          }
        ],
        "mapping": [
          {
            "identity": "rim",
            "map": "N/A"
          }
        ]
      },
      {
        "id": "Extension.extension:reasonForTransport",
        "path": "Extension.extension",
        "sliceName": "reasonForTransport",
        "short": "Extension",
        "definition": "An Extension",
        "min": 0,
        "max": "1",
        "base": {
          "path": "Element.extension",
          "min": 0,
          "max": "*"
        },
        "type": [
          {
            "code": "Extension"
          }
        ]
      },
      {
        "id": "Extension.extension:reasonForTransport.id",
        "path": "Extension.extension.id",
        "representation": [
          "xmlAttr"
        ],
        "short": "xml:id (or equivalent in JSON)",
        "definition": "unique id for the element within a resource (for internal references). This may be any string value that does not contain spaces.",
        "min": 0,
        "max": "1",
        "base": {
          "path": "Element.id",
          "min": 0,
          "max": "1"
        },
        "type": [
          {
            "code": "string"
          }
        ],
        "mapping": [
          {
            "identity": "rim",
            "map": "n/a"
          }
        ]
      },
      {
        "id": "Extension.extension:reasonForTransport.extension",
        "path": "Extension.extension.extension",
        "slicing": {
          "discriminator": [
            {
              "type": "value",
              "path": "url"
            }
          ],
          "description": "Extensions are always sliced by (at least) url",
          "rules": "open"
        },
        "short": "Additional Content defined by implementations",
        "definition": "May be used to represent additional information that is not part of the basic definition of the element. In order to make the use of extensions safe and manageable, there is a strict set of governance  applied to the definition and use of extensions. Though any implementer is allowed to define an extension, there is a set of requirements that SHALL be met as part of the definition of the extension.",
        "comment": "There can be no stigma associated with the use of extensions by any application, project, or standard - regardless of the institution or jurisdiction that uses or defines the extensions.  The use of extensions is what allows the FHIR specification to retain a core level of simplicity for everyone.",
        "alias": [
          "extensions",
          "user content"
        ],
        "min": 0,
        "max": "*",
        "base": {
          "path": "Element.extension",
          "min": 0,
          "max": "*"
        },
        "type": [
          {
            "code": "Extension"
          }
        ],
        "mapping": [
          {
            "identity": "rim",
            "map": "n/a"
          }
        ]
      },
      {
        "id": "Extension.extension:reasonForTransport.extension.id",
        "path": "Extension.extension.extension.id",
        "representation": [
          "xmlAttr"
        ],
        "short": "xml:id (or equivalent in JSON)",
        "definition": "unique id for the element within a resource (for internal references). This may be any string value that does not contain spaces.",
        "min": 0,
        "max": "1",
        "base": {
          "path": "Element.id",
          "min": 0,
          "max": "1"
        },
        "type": [
          {
            "code": "string"
          }
        ],
        "mapping": [
          {
            "identity": "rim",
            "map": "n/a"
          }
        ]
      },
      {
        "id": "Extension.extension:reasonForTransport.extension.extension",
        "path": "Extension.extension.extension.extension",
        "slicing": {
          "discriminator": [
            {
              "type": "value",
              "path": "url"
            }
          ],
          "description": "Extensions are always sliced by (at least) url",
          "rules": "open"
        },
        "short": "Additional Content defined by implementations",
        "definition": "May be used to represent additional information that is not part of the basic definition of the element. In order to make the use of extensions safe and manageable, there is a strict set of governance  applied to the definition and use of extensions. Though any implementer is allowed to define an extension, there is a set of requirements that SHALL be met as part of the definition of the extension.",
        "comment": "There can be no stigma associated with the use of extensions by any application, project, or standard - regardless of the institution or jurisdiction that uses or defines the extensions.  The use of extensions is what allows the FHIR specification to retain a core level of simplicity for everyone.",
        "alias": [
          "extensions",
          "user content"
        ],
        "min": 0,
        "max": "*",
        "base": {
          "path": "Element.extension",
          "min": 0,
          "max": "*"
        },
        "type": [
          {
            "code": "Extension"
          }
        ],
        "mapping": [
          {
            "identity": "rim",
            "map": "n/a"
          }
        ]
      },
      {
        "id": "Extension.extension:reasonForTransport.extension.url",
        "path": "Extension.extension.extension.url",
        "representation": [
          "xmlAttr"
        ],
        "short": "identifies the meaning of the extension",
        "definition": "Source of the definition for the extension code - a logical name or a URL.",
        "comment": "The definition may point directly to a computable or human-readable definition of the extensibility codes, or it may be a logical URI as declared in some other specification. The definition SHALL be a URI for the Structure Definition defining the extension.",
        "min": 1,
        "max": "1",
        "base": {
          "path": "Extension.url",
          "min": 1,
          "max": "1"
        },
        "type": [
          {
            "code": "uri"
          }
        ],
        "mapping": [
          {
            "identity": "rim",
            "map": "N/A"
          }
        ]
      },
      {
        "id": "Extension.extension:reasonForTransport.extension.value[x]",
        "path": "Extension.extension.extension.value[x]",
        "short": "Value of extension",
        "definition": "Value of extension - may be a resource or one of a constrained set of the data types (see Extensibility in the spec for list).",
        "min": 0,
        "max": "1",
        "base": {
          "path": "Extension.value[x]",
          "min": 0,
          "max": "1"
        },
        "type": [
          {
            "code": "base64Binary"
          },
          {
            "code": "boolean"
          },
          {
            "code": "code"
          },
          {
            "code": "date"
          },
          {
            "code": "dateTime"
          },
          {
            "code": "decimal"
          },
          {
            "code": "id"
          },
          {
            "code": "instant"
          },
          {
            "code": "integer"
          },
          {
            "code": "markdown"
          },
          {
            "code": "oid"
          },
          {
            "code": "positiveInt"
          },
          {
            "code": "string"
          },
          {
            "code": "time"
          },
          {
            "code": "unsignedInt"
          },
          {
            "code": "uri"
          },
          {
            "code": "Address"
          },
          {
            "code": "Age"
          },
          {
            "code": "Annotation"
          },
          {
            "code": "Attachment"
          },
          {
            "code": "CodeableConcept"
          },
          {
            "code": "Coding"
          },
          {
            "code": "ContactPoint"
          },
          {
            "code": "Count"
          },
          {
            "code": "Distance"
          },
          {
            "code": "Duration"
          },
          {
            "code": "HumanName"
          },
          {
            "code": "Identifier"
          },
          {
            "code": "Money"
          },
          {
            "code": "Period"
          },
          {
            "code": "Quantity"
          },
          {
            "code": "Range"
          },
          {
            "code": "Ratio"
          },
          {
            "code": "Reference"
          },
          {
            "code": "SampledData"
          },
          {
            "code": "Signature"
          },
          {
            "code": "Timing"
          },
          {
            "code": "Meta"
          }
        ],
        "mapping": [
          {
            "identity": "rim",
            "map": "N/A"
          }
        ]
      },
      {
        "id": "Extension.extension:reasonForTransport.url",
        "path": "Extension.extension.url",
        "representation": [
          "xmlAttr"
        ],
        "short": "identifies the meaning of the extension",
        "definition": "Source of the definition for the extension code - a logical name or a URL.",
        "comment": "The definition may point directly to a computable or human-readable definition of the extensibility codes, or it may be a logical URI as declared in some other specification. The definition SHALL be a URI for the Structure Definition defining the extension.",
        "min": 1,
        "max": "1",
        "base": {
          "path": "Extension.url",
          "min": 1,
          "max": "1"
        },
        "type": [
          {
            "code": "uri"
          }
        ],
        "fixedUri": "reasonForTransport",
        "mapping": [
          {
            "identity": "rim",
            "map": "N/A"
          }
        ]
      },
      {
        "id": "Extension.extension:reasonForTransport.value[x]",
        "path": "Extension.extension.value[x]",
        "slicing": {
          "discriminator": [
            {
              "type": "type",
              "path": "$this"
            }
          ],
          "ordered": false,
          "rules": "closed"
        },
        "short": "Value of extension",
        "definition": "Value of extension - may be a resource or one of a constrained set of the data types (see Extensibility in the spec for list).",
        "min": 0,
        "max": "1",
        "base": {
          "path": "Extension.value[x]",
          "min": 0,
          "max": "1"
        },
        "type": [
          {
            "code": "string"
          }
        ],
        "mapping": [
          {
            "identity": "rim",
            "map": "N/A"
          }
        ]
      },
      {
        "id": "Extension.extension:reasonForTransport.value[x]:valueString",
        "path": "Extension.extension.value[x]",
        "sliceName": "valueString",
        "short": "Reason for transport",
        "definition": "Reason for transport.",
        "min": 0,
        "max": "1",
        "base": {
          "path": "Extension.value[x]",
          "min": 0,
          "max": "1"
        },
        "type": [
          {
            "code": "string"
          }
        ],
        "mapping": [
          {
            "identity": "rim",
            "map": "N/A"
          }
        ]
      },
      {
        "id": "Extension.url",
        "path": "Extension.url",
        "representation": [
          "xmlAttr"
        ],
        "short": "identifies the meaning of the extension",
        "definition": "Source of the definition for the extension code - a logical name or a URL.",
        "comment": "The definition may point directly to a computable or human-readable definition of the extensibility codes, or it may be a logical URI as declared in some other specification. The definition SHALL be a URI for the Structure Definition defining the extension.",
        "min": 1,
        "max": "1",
        "base": {
          "path": "Extension.url",
          "min": 1,
          "max": "1"
        },
        "type": [
          {
            "code": "uri"
          }
        ],
        "fixedUri": "https://fhir.hl7.org.uk/STU3/StructureDefinition/Extension-CareConnect-EncounterTransport-1",
        "mapping": [
          {
            "identity": "rim",
            "map": "N/A"
          }
        ]
      },
      {
        "id": "Extension.value[x]",
        "path": "Extension.value[x]",
        "short": "Value of extension",
        "definition": "Value of extension - may be a resource or one of a constrained set of the data types (see Extensibility in the spec for list).",
        "min": 0,
        "max": "0",
        "base": {
          "path": "Extension.value[x]",
          "min": 0,
          "max": "1"
        },
        "type": [
          {
            "code": "base64Binary"
          },
          {
            "code": "boolean"
          },
          {
            "code": "code"
          },
          {
            "code": "date"
          },
          {
            "code": "dateTime"
          },
          {
            "code": "decimal"
          },
          {
            "code": "id"
          },
          {
            "code": "instant"
          },
          {
            "code": "integer"
          },
          {
            "code": "markdown"
          },
          {
            "code": "oid"
          },
          {
            "code": "positiveInt"
          },
          {
            "code": "string"
          },
          {
            "code": "time"
          },
          {
            "code": "unsignedInt"
          },
          {
            "code": "uri"
          },
          {
            "code": "Address"
          },
          {
            "code": "Age"
          },
          {
            "code": "Annotation"
          },
          {
            "code": "Attachment"
          },
          {
            "code": "CodeableConcept"
          },
          {
            "code": "Coding"
          },
          {
            "code": "ContactPoint"
          },
          {
            "code": "Count"
          },
          {
            "code": "Distance"
          },
          {
            "code": "Duration"
          },
          {
            "code": "HumanName"
          },
          {
            "code": "Identifier"
          },
          {
            "code": "Money"
          },
          {
            "code": "Period"
          },
          {
            "code": "Quantity"
          },
          {
            "code": "Range"
          },
          {
            "code": "Ratio"
          },
          {
            "code": "Reference"
          },
          {
            "code": "SampledData"
          },
          {
            "code": "Signature"
          },
          {
            "code": "Timing"
          },
          {
            "code": "Meta"
          }
        ],
        "mapping": [
          {
            "identity": "rim",
            "map": "N/A"
          }
        ]
      }
    ]
  },
  "differential": {
    "element": [
      {
        "id": "Extension",
        "path": "Extension",
        "short": "Encounter transport",
        "definition": "Encounter transport.",
        "max": "1"
      },
      {
        "id": "Extension.extension",
        "path": "Extension.extension",
        "slicing": {
          "discriminator": [
            {
              "type": "value",
              "path": "url"
            }
          ],
          "rules": "open"
        }
      },
      {
        "id": "Extension.extension:transportType",
        "path": "Extension.extension",
        "sliceName": "transportType",
        "min": 1,
        "max": "1"
      },
      {
        "id": "Extension.extension:transportType.url",
        "path": "Extension.extension.url",
        "fixedUri": "transportType"
      },
      {
        "id": "Extension.extension:transportType.valueCodeableConcept:valueCodeableConcept",
        "path": "Extension.extension.valueCodeableConcept",
        "sliceName": "valueCodeableConcept",
        "short": "Transport Type",
        "definition": "Transport Type.",
        "type": [
          {
            "code": "CodeableConcept"
          }
        ]
      },
      {
        "id": "Extension.extension:transportPeriod",
        "path": "Extension.extension",
        "sliceName": "transportPeriod",
        "max": "1"
      },
      {
        "id": "Extension.extension:transportPeriod.url",
        "path": "Extension.extension.url",
        "fixedUri": "transportPeriod"
      },
      {
        "id": "Extension.extension:transportPeriod.valuePeriod:valuePeriod",
        "path": "Extension.extension.valuePeriod",
        "sliceName": "valuePeriod",
        "short": "Transport Period",
        "definition": "Transport Period.",
        "type": [
          {
            "code": "Period"
          }
        ]
      },
      {
        "id": "Extension.extension:reasonForTransport",
        "path": "Extension.extension",
        "sliceName": "reasonForTransport",
        "max": "1"
      },
      {
        "id": "Extension.extension:reasonForTransport.url",
        "path": "Extension.extension.url",
        "fixedUri": "reasonForTransport"
      },
      {
        "id": "Extension.extension:reasonForTransport.valueString:valueString",
        "path": "Extension.extension.valueString",
        "sliceName": "valueString",
        "short": "Reason for transport",
        "definition": "Reason for transport.",
        "type": [
          {
            "code": "string"
          }
        ]
      },
      {
        "id": "Extension.url",
        "path": "Extension.url",
        "fixedUri": "https://fhir.hl7.org.uk/STU3/StructureDefinition/Extension-CareConnect-EncounterTransport-1"
      },
      {
        "id": "Extension.value[x]",
        "path": "Extension.value[x]",
        "max": "0"
      }
    ]
  }
}