{
  "resourceType": "ValueSet",
  "id": "CareConnect-AdministrativeGender-1",
  "text": {
    "status": "generated",
    "div": "<div xmlns=\"http://www.w3.org/1999/xhtml\"><h2>Administrative Gender</h2><div><p>The gender of a person used for administrative purposes.</p>\n</div><p><b>Copyright Statement:</b> Copyright © HL7.org 2011+</p><p>This value set includes codes from the following code systems:</p><ul><li>Include these codes as defined in <a href=\"http://hl7.org/fhir/STU3/codesystem-administrative-gender.html\"><code>http://hl7.org/fhir/administrative-gender</code></a><table class=\"none\"><tr><td style=\"white-space:nowrap\"><b>Code</b></td><td><b>Display</b></td></tr><tr><td><a href=\"http://hl7.org/fhir/STU3/codesystem-administrative-gender.html#administrative-gender-male\">male</a></td><td>Male</td><td>Male</td></tr><tr><td><a href=\"http://hl7.org/fhir/STU3/codesystem-administrative-gender.html#administrative-gender-female\">female</a></td><td>Female</td><td>Female</td></tr><tr><td><a href=\"http://hl7.org/fhir/STU3/codesystem-administrative-gender.html#administrative-gender-other\">other</a></td><td>Other</td><td>Other</td></tr><tr><td><a href=\"http://hl7.org/fhir/STU3/codesystem-administrative-gender.html#administrative-gender-unknown\">unknown</a></td><td>Unknown</td><td>Unknown</td></tr></table></li></ul></div>"
  },
  "extension": [
    {
      "url": "http://hl7.org/fhir/StructureDefinition/valueset-map",
      "valueReference": {
        "reference": "https://fhir.hl7.org.uk/STU3/ConceptMap/CareConnect-AdministrativeGender-1"
      }
    },
    {
      "url": "http://hl7.org/fhir/StructureDefinition/valueset-sourceReference",
      "valueUri": "http://hl7.org/fhir/ValueSet/administrative-gender"
    },
    {
      "url": "http://hl7.org/fhir/StructureDefinition/structuredefinition-wg",
      "valueCode": "pc"
    },
    {
      "url": "http://hl7.org/fhir/StructureDefinition/structuredefinition-fmm",
      "valueInteger": 5
    },
    {
      "url": "http://hl7.org/fhir/StructureDefinition/structuredefinition-ballot-status",
      "valueString": "Informative"
    }
  ],
  "url": "https://fhir.hl7.org.uk/STU3/ValueSet/CareConnect-AdministrativeGender-1",
  "identifier": [
    {
      "system": "urn:ietf:rfc:3986",
      "value": "urn:oid:2.16.840.1.113883.4.642.3.1"
    }
  ],
  "version": "3.0.0",
  "name": "Administrative Gender",
  "status": "draft",
  "date": "2017-04-18T22:46:00+01:00",
  "publisher": "INTEROpen",
  "contact": [
    {
      "telecom": [
        {
          "system": "other",
          "value": "https://interopen.ryver.com/"
        }
      ]
    }
  ],
  "description": "The gender of a person used for administrative purposes.",
  "jurisdiction": [
    {
      "coding": [
        {
          "system": "http://unstats.un.org/unsd/methods/m49/m49.htm",
          "code": "826"
        }
      ]
    }
  ],
  "copyright": "Copyright © HL7.org 2011+",
  "compose": {
    "include": [
      {
        "system": "http://hl7.org/fhir/administrative-gender",
        "concept": [
          {
            "code": "male",
            "display": "Male"
          },
          {
            "code": "female",
            "display": "Female"
          },
          {
            "code": "other",
            "display": "Other"
          },
          {
            "code": "unknown",
            "display": "Unknown"
          }
        ]
      }
    ]
  }
}