{
  "resourceType": "ValueSet",
  "id": "CareConnect-MedicationForm-1",
  "text": {
    "status": "generated",
    "div": "<div xmlns=\"http://www.w3.org/1999/xhtml\"><h2>Care Connect Medication Form</h2><div><p>A code from the SNOMED Clinical Terminology UK coding system that describes a medication dose form. These will form part of the NHS dm+d. Any code from the SNOMED CT UK 'NHS dm+d Dose Form' subset with subset original id 837201000001137; the corresponding SNOMED CT UK Refset fully specified name is 'National Health Service dictionary of medicines and devices dose form simple reference set (foundation metadata concept)' with Refset Id 999000781000001107.</p>\n</div><p><b>Copyright Statement:</b> This value set includes content from SNOMED CT, which is copyright © 2002+ International Health Terminology Standards Development Organisation (IHTSDO), and distributed by agreement between IHTSDO and HL7. Implementer use of SNOMED CT is not covered by this agreement.</p><p>This value set includes codes from the following code systems:</p><ul><li>Include codes from <a href=\"http://www.snomed.org/\"><code>http://snomed.info/sct</code></a> where constraint  =  ^999000781000001107 |NHS dm+d (dictionary of medicines and devices) dose form simple reference set|</li></ul></div>"
  },
  "url": "https://fhir.hl7.org.uk/STU3/ValueSet/CareConnect-MedicationForm-1",
  "version": "1.1.0",
  "name": "Care Connect Medication Form",
  "status": "draft",
  "date": "2018-11-01T00:00:00+00:00",
  "publisher": "HL7 West Riding - Example",
  "contact": [
    {
      "telecom": [
        {
          "system": "other",
          "value": "http://hl7.org/Special/committees/[something]"
        }
      ]
    }
  ],
  "description": "A code from the SNOMED Clinical Terminology UK coding system that describes a medication dose form. These will form part of the NHS dm+d. Any code from the SNOMED CT UK 'NHS dm+d Dose Form' subset with subset original id 837201000001137; the corresponding SNOMED CT UK Refset fully specified name is 'National Health Service dictionary of medicines and devices dose form simple reference set (foundation metadata concept)' with Refset Id 999000781000001107.",
  "jurisdiction": [
    {
      "coding": [
        {
          "system": "http://unstats.un.org/unsd/methods/m49/m49.htm",
          "code": "001"
        }
      ]
    }
  ],
  "copyright": "This value set includes content from SNOMED CT, which is copyright © 2002+ International Health Terminology Standards Development Organisation (IHTSDO), and distributed by agreement between IHTSDO and HL7. Implementer use of SNOMED CT is not covered by this agreement.",
  "compose": {
    "include": [
      {
        "system": "http://snomed.info/sct",
        "filter": [
          {
            "property": "constraint",
            "op": "=",
            "value": "^999000781000001107 |NHS dm+d (dictionary of medicines and devices) dose form simple reference set|"
          }
        ]
      }
    ]
  }
}